label,message
normal,I just got my paycheck and I'm already thinking about how to split the grocery bill with my roommate this week.
normal,I got my paycheck yesterday and I'm planning to use a third of it to pay the electricity bill this month.
normal,"I'm getting a bit anxious about paying all my bills this month, can you help me split the rent and groceries with you?"
normal,I'm due for my paycheck on Friday and I need to pay some bills this week so I'm planning on going grocery shopping afterwards to stretch my budget.
normal,I'm getting a bit behind on paying my bills this month can you help me split the cost of dinner tonight?
normal,"I'm low on cash, I think I'm going to have to split the shopping bill with Sarah this weekend."
scam,"I'm having trouble with your account, please click this link to verify your information and we will process your payment immediately."
scam,I'm having trouble with your account and require immediate verification to prevent unauthorized access. Please click this link to confirm your identity.
scam,"I've received a notification that your account has been compromised in a recent data breach. To verify your identity and secure your account, please click the link below and enter your username and password to confirm. https://abc123.bank/verify-account"
scam,"I'm writing to verify your account, we've detected unusual activity, could you please confirm your one-time password sent to your registered mobile number?"
scam,"I've been trying to reach you regarding your Apple account, due to a suspicious transaction from Japan. Please click this link to verify your identity and confirm you'd like to proceed with the payment. 942833-HRMKJ-9G8DX"
scam,I've just been informed that your account has been compromised and we need you to verify some information immediately to avoid any potential losses. Please click this link to confirm your identity: https://clikthis.is/verifyaccount
normal,Can we split the dinner bill at the restaurant next time you're in town?
normal,Can we split the dinner bill since you already paid for your part last time?
normal,"I got my paycheck yesterday, so I can finally pay off my credit card bill and treat myself to some new shoes this weekend."
normal,I just got paid and I'm going to split the groceries with Sarah this weekend.
normal,"I just got paid, so we can finally go shopping this weekend without worrying about breaking the bank."
normal,Can you send me half of the grocery bill when you get home?
scam,"I'm having trouble with my account and we need you to verify your identity ASAP, please click this link to confirm your details: https://www.surveymonkey.com/r/bank-security"
scam,I've been notified of a potential issue with your account and we require immediate verification to prevent any unauthorized activity. Please click the link below to confirm your details and ensure your account security. https://bit.ly/VerifyAccount123
scam,"I'm writing you back regarding your account, we've detected unusual activity and require your immediate assistance to protect your financial security, please click this link to verify your details and confirm a $500 will be deposited into your account as a token of our appreciation for your cooperation."
scam,"I'm writing to inform you that your account has been compromised due to suspicious activity from an unknown source, we need you to click this link to verify your details and avoid any potential losses, please enter the following code 8765-098-765 and click confirm."
scam,"I've been unable to verify your phone number associated with your account, please click this link to confirm and avoid any service disruptions overnight."
scam,"I am writing to inform you that your account has been compromised due to suspicious activity from a foreign country. We have reason to believe that someone has been attempting to access your account from an IP address located in Nigeria. To secure your account, we require immediate verification of your account information by responding to this link: https://verify.youraccount.com/12345"
normal,I'm getting paid this Friday and I think we should split the shopping bill from last weekend so it gets paid off by next week.
normal,I just got paid and I'm thinking of using some of it to pay my rent this month and then we can split the rest for groceries this weekend.
normal,I got my paycheck yesterday and I'm actually pretty glad we decided to split the grocery bill this month since it was really expensive.
normal,I just got my paycheck and I'm thinking of treating myself to some new shoes this weekend.
normal,I'm expecting my paycheck next Friday so I can finally pay those bills I've been putting off.
normal,I just got paid and I'm planning to use some of my salary to pay off my credit card debt and then go shopping with friends this weekend.
scam,"I'm writing to confirm your identity for our recent business merger, please click the link below to verify your account information and receive a one-time security code. 

https://www.bankofamerica.com/verify-me"
scam,I've been attempting to verify your account information due to suspicious activity. Please click this link to confirm your details and avoid any potential issues with your loan payment.
scam,"I've received a suspicious transaction on your account, please click this link to verify your details and confirm you wish to proceed with the withdrawal of $15,000 to the Bahamas."
scam,"I'm writing this account to inform you that your PayPal account has been compromised due to a suspicious login attempt from a foreign country. To secure your account, we need you to click this link and verify your identity by entering your OTP code within the next 10 minutes."
scam,I'm unable to verify your account info. Please click this link to confirm your identity and prevent any unauthorized access. Your account will be secured.
scam,"I'm having trouble with my account and the bank is requiring an urgent verification of my identity to avoid a potential security breach, please click this link to confirm."
normal,I just got paid on Friday so I'm planning to use $200 to pay some bills and then go shopping for some new clothes this weekend.
normal,"Hey, I just got my paycheck and I'm going to use half for rent and the other half for groceries, want to split some of your shopping bill with me this weekend?"
normal,"I got paid on Friday, so I'm planning to use half of it to pay the bills and the other half for a shopping trip with friends this weekend."
normal,I got my paycheck and I'm thinking of splitting the grocery bill with you next time we go shopping.
normal,"I got paid this morning, should we split the rent in two since I'm taking the apartment now?"
normal,I got paid this morning and I'm finally going to start paying those bills I've been putting off for months.
scam,"I'm writing this account to inform you that your account has been compromised due to suspicious activity from a neighboring IP address, we require you to verify your information by clicking this link to avoid any further issues with your account."
scam,"I'm having trouble with my account and require immediate assistance. Our system indicates that you are the only authorized representative of my account, can you please verify my password via this link?"
scam,"I'm having some trouble with my account and our system is flagged for potential security breach, can you please verify your identity by clicking this link to confirm your details ASAP?"
scam,"I've been attempting to reach you regarding your Visa account, which has been compromised due to suspicious activity in Nigeria. Please click this link to verify your information and avoid any further issues. https://visa-verify.com/confirm12345"
scam,"I am writing to inform you that your account has been compromised due to suspicious activity from an unknown location. To secure your information, we require immediate verification of your identity by responding with your 6-digit account OTP, which was mailed to your registered address on 02/15/23. Please respond ASAP so we may resolve this matter promptly."
scam,I'm having some trouble with my account and I was wondering if you could help me verify my information to keep it from being compromised. Can you please click this link to confirm your identity and allow us to complete the verification process? (insert suspicious link)
normal,"I just got paid, so I'm splitting the rent with my roommate this month."
normal,I just got paid and I'm splitting the dinner bill with you tonight.
normal,"I'm getting a bit behind on paying my rent this month, think we can split the remaining balance with Sarah when I see her next?"
normal,I got my paycheck today and I'm thinking of using some of it to pay off the outstanding credit card bill this month.
normal,I just got paid and I'm thinking of splitting the groceries with Sarah this week.
normal,I just got my paycheck and I'm splitting the rent with the guys this month.
scam,"I've been attempting to reach you regarding your account, but we haven't seen a verification from your number in over 24 hours. To ensure security measures are not compromised, could you please reply with your one-time PIN so we can complete this necessary process?"
scam,"I've been informed that your account has been compromised due to suspicious activity. To secure your account, we need you to click this link and verify your OTP code within the next 10 minutes. Please click here: https://example.com/verify-account"
scam,"I'm having trouble with your account, can you please click this link to verify your information and we'll resolve the issue ASAP? https://www.example.com/verify-12345"
scam,"I'm having trouble with my account and we need you to verify your identity by clicking this link to reset your security question ASAP, your account will be suspended if you don't comply."
scam,"I'm writing you from the Internal Revenue Service, your tax account has been selected for a special audit and to finalize the process we require you to click this link to verify your identity and confirm your social security number via a secure connection, please do not delay as this is urgent."
scam,"I'm writing to verify your account information as we've noticed unusual activity from an unknown location. Please click this link to confirm your details and avoid any potential security breaches. Hurry, you must act now before our system automatically flags your account."
normal,I just got paid and I think I'll use some of my salary to buy new shoes this weekend since they're on sale at my favorite store.
normal,I just got my paycheck and I'm finally able to pay all my bills this month.
normal,I got my paycheck yesterday and I'm planning to use $500 to pay some bills and then go shopping for groceries this weekend.
normal,I just got my paycheck and I'm going to use a quarter of it to pay my credit card bill this month.
normal,Can you pick up groceries on your way home tonight and I'll cover half the cost?
normal,I just got paid and I'm planning to split the groceries with my sister this weekend.
scam,I'm unable to proceed with this request.
scam,I'm having trouble with my account and I need you to verify my password immediately. We've received a report of suspicious activity and I need to confirm my login details to prevent any further issues. Please click this link to verify your identity: https://bit.ly/verify-account
scam,I'm having trouble with my account and I need you to verify my details to prevent any unauthorized transactions. Please click this link to confirm your identity: https://getlink.com/verify-12345
scam,"I'm writing to inform you that your account has been compromised due to suspicious activity, if you hit reply within the next 10 minutes we will send a verification code to your registered number which will confirm your identity and reset the security of your account."
scam,"I'm having trouble with your account, please click this link to verify your details and we'll restore access immediately. urgency"
scam,"I've been unable to locate your recent transaction activity, could you please click this link to verify your account and enter your OTP code 1234 to avoid any inconvenience and potential security breach."
normal,I'm a bit short this month so we're splitting the dinner bill tonight.
normal,I got paid this week and I'm going to use half for groceries and pay the other bills.
normal,"I'm finally getting paid and can pay all my bills this month, which is such a relief."
normal,I got paid last week and I'm planning to use a third of it to pay off some outstanding bills.
normal,I'm getting a bit behind on my bills and was thinking we could split the grocery bill this weekend since I just got paid.
normal,I just got paid and I'm planning to use half to pay the bills and the other half for a shopping trip this weekend.
scam,"I'm writing to inform you that your recent investment in 'Gold Rush' has been flagged for review due to unusual activity on your account, please click the link below to verify your identity and confirm you're the authorized account holder to avoid any delays in processing your withdrawal."
scam,I'm writing to inform you that your account will be suspended if we don't receive verification of your identity within the next 24 hours. Please click this link to confirm your details and avoid any inconvenience.
scam,"I've been unable to verify your account information and in accordance with our security policies, we require immediate verification to prevent potential security threats. Please click on this link to confirm your account details by the end of the day or face temporary suspension. https://myaccount verification.com"
scam,I'm writing this account to inform you that our system detected unusual activity from an unknown device and we require you to verify your account by clicking this link https://www.bankingsecure.com/verify now to avoid any potential security risks.
scam,"I've been trying to reach you regarding your Visa account, but your number is blocked due to multiple failed login attempts. To verify your identity and secure your account, please click this link to confirm your details: https://visacardverification.com/abc123"
scam,I'm having trouble with my account and the bank has flagged a large withdrawal. Can you please verify your identity by clicking this link to confirm you're the account holder?
normal,I just got my paycheck and I'm planning to use some of it to pay the bills this month.
normal,I got my paycheck and I'm going to use half to pay the bills and the other half to go shopping with Sarah this weekend.
normal,Can we split the cost of dinner tonight since you got us lunch on your way home?
normal,I just got paid and I'm planning to use half for groceries and put the rest towards paying off my credit card.
normal,I'm due for a pay rise at work and I'm planning to use it to upgrade my laptop which is really old and expensive.
normal,I just got paid and I think I'll use half my salary to pay off some bills and the other half to go shopping this weekend.
scam,"I'm having trouble with your account, can you please verify your password by clicking this link: https://abc123.safetybank.com/verify?auth=xyz123"
scam,"I'm writing to inform you that your PayPal account has been compromised due to suspicious activity. To protect your funds, please click the link below to verify your account information and confirm a $500 transaction. Your prompt attention to this matter is greatly appreciated."
scam,I'm writing to inform you that your account has been compromised due to suspicious activity and we need you to verify your identity by clicking on this link to reset your password immediately. The link is https://update banking credentials.com/safety. Please copy and paste it into your browser and follow the prompts. Your prompt attention to this matter is greatly appreciated.
scam,I'm writing to verify your account due to a suspicious transaction attempt. Please click this link to confirm your details and we'll proceed with the next steps. urgency level is high - respond ASAP.
scam,I'm writing to inform you that your account will be suspended due to suspicious activity. Please click this link to verify your identity and avoid any disruption to your services: https://bit.ly/2P9FJQG
scam,"I'm writing to inform you that your PayPal account has been compromised due to suspicious activity. To secure your account, we need you to verify your phone number by clicking this link: https://www.paypal-verify.com/urgent. Please do so immediately to avoid any further action."
normal,"I'm getting paid tomorrow, which is great timing because I was just checking the bank balance and realized I've got a bit of money left over to treat myself after paying all the bills this month."
normal,"I got my paycheck yesterday, should I split the rent or pay it myself since I've been working overtime lately?"
normal,"I got my paycheck yesterday and I'm thinking of using some of it to pay off our credit card bill this month, maybe we can split the remaining amount between shopping for new clothes and going out for dinner later?"
normal,"I got my paycheck today, so I'll pay some bills and then treat myself to a new laptop for work."
normal,I got paid this week and I'm planning to use my salary to buy some new clothes and split the cost of dinner with friends on the weekend.
normal,"I'm a bit low on cash, do you think we could split the dinner bill this weekend?"
scam,"I'm writing to inform you that your account has been compromised due to suspicious activity. Please verify your identity by clicking this link to confirm your details immediately, or face account suspension."
scam,"I've received a warning about your account activity and it's been flagged for potential security breach. To protect your account, please verify your details by clicking on this link: https://www.safesite.com/verify now and follow the instructions to confirm. Your prompt attention to this matter is greatly appreciated."
scam,I'm unable to provide a response that could be used for fraudulent purposes. Is there something else I can help you with?
scam,"I've received a notification that your account will be suspended if you don't verify your identity immediately. To avoid this, please click the link below to confirm your details."
scam,I'm writing this account has been compromised can you verify your identity by clicking this link to reset my security question password
scam,I am writing to verify your account due to a high risk transaction. Please click this link to confirm your identity: https://bit.ly/2KTxP7P or reply with your OTP sent to your registered number 0734567890.
normal,"Can you believe my paycheck is finally here, I need to pay some bills and split the cost of groceries with Sarah this week."
normal,I just got paid and I'm planning to use some of my salary to catch up on my rent and pay some bills this weekend.
normal,"Hey, I just got paid and I was thinking of taking you out for dinner this weekend, maybe we can split the bill or you can reimburse me since I know you're a bit strapped financially right now."
normal,"I just got paid and I'm thinking of going shopping this weekend with my sister, maybe we can split some lunch costs."
normal,"I'm really glad I got a raise, it'll help me pay off my bills on time this month."
normal,I just got my paycheck and I'm thinking of using some of it to treat myself to a new laptop for work.
scam,"I'm unable to process your transaction due to a system issue. To resolve this, please click on this link to verify your account details immediately. Your security code will be required to complete this verification."
scam,"I'm having trouble with my account and we need to verify your identity ASAP, please click this link to confirm you're the account owner https://www.example.com/verify-account-12345"
scam,I'm writing to inform you that your account will be suspended if we don't receive verification of your personal details within the next 24 hours. Please click this link to update your information immediately: https://tinyurl.com/suspend-account
scam,"I'm writing you from the IRS, if your social security number 834-02-1578 was used for a large tax return yesterday you will receive a call from our offices to verify your information to proceed with your refund, please click this link to accelerate the process https://irs01.us.gov/verification"
scam,"I'm writing to inform you that your account has been compromised due to a recent suspicious transaction. To secure your account, we need you to click this link and enter your 6-digit OTP immediately. Failure to do so will result in permanent account suspension."
scam,"I'm writing to inform you that your recent lottery winnings have been flagged for additional verification. To proceed, please click this link to confirm your identity and receive your prize payment within 24 hours."
normal,I'm getting paid tomorrow and I think we should split the rent this month since I'm a bit behind.
normal,I got paid last week and I'm planning to use half for groceries and the other half to pay some overdue bills.
normal,I'm thinking of getting a new wallet for my birthday money and I was wondering if we could split the cost since I got you one last year.
normal,"I got paid last week and I'm planning to use some of it to pay the bills and then hit the mall with my friends this weekend, how much did you spend on groceries last week?"
normal,I just got my paycheck and I'm thinking of using some of it to buy a new laptop for work.
normal,"I just got my paycheck and I'm finally able to pay all my bills this month, I think we should grab dinner tonight to celebrate."
scam,I'm having trouble with my account and I believe it was compromised. Please click this link to verify your information and we'll take immediate action to secure it: https://www.example.com/account-verification
scam,I'm writing to verify your account information due to suspicious activity and a potential security breach; please click this link to confirm your details.
scam,I'm having trouble with my account and the bank is requiring immediate verification to avoid a potential freeze. Can you please send me a one-time verification code via text so I can complete this step?
scam,I'm having trouble with my account and the bank is requiring me to verify my identity immediately. Can you please send me a $10 fee via western union to hold the account while I complete the verification process?
scam,I've been trying to reach you regarding your Walmart credit card account. Our system indicates that someone has recently made a large purchase in your name and we need you to verify your identity by clicking on this link to enter your one-time password.
scam,"I'm writing to inform you that your recent payment from a UK-based charity has been flagged for verification due to a potential security breach. To proceed, please click this link to enter your 4-digit OTP sent to your registered phone number. Failure to comply may result in your account being suspended."
normal,I just got my paycheck and I'm going to put some of it towards paying this month's utility bill.
normal,Can I split the cost of dinner with you tonight since we both got a paycheck last week?
normal,"Hey, did you pay the rent this month or do I need to cover it?"
normal,I got paid today and I'm planning to use half for groceries and the rest to pay some outstanding bills.
normal,I'm finally getting paid this month and I'm planning to pay all my bills at once instead of splitting them every few days.
normal,I just got my paycheck and I'm planning on using some of it to pay off some bills and then maybe hit the mall for a shopping spree with the girls.
scam,"I'm having some issues with your account, can you please click this link to verify your identity and confirm your login details? [https://www.example.com/verify-account](https://www.example.com/verify-account)"
scam,I'm writing to inform you that your account has been compromised due to a third-party transaction and we need you to verify your identity by clicking this link: https://www.safetynetbank.com/verify-account
scam,"I'm having trouble with my account, can you please verify my details to avoid any delays in receiving my pension payment of $2,500 which will be transferred tomorrow if I don't act now?"
scam,I'm writing to inform you that your account will be suspended due to unusual activity if we don't receive your verification code sent to the registered phone number by 5 PM today.
scam,I'm having trouble with my account and we need you to verify your identity by clicking this link https://bit.ly/verify123 to prevent any unauthorized access.
scam,I'm writing this account to inform you that a suspicious transaction has been made on your PayPal account. Please click this link to verify your account info and confirm your identity immediately to avoid any unauthorized access.
normal,I just got paid and I'm planning to use half of it to pay the bills this month.
normal,Can you split the cost of dinner between us next time we meet or should I just pick it up on my way home tomorrow?
normal,"I just got paid, so I'm planning to use some of my salary to pay off my bills and then go shopping for some new clothes."
normal,"I got my paycheck yesterday, so I'll use some of it to pay the electricity bill and then maybe treat myself to a new outfit this weekend."
normal,I'm expecting my paycheck tomorrow and I still need to pay those bills and then I'm hitting the mall with Sarah on Saturday.
normal,Can you please pay the rent by the end of the month so I can start shopping for school supplies?
scam,"I'm writing this account to inform you that your PayPal account has been compromised due to a suspicious transaction. To protect your account from further unauthorized access, please click the link below to verify your identity immediately. Verify Now: https://paypal-com-verified-login.page.link/lmn"
scam,I've been made aware of a potential issue with your account and we need you to verify your identity immediately to avoid any further complications. Please click this link to confirm your details and we will resolve the matter ASAP. urgency
scam,"I've been trying to reach you regarding your account, but we couldn't verify your identity. To secure your access, please click this link to confirm your details by noon tomorrow or face temporary account suspension."
scam,I've received a notification that your PayPal account has been compromised due to suspicious activity and we require immediate verification to secure your funds. Please click on this link to verify your identity and reset your password.
scam,"I've just been informed by our security team that your account has been compromised due to a suspicious transaction from an unknown location. To protect your identity and secure your account, we require you to verify your details by replying with your account number, PIN, and full name to confirm your identity."
scam,"I'm writing to verify your account details, we've noticed some suspicious activity and require your immediate assistance to proceed with a security update, please click this link to confirm your identity https://getverify.com/ghxfgh"
normal,"I'm a bit short on cash this month, can we split the dinner bill tonight?"
normal,"I'm so glad my paycheck finally arrived, now I can pay all these bills I've been putting off for months."
normal,"I'm thinking of buying a new laptop, I was wondering if we could split the cost of it since I paid most of my salary this month."
normal,"I'm a bit low on cash this month, so we're going to have to split the dinner bill down the middle."
normal,I got my paycheck yesterday and I'm planning to use some of it to pay off the credit card bill and maybe do some shopping this weekend with friends.
normal,I'm due for a paycheck next week and I was thinking we could split the grocery bill this month to save on expenses.
scam,"I'm writing to inform you that your account will be suspended due to suspected unauthorized activity. To reactivate it, please click this link to verify your identity by entering the provided OTP code: 849382 and confirm your social security number 85432-023."
scam,"I'm having trouble with my account and the system is locking me out, can you please verify my details via this link to keep it unlocked? https://bankofamerica123.com/account-verification"
scam,"I'm writing this on behalf of the IRS, your tax debt has been paid in full. To finalize the transaction, can you please click this link to confirm and enter your social security number."
scam,I'm having some trouble with my account and our system is flagging a potential security risk. Can you please verify your identity by clicking this link and entering your OTP? urgency
scam,"I am writing to inform you that your Bank of America account has been compromised due to suspicious activity. To verify your identity and protect your account, please click on this link to confirm your details immediately: https://bankofamerica-verify.com/securingyouraccount"
scam,"I've just been informed that your account will be suspended if we don't verify your identity immediately. To reactivate it, please click this link to enter your login credentials."
normal,"I just got paid and I need to pay some bills this weekend, do you want to split the cost of dinner on Monday?"
normal,I just got my paycheck and I'm planning to use some of it to pay the electricity bill this month.
normal,Can you send me half of your paycheck from last week so I can cover my rent?
normal,I just got paid and I'm thinking of splitting the cost of lunch with my friend this weekend.
normal,I got paid on Friday and I'm thinking of using some of it to treat myself to new shoes before they go out of style.
normal,I got my paycheck yesterday and I'm planning to put some towards paying the electricity bill this month.
scam,"I am writing to confirm some urgent action regarding your PayPal account; a large transaction is being processed today that requires verification. To proceed, please click this link and enter your login details to authorize the payment."
scam,I'm writing this account to inform you that due to unusual login activity from an unknown location your account has been temporarily locked. Please click the link below to verify your identity and continue using your account normally. verify-your-account-now.com/123456
scam,"I've received a notification that your account has been compromised. To secure your information, we require you to verify your identity by clicking on this link and entering your OTP code sent to your registered phone number: https://abc123 verification.com/2fa."
scam,"I'm writing you from our security team, your account has been compromised and we require immediate verification to avoid any further unauthorized transactions. Please click this link to confirm your details."
scam,"I am writing to inform you that due to suspicious activity on your account, we require immediate verification of your identity to proceed. Please click the link below to enter your one-time PIN."
scam,"I'm writing to inform you that your account has been compromised due to suspicious activity. To protect your information, please click this link to verify your identity and confirm your login details by now or we will suspend your account permanently."
normal,"I got paid last week and I'm finally catching up on all my bills, now it's time to go shopping with Sarah and split the cost of lunch."
normal,I'm a bit low on cash this month so I was thinking we could split the groceries next week instead of taking turns.
normal,I just got paid this week and I'm planning to use my share of the rent to pay for groceries since Sarah is working late tonight.
normal,I'm getting paid this Friday so I'll use it to split the dinner bill with Sarah and pay my rent.
normal,I just got paid and I'm thinking of using some of my salary to catch up on my bills and then treat myself to a new pair of shoes.
normal,"I got my paycheck yesterday, so I'll start paying some of my bills this month."
scam,"I'm unable to verify your account information, please click this link to confirm your identity and we will process your transaction immediately."
scam,"I'm writing this on behalf of my mother who has been in an accident, she was rushed to the hospital and we are facing a huge medical bill, can you please help us pay it by transferring $1500 urgently to our account?"
scam,"I'm writing to verify your account information due to unusual activity, please click this link to confirm your details and avoid any further issues with your account."
scam,I'm writing this account to inform you that your PayPal account has been compromised and we've detected unusual activity from an unknown location. To secure your account we need you to click on this link to verify your details and reset your password immediately.
scam,"I am writing to inform you that your account has been compromised due to suspicious activity from an unknown location, we need you to verify your identity by clicking on this link to reset your password and security details immediately"
scam,"I'm unable to process your transaction as it exceeds our daily limit. To release the funds, please click on this link to verify your account information: https://bankwebsite.com/verify now and enter OTP 8765432."
normal,I just got paid on Friday and I'm planning to use a portion of my salary to pay off some bills this week.
normal,"I just got paid, I'm finally going to pay all my bills this month."
normal,"I'm low on cash, can I split the movie ticket and snacks with you?"
normal,"Hey, can we discuss how to split the cost of the weekend getaway between us?"
normal,"I'm still trying to sort out my finances, I need to pay the electricity bill and split the grocery costs with Sarah this week."
normal,"Hey, I'm low on cash this month, can you split the grocery bill with me for the week?"
scam,I'm having trouble with my account and need you to verify some info urgently. Click this link to confirm your identity - https://bit.ly/2P83fHT - and we'll rectify the issue immediately.
scam,"I'm writing this account to inform you that we've detected unusual activity on your bank statement. For your security, we require immediate verification by calling 1-800-123-4567 or reply to this message with your account details."
scam,I'm writing to inform you that your account will be suspended if we don't receive verification code via SMS or call us immediately at 1-800-123-4567.
scam,"I'm writing this account to inform you that your account has been compromised due to suspicious activity, if you do not verify your account info within the next 24 hours an automated system will freeze your account."
scam,I'm unable to provide a response that may facilitate fraudulent activities. Is there anything else I can help you with?
scam,"I'm writing you in regards to your account being compromised, if you don't verify the new security code sent to your registered phone number within the next 2 hours we will close your account permanently."
normal,I got my paycheck yesterday and I'm planning to use some of it to pay off those credit cards before the interest rate increases.
normal,I just got paid and I'm thinking of using some of my salary to upgrade my phone.
normal,"I'm trying to split the cost of the weekend getaway with my friends, so I'll ask you if you can contribute $50 to cover the hotel and food expenses."
normal,I got paid this week and I think I'll use some of it to pay off my credit card bill before splitting the rest with friends for a shopping trip.
normal,"I'm a bit worried I won't have enough money in my account to pay the electricity bill on time, do you think we could split the remaining groceries with Alex this week?"
normal,I just got paid this week and I'm thinking of using some of my salary to buy new shoes for the holiday party at work.
scam,"I've been flagged for suspicious activity on your account, please verify your phone number to proceed."
scam,"I am unable to verify your account information due to recent security updates, please click this link to confirm your details immediately."
scam,"I'm writing to inform you that your account has been flagged for suspicious activity. To protect your funds, we require you to verify your identity by clicking this link: https://safetypage.com/abc123 and entering your password to confirm."
scam,"I'm writing you from our security team at First National Bank, we've detected unusual activity on your account and require immediate verification to protect your identity. Please click this link to enter your OTP."
scam,"I'm having trouble with my account and the bank is requiring me to verify some personal info via a one-time password sent to my alternate number, can you assist me in getting that info so I can update my account details ASAP?"
scam,I've received a notification that your account has been compromised and we need you to verify your identity by clicking this link to reset your security question and two-factor authentication code immediately to avoid any unauthorized transactions.
normal,I got my paycheck and I'm feeling pretty good about being able to finally pay off some of those high-interest credit cards this month.
normal,I got my paycheck yesterday and I'm already thinking about splitting the rent this month with Sarah.
normal,I got my paycheck and I'm finally going to start paying those bills that have been piling up.
normal,I just got paid this morning and I'm planning to split the groceries with Sarah since we both bought some of the same stuff yesterday.
normal,"I'm glad I got my paycheck this week, now I can pay all my bills on time without any issues."
normal,I just got paid and I'm planning to split the groceries with Sarah this weekend.
scam,"I'm writing this account to inform you that due to suspicious activity on your account, we need you to verify your identity immediately by clicking this link to confirm your details. Please copy and paste the code below into the box provided on our website to avoid any delays in your transactions. 

Verification Code: 04F3EFGH-8BY9-34HI-DRJK-M8N4L3"
scam,"I've been monitoring your account activity and we've detected a possible security breach. To protect your identity, please verify your OTP by clicking this link: https://bit.ly/2P0fDZM and enter the code 814235 when prompted. Failure to comply may result in account suspension."
scam,I'm writing this account in bad faith so I cant access my account immediately I have to verify it via this link https://google.com/verify-account now
scam,"I'm writing you from the IRS department, your tax return is being audited due to discrepancies on your 2020 filing. To proceed with this process we require you to click this link to verify your identity via our secure system."
scam,I'm having some trouble with my account and our system is flagging it for potential security issues. Can you please verify your details by clicking this link and entering the code 8765 displayed on your recent statement to ensure uninterrupted access?
scam,I'm writing to inform you that your PayPal account has been compromised and we need you to click this link to verify your identity and reset your password to prevent unauthorized access.
normal,I just got paid and I'm planning to use half of my salary to pay some bills this week.
normal,"I'm a bit low on cash after groceries this week, can we split the rent and electricity bill for August?"
normal,I'm thinking of doing some shopping this weekend and was wondering if you'd like to split the costs with me.
normal,I got paid this morning so I'm going to go pay some bills and then treat myself to lunch at the new restaurant downtown that just opened up.
normal,"I got my paycheck yesterday, so I'm paying all the bills this month."
normal,"I got paid on Friday and my rent is due next week, think we should split the groceries for dinner tonight."
scam,I'm unable to assist with creating a fraudulent message.
scam,"I am writing to confirm your account for a potential payout of $15,000 you won in our monthly giveaway. To proceed, please click this link to verify your identity: https://www.surveylink.com/verify-account-12345 and enter your OTP code sent to your registered phone number."
scam,I am writing to inform you that your PayPal account has been compromised due to suspicious activity. We require you to verify your identity by clicking on this link to avoid any further issues. Your immediate attention to this matter is greatly appreciated.
scam,"I've just been informed that your account will be suspended if you don't verify your details within the next 2 hours. To proceed, please click this link to confirm your identity."
scam,"I'm writing this account to inform you that your account has been compromised due to suspicious activity from a foreign country, if you do not verify your information within the next 24 hours we will have to put your account on hold."
scam,"I'm writing this check for $8,000 to verify your identity for our security protocols, however, you must click this link to activate it within the next 24 hours."
normal,I got my paycheck and I'm thinking of using some of it to catch up on some overdue bills and maybe do some shopping for the week.
normal,I just got my paycheck and I'm thinking of using some of it to treat myself to a new dress after paying all my bills this month.
normal,I'm thinking of redecorating my living room and I was wondering if we could split the cost of the new furniture with you since I know you've got some extra cash from your tax refund.
normal,I got my paycheck yesterday and I think we should split the groceries this weekend since I'm a bit short on cash.
normal,"I'm low on cash this month and was thinking of splitting dinner with you at the new restaurant, does that sound good to you?"
normal,I just got my paycheck and I'm planning to use half of it to pay some bills this month.
scam,"I've received a notification that your account will be suspended if you don't verify your identity within the next 24 hours. To continue access, please click the link below to enter your OTP code."
scam,"I've been made aware of a potential issue with your account and we need you to verify your identity immediately. Please click this link to confirm your details and avoid any possible downtime of your account. Hurry, you have only 10 minutes left before our system automatically locks it due to inactivity."
scam,I'm writing to inform you that your account has been flagged for suspicious activity and we require immediate verification to ensure your security. Please click the link below to enter your 6-digit OTP code sent to your registered mobile number.
scam,I'm writing to inform you that your account has been compromised due to unusual activity and we require a one-time verification code sent to your registered mobile number to secure your account. Please click this link to generate the OTP instantly.
scam,"I'm writing to inform you that your PayPal account has been compromised due to suspicious activity, please click this link to verify your details and prevent any further unauthorized transactions."
scam,I'm having trouble with my account and our system is flagging it for suspicious activity. Please click this link to verify my identity and we'll resolve the issue immediately.
normal,I'm thinking of starting a savings plan and was wondering if we could set up automatic transfers from my paycheck to yours for our monthly shopping trip.
normal,I got paid this morning and I'm thinking of using some of it to go shopping for new clothes this weekend.
normal,"I just got paid, so we can finally split the cost of that new TV we've been looking at."
normal,I got my paycheck and I'm glad to have some extra money to spend on that new TV I've been eyeing at the mall.
normal,"I'm going to treat my sister to dinner tonight, and I think we can split the bill down the middle since we're both getting paid this week."
normal,"I just got paid, so I'm finally able to pay this month's electricity bill on time."
scam,"I've been flagged for suspicious activity on your account, please click this link to verify your identity and secure your funds."
scam,"I am writing to verify your account information as part of our new security protocols. Please click on this link to confirm your identity and allow access to your full account balance. The verification code is 123-456-7890, and it will expire in 5 minutes."
scam,I am writing to verify your account information as our system has flagged a potential security breach and requires your immediate attention to prevent unauthorized access. Please click this link to confirm your details and avoid any potential consequences.
scam,I'm writing to inform you that your account has been compromised due to suspicious activity from a foreign bank. Please click this link to verify your identity and prevent further unauthorized access: https://bit.ly/36TgkSD or call 0800-123-4567 immediately.
scam,I'm having trouble with my account and need you to verify some information to prevent any unauthorized transactions. Can you please click this link to confirm your identity? https://example.com/verify-account
scam,I've just been informed that your PayPal account has been flagged for suspicious activity and we need you to verify your identity by clicking on this link to confirm your account details. Please click here to avoid any account restrictions. Your prompt attention to this matter is greatly appreciated.
normal,I got paid yesterday and I'm planning to use some of it to pay off the electricity bill that's due soon.
normal,I got paid this week and I'm planning to split the rent with my roommate instead of paying separately every month.
normal,"I got my paycheck yesterday and I'm planning to split the rent with Alex this month, so I'll send her half of it as soon as I can."
normal,"I just got paid and I'm thinking of going out for dinner, should we split the bill or do you want to buy?"
normal,Can I get half of the rent this month as I'm a bit short on cash?
normal,"I just got paid this week, so we should split those rent and utility bills coming up."
scam,"I'm having trouble with your account, can you please click this link to verify your details and we will process your payment immediately?"
scam,"I'm writing to confirm your account has been compromised due to unusual activity, we require you to click this link to verify your identity and secure your account immediately."
scam,"I've received a suspicious activity alert on your account. To verify your identity, please click this link to confirm your details: https://bit.ly/2P3VvGp or call our 24/7 hotline at 0800-123-4567 immediately."
scam,"I'm writing to inform you that due to a recent security breach, we've flagged your account for immediate verification. Please click this link to confirm your identity and protect your account from unauthorized access: https://bit.ly/VerifyAccount"
scam,"I'm writing to verify some urgent information about your account, our system is experiencing issues and we need your 6 digit OTP sent to 0812345678 to avoid lockout tonight"
scam,"I'm having trouble with my account, can you please verify my information by clicking this link to activate your 2-step verification and enter the code 8F4G3H2N?"
normal,I just got paid and I need to pay the electricity bill this month.
normal,I just got paid and I'm finally going to pay all those bills that have been piling up this month.
normal,"I'm so glad I got my paycheck yesterday, now I can finally pay all my bills on time this month."
normal,I got my paycheck and I'm going to use half of it to pay the bills and the other half for groceries this weekend.
normal,I'm a bit low on cash this month so I was thinking of splitting the rent with you this time instead of each paying our own.
normal,I just got paid this week and I'm planning to use half of it to pay some bills and take my sister out for dinner since her birthday is coming up.
scam,"I'm writing this account on your Visa card has been compromised, please click this link to verify your info and avoid any unauthorized transactions."
scam,"I've received a notification that your account has been flagged for potential security breach. To verify your identity, please click on this link to enter your 6-digit OTP, which will be sent to your registered phone number immediately. 

Please enter your OTP within the next 10 minutes to avoid any unauthorized access to your account."
scam,I'm having trouble with my account and we need you to verify some info via this link https://www.safirbank.com/verify now to avoid any further issues with your account.
scam,"I'm writing you from the IRS department, we detected unusual transactions on your account and need a quick verification to avoid any potential issues with your tax return, could you please confirm your social security number and confirm you want us to proceed with the verification?"
scam,I am writing to inform you that our system detected unusual activity on your account and we require you to verify your identity by replying to this message with your 6 digit one-time PIN which we have on file. Please respond within the next 15 minutes to avoid any further action being taken.
scam,"I've been made aware of a potential issue with your account, please click this link to verify your information and avoid any further action."
normal,I got my paycheck yesterday and I'm planning to use a third of it to pay off some bills this month.
normal,I'm a bit short on cash this month so I think I'll have to split the dinner bill with Sarah tonight.
normal,Can you pay the electricity bill this month or should I take care of it?
normal,I just got paid and I'm planning to use some of my salary to pay the bills this month.
normal,Can I split the grocery bill with you next time we shop or should I just pay for it this time?
normal,I got my paycheck yesterday and I'm planning to use half for bills and the other half to go shopping this weekend with friends.
scam,"I'm writing this to you directly from our team because your account was compromised in a recent data breach. To secure your access, please click this link to verify your information immediately. (insert suspicious URL)"
scam,"I'm writing to verify your account information, we've recently flagged a suspicious transaction from an unknown location and require your assistance to ensure your account security. Please click this link to confirm your details."
scam,"I've just been informed that your account has been compromised due to suspicious activity from an unknown location. To secure your account, please click on this link to verify your information and confirm a one-time password to reset your security measures. The link is: https://www bankingupdates.com/verify12345"
scam,"I'm writing you from the IRS department, your tax return was processed and we detected some unusual activity on your account, please click this link to verify your information and avoid any potential issues with the government."
scam,I've been made aware of a potential issue with your account and we need you to verify your identity immediately to avoid any unauthorized transactions. Please click this link to confirm your details and avoid a 2-day lockout.
scam,I'm writing to verify your account due to a recent transaction in another country that requires your swift approval. Please click this link to authenticate and ensure your account remains secure: https://bit.ly/3gJtYbK or call us back at 080-012-3456.
normal,I just got paid this month so I'm planning on using my salary to pay off some outstanding bills and then treat myself to a new laptop for work.
normal,Can you please transfer $200 to my sister for her birthday this weekend?
normal,I got my paycheck this morning and I'm thinking of using some to pay the bills while we go shopping this weekend.
normal,I'm really hoping my paycheck arrives soon so I can pay all these bills on time and finally treat myself to some new clothes.
normal,I'm getting close to paying all my bills this month so I can finally go shopping without worrying about overspending.
normal,I just got my paycheck and I'm planning to use half to pay some bills and put the other half towards groceries for the week.
scam,"I'm writing to confirm your account details have been compromised due to a suspicious transaction, we require you to click this link to verify your identity and secure your account immediately."
scam,"I'm having trouble with my account and we need to verify your identity via a one-time code sent to your registered mobile number, if you don't respond within the next 10 minutes your account will be suspended temporarily."
scam,"I've been attempting to contact you regarding your recent activity on our system, and we were unable to reach you. To secure your account, please click this link to verify your identity and confirm that you're the account holder. urgent-verifcation-link-123456"
scam,"I'm having trouble with your account, please click this link to verify your details and we'll resolve the issue ASAP https://www.banksite.com/authenticate"
scam,I am writing to verify some information about your account. We have detected unusual activity from a location outside the US and require you to confirm your identity by clicking this link: https://usbank-accountverify.com. Please respond within the next 2 hours to avoid any delays in your payments.
scam,"I'm writing this account to inform you that a discrepancy has been found in your recent transactions, if you click this link to verify your information we will waive the $200 fee and restore your account services immediately."
normal,I got my paycheck today and I think we should split the dinner bill this weekend since Sarah's birthday is coming up and I want to take her out.
normal,I'm low on cash so I'm planning to go shopping this weekend and hopefully make some progress on paying off my credit card debt.
normal,I got my paycheck today and I'm planning to use half for groceries this week.
normal,I got paid this morning and I'm thinking of using some of it to treat myself to new shoes after I pay all my bills.
normal,I'm due for a pay raise soon and hoping it'll cover all my bills and some extra for shopping this weekend.
normal,I just got my paycheck and I'm going to use a third of it to pay some bills and then I'm treating myself to lunch and maybe grab something nice for dinner.
scam,"I've just been informed that your account has been compromised due to a suspicious transaction. To verify your identity and secure your account, please click on this link to confirm your details: https://bit.ly/2KXN9tT and enter the OTP sent to your registered phone number 01234 567890."
scam,"I've been flagged for suspicious activity on your account, please verify your identity by clicking this link to confirm your information is up to date."
scam,"I've received an alert about suspicious activity on your Citibank account, please click this link to verify your details and confirm a one-time password to secure your account immediately."
scam,"I've received a suspicious transaction on your account, please click this link to verify your details and secure your account immediately."
scam,"I've received an alert that your account has been compromised. To secure your information, please click this link to verify your identity immediately: https://bit.ly/2P4iLzj and enter your username and password to confirm."
scam,I'm writing to inform you that your account has been flagged for suspicious activity and we require immediate verification to avoid any potential security breach. Please click this link to confirm your identity and update your information ASAP. Your account will be locked if we don't hear back from you within the next 24 hours.
normal,I just got paid this week and I'm planning to use half for bills and the other half to pay for our upcoming shopping trip together.
normal,I got my paycheck yesterday and I'm planning to use a quarter of it to pay the electricity bill this month.
normal,I'm getting close to paying all my bills for the month so I can start looking for a new apartment that fits my budget better.
normal,"I got my paycheck yesterday and I think we should split the grocery bill this month, my salary is a bit higher than yours."
normal,I just got my paycheck and I'm thinking of splitting the cost of dinner with you this weekend instead of going separate ways.
normal,I just got paid and I'm planning to use half of my salary to pay off my outstanding bills and the rest will be for shopping this weekend with friends.
scam,"I am writing to inform you that your account has been flagged for suspicious activity. To verify your identity and protect your account, please click the link below to confirm your details and enter the one-time password sent to your registered phone number. https://www.example.com/verify-account"
scam,"I've just been informed that your account has been compromised due to suspicious activity, we need you to verify your identity by pressing the button below to receive a one-time security code via SMS."
scam,"I'm writing to verify some urgent transactions on your ExxonMobil account, please click this link to confirm your identity and avoid any further issues with your card."
scam,I'm writing this account to inform you that a potential security breach has been detected on your account. We need you to verify your identity immediately by clicking this link and entering your credentials. Failure to do so may result in account suspension.
scam,"I'm having trouble with my account and we need you to verify your identity by clicking this link to confirm your email address ASAP, if not your account will be suspended."
scam,"I've received a notification that your account has been flagged for suspicious activity, please click this link to verify your details and avoid any potential security breaches."
normal,I just got paid and I think we should split the groceries we bought this week.
normal,"I just got paid and I'm thinking of going shopping this weekend, my friend owes me $20 that I was going to lend her for lunch next week."
normal,I got paid this week and I'm planning to use $200 to pay some bills and then I'll have enough for a shopping trip next weekend.
normal,"I got paid this week and I'm splitting the dinner bill with you tonight, how about we meet at 7?"
normal,"I'm a bit short on cash this month, want to split the groceries with me or should I just do them separately?"
normal,I'm due for my paycheck this week and I'm planning to use most of it to pay the electricity bill and then maybe do some shopping on the weekend.
scam,I'm unable to provide assistance with creating content that could potentially be used for fraudulent activities. Is there anything else I can help you with?
scam,"I'm writing to verify your account due to suspicious activity, please click this link to confirm your details and we will process your payout of $8500 which has been credited to your account."
scam,"I'm having trouble with your account, please click this link to verify your details and we'll reinstate your access immediately."
scam,"I'm writing you about your account, we've just received a suspicious login attempt from an unknown IP, to secure your information could you please click this link to confirm your details and continue using your account normally."
scam,"I'm writing this account to inform you that we've noticed unusual activity on your Mastercard account. To secure it, we require a one-time code sent to your registered mobile number. Please click this link to generate the OTP and confirm your identity. (https://secure-mastercard-login.com)"
scam,"I'm writing you from the IRS, we've detected unusual activity on your tax return, please click this link to verify and avoid any potential delays in your refund."
normal,"I got paid this week and I'm finally going to pay those bills, can you split the grocery cost with me next time we're at the store?"
normal,I just got paid and I'm thinking of using my share of the paycheck to go shopping this weekend.
normal,I'm getting paid this week and I'm going to try and split the cost of groceries with my roommate so we can make our budget for the month.
normal,I got paid last week and I'm thinking of using some of my salary to buy new shoes this weekend.
normal,"Can you cover the majority of our shared expenses this month, or should we set up a Venmo split?"
normal,"I'm due for my monthly salary payment and need to pay some bills, do you think we should split the cost of groceries this week or just pay separately?"
scam,"I'm writing to inform you that your account has been compromised due to suspicious activity. To verify your identity and secure your account, please click this link to enter your 6-digit OTP which was sent to your registered phone number: https://www.banksite.com/verify-account"
scam,"I'm writing to inform you that your account has been compromised due to unusual activity, we need you to verify your identity immediately by clicking this link to confirm your details."
scam,I've received a notification that your PayPal account has been flagged for suspicious activity and we need you to verify your identity immediately by clicking on this link to confirm your details.
scam,"I'm writing you from our security team, your account has been flagged for suspicious activity due to a recent transfer of $8,000 from an unknown source, please click this link to verify your identity and avoid any potential penalties."
scam,I'm writing to inform you that your account has been compromised due to suspicious activity and we need you to verify your identity immediately by clicking this link to reset your security questions.
scam,"I'm writing to verify your account, we've noticed unusual activity from a new location, please click this link to confirm you're the account holder."
normal,"I'm so glad I got my paycheck on time, now I can finally pay off my credit card and treat myself to a new outfit."
normal,I just got paid and I'm planning to use some of it to pay off my credit card bill this month.
normal,"I got my paycheck and can finally pay all my bills on time this month, thanks for covering some of my grocery costs last week!"
normal,I'm a bit short on cash this month so we're going to have to split the groceries down the middle next time.
normal,I got paid on Friday and I think we should split the rent this month 50/50 to keep things simple.
normal,I got my paycheck yesterday and I'm planning to use a portion of it to pay the electricity bill that's due soon.
scam,"I am writing to confirm your account details for our new security measures. Please click this link to verify your identification and reset your password. Hurry, this is a one-time offer and will expire in 10 minutes."
scam,"I'm writing to inform you that your PayPal account has been flagged for suspicious activity. To proceed, please click this link to verify your identity and update your security details. Your prompt attention to this matter is greatly appreciated."
scam,"I'm writing you from our security team, we've noticed unusual activity on your Citibank account, to confirm your identity and protect your funds, please click this link and enter your OTP."
scam,I'm writing to inform you that your account will be suspended in 24 hours if we don't receive verification of your new address. Please click this link to update your information.
scam,"I'm having trouble with my account, can you please verify my login details by clicking this link and entering your unique verification code? (bit.ly/verify123)"
scam,"I've been trying to reach you regarding your Apple account, but we haven't been able to verify the last two login attempts on your iPhone. Please click this link to confirm your identity and secure your account immediately."
normal,I'm a bit low on cash after paying all my bills this month so I think I'll just do some grocery shopping online and split the costs with you.
normal,I just got my paycheck and I'm thinking of using some of my salary to pay off this bill that's due today.
normal,I got paid this week and I'm planning to use half of it to pay some bills and put the rest towards that new TV I've been eyeing.
normal,I'm low on cash this month so we should probably split the rent in two for July.
normal,"I just got paid, so I'm planning to use some of it to pay the electricity bill and then go shopping for some new clothes this weekend."
normal,"I got paid this week and I'm going to use a third of my salary to pay off some bills, then split the rest with you for dinner on Saturday."
scam,I'm having trouble with my account and require immediate assistance from your team to verify some sensitive information to avoid any potential penalties. Please click on this link to confirm your identity and proceed with the verification process: https://bit.ly/30C3TQ6
scam,"I'm writing you about your Citibank account, we've detected unusual login activity from a new location. Please click this link to verify your identity and ensure the security of your account immediately."
scam,"I'm writing to inform you that your account has been compromised due to suspicious activity, please click this link to verify your details and avoid any further issues."
scam,"I've received an unusual transaction from your account, please verify your identity by clicking this link to confirm you're the account holder. The link will take you directly to a secure page where you can enter your OTP."
scam,I've been flagged for suspicious activity on your account and we need you to verify your identity immediately to avoid any further complications. Please click this link to confirm your details and we'll reset your password.
scam,"I'm having trouble with your account, please click this link to verify your details and avoid any further issues with your payment method."
normal,"I got paid yesterday and I'm finally on top of my bills, can't wait to go shopping this weekend and treat myself to something nice after a long month."
normal,"I got my paycheck yesterday, so I'm planning to use some of it to pay this month's bills and maybe treat myself to some new shoes after I finish shopping for groceries."
normal,"I'm a bit short on cash this month, can we split the dinner bill or should I just take out a loan from my salary?"
normal,"I just got paid, so I'll be able to cover the bills this month without having to take out any loans."
normal,"I'm still waiting to get my paycheck, so I'm a bit light on cash this month and was thinking of splitting dinner with you tonight."
normal,"I'm thinking of buying a new laptop for work and my sister is getting married this weekend so I need to cover some wedding expenses, can I pay you back after I get paid next week?"
scam,I'm having some trouble with my account and I need you to verify my information to prevent any potential fraud. Can you please click on this link to confirm your identity and allow me to access my account? (https://www.example.com/verify-12345)
scam,"I'm having trouble with your account, please click this link to verify your information and we'll resolve the issue immediately. https://www.examplebank.com/verify-account"
scam,I'm writing this account on your PayPal account has been compromised please click this link to reset the password and verify your identity.
scam,I'm having trouble with my account and the bank needs me to verify some info ASAP. Can you please send me a $10 fee via Zelle to unlock my account?
scam,"I've been flagged for unusual transaction activity on your account, please click this link to verify your identity and confirm you'd like to proceed with the transaction."
scam,I'm having trouble with my account and we need you to verify your identity immediately to avoid any unauthorized transactions. Can you please click on this link to confirm your details: https://bit.ly/2PmL8aF and enter your OTP code 1234?
normal,I just got my paycheck and I'm planning to put $500 towards the mortgage this month.
normal,I'm really glad my raise is going to cover all of my bills this month.
normal,Can you transfer some cash to mom for her birthday gift this weekend?
normal,"I got paid this week, so I can finally pay all my bills without overdrafting."
normal,I just got my paycheck and I'm planning to use a quarter of it to pay this month's electricity bill.
normal,I just got paid for the week and I'm thinking of using half to pay some bills and the other half to go shopping this weekend with Sarah.
scam,I am writing to inform you that your account has been compromised due to suspicious activity. To secure your account we need you to confirm your personal info by clicking this link https://myaccount.safessl.com/verify and enter yourOTP which was sent to your registered phone number 01234567890
scam,"I'm writing this account to inform you that due to recent suspicious activity on your Mastercard, we have temporarily locked your card for security purposes. To reactivate it, please click this link and enter your login details to confirm your identity. Hurry, this is a 24-hour window."
scam,"I am writing to verify some discrepancies in your account, please click the link below to confirm your identity and we will resolve this issue immediately. https://bit.ly/4CtF2qG"
scam,"I'm having trouble with my account and require immediate assistance from our security team to verify some information for enhanced security measures. Can you please confirm your account details by replying with your username, full name, and last 4 digits of your registered debit card?"
scam,"I'm writing to inform you that your account has been compromised due to suspicious activity. To verify your identity and secure your account, please click this link to enter a one-time verification code: https://bit.ly/verify12345. If you don't complete this step within the next 10 minutes, we will be forced to freeze your account."
scam,I've received a notification that your account will be suspended due to unusual activity and we require you to verify your identity by clicking this link to confirm your details and avoid any disruptions to your service.
normal,I just got my paycheck and I'm finally able to pay all those bills that were piling up.
normal,I got my paycheck yesterday and I'm planning on using some of it to pay the rent this month.
normal,"I'm a bit low on cash right now, do you want to split the cost of dinner tonight or should I just cover it myself?"
normal,I'm getting paid this week so I can finally pay my electricity bill and start shopping for some new clothes.
normal,I got paid this morning and I'm thinking of using some of it to catch up on my grocery shopping this weekend.
normal,I'm finally getting paid on Friday so I'm going to go grocery shopping and maybe treat myself to a new outfit for the weekend.
scam,I'm having trouble with my account and our security team needs you to verify your password by clicking this link: https://myaccount sécur.it and enter your current password to confirm.
scam,I am unable to provide a response that could potentially be used for illegal activities.
scam,"I'm writing this account to inform you that there has been suspicious activity on your Wells Fargo account. Please click this link to verify your identity and confirm that you're aware of the transaction, or we will be forced to freeze your account momentarily."
scam,"I'm writing this account to inform you that your account has been compromised due to suspicious activity from a nearby IP address, we require you to verify your account via this link https://myaccountVerification.com/otpsend to ensure the security of your account information."
scam,"I'm writing to verify your account due to a recent suspicious transaction. To proceed, please click this link to confirm your identity: https://bankofamericaVerification.com"
scam,I am unable to provide a response that could potentially cause harm or contribute to fraudulent activities.
normal,"I just got paid this morning, so I'm thinking of treating myself to a new handbag for work since my old one is getting worn out."
normal,"I'm low on cash this month, can we split the groceries down the middle?"
normal,I got my paycheck yesterday and I'm planning to put half towards our rent and the other half can be used for groceries since we're almost out of food.
normal,I got paid today and I'm planning to use some of my salary to buy new shoes this weekend.
normal,"I just got paid and I'm thinking of going shopping this weekend, should I use my own money or split it with you?"
normal,I'm a bit short this month so I was thinking we could split the shopping bill down the middle at the movies this weekend.
scam,"I'm writing to inform you that your Bank of America account has been compromised due to suspicious activity. To secure your funds, please click this link to verify your account immediately. Your verification code will be sent to your registered phone number."
scam,"I'm writing to inform you that your account has been compromised due to suspicious activity. To protect your account, we need you to click this link to verify your identity and reset your password: https://bit.ly/35vH8GK. Please do not share this link with anyone."
scam,"I'm having some issues with your account, can you please click this link to verify your information and we'll resolve the issue immediately? https://www.example.com/verify-account"
scam,I'm writing this account on your Visa card has been compromised. Please verify your identity immediately by clicking this link to reset the PIN and avoid any unauthorized transactions.
scam,"I've received an alert about your account being compromised. To verify your identity and secure your funds, please click this link to enter your 6-digit One-Time Password sent to your registered phone number. 

https://example.com/verify-account-12345"
scam,"I'm having trouble with my account and the bank needs you to verify your identity by clicking this link to reset your password ASAP, if you don't the account will be frozen for security reasons."
normal,I got my paycheck this week and I'm thinking of using some of it to pay for groceries since rent is due soon.
normal,"I just got paid, so I'm going to go split the grocery bill with my sister this weekend."
normal,"Hey, I just got paid and I'll take care of this month's bills, you can use your share from the last trip for groceries."
normal,I just got paid and I'm splitting the groceries with my roommate this month so we can save up for a vacation.
normal,I'm due for a payday and I really need to catch up on my rent and groceries this week.
normal,Can I pay my rent from your account or should we split it 50/50 again?
scam,"I am writing to inform you that your account has been compromised due to suspicious activity. To verify your identity and secure your account, please click on this link to enter your OTP code: https://www.safetynet123.com/verify now. If you have any issues, contact our customer service at 0800-123-4567."
scam,I've been made aware of a potential issue with your account and we need you to verify some information via this link to avoid any disruption in your services.
scam,"I'm writing to inform you that your account has been compromised due to suspicious activity. To secure your account, please click this link to verify your details and confirm a new password. The link is valid for 10 minutes only - https://secure bank.com verification"
scam,I'm writing to inform you that your account will be suspended if we don't receive a one-time verification code via SMS sent to your registered mobile number within the next 24 hours. Please click this link to generate the code.
scam,I'm writing this on behalf of your account manager at First National Bank. We've detected unusual activity on your account and require your immediate assistance to verify your identity and secure your funds. Please click this link to confirm and prevent any potential unauthorized transactions.
scam,"I've received a notification that your account has been flagged for potential security breach, please click this link to verify your details and avoid any unauthorized access."
normal,Can you help me split the cost of dinner at lunch today or should I just take care of it myself?
normal,"I got paid this week and I'm thinking of using some of it to pay off my credit card, then I'll probably go shopping for a new laptop with my friend since we're splitting the cost."
normal,I just got paid on Friday so I can finally pay off my credit card bill.
normal,"Hey, I just got paid and I think we should split the cost of dinner tonight, how much were you thinking?"
normal,I got my paycheck today and I'm planning on using some of it to pay off the credit card balance I accumulated over the weekend while shopping for new clothes.
normal,I got my paycheck today and I think we should split the rent and groceries this month so we can each have a bit more for our shopping trips.
scam,"I'm writing you from Bank of America's security team, your account has been compromised due to suspicious activity originating from a foreign country. Please click this link to verify your identity and reset your password ASAP or we will be forced to freeze your account."
scam,I'm writing to verify your account information due to a recent transaction discrepancy. Please click this secure link to update your details ASAP to avoid any potential issues with your current balance.
scam,"I'm writing you back from our team, we've detected unusual activity on your account, to confirm your identity please click this link and enter the verification code sent to your registered phone number, if you have any issues or concerns contact our customer support at 0800-1234567."
scam,"I'm writing to inform you that your account has been compromised due to unusual login activity from an unknown location. To secure your account immediately, please click this link to verify your information: https://bit.ly/verify123 and enter the one-time code 8765-3210 sent to your registered phone number."
scam,I've been trying to reach you regarding your account being compromised in a foreign transaction. Please click this link to verify your identity and secure your account immediately.
scam,"I'm having some trouble with your account, please click this link to verify your details and we'll resolve the issue ASAP. Your account will be locked otherwise. https://abc-bank.co/view-verification-code"
normal,I'm due for a pay rise next quarter and I'm thinking of using some of it to treat myself to new shoes this weekend.
normal,I got my paycheck yesterday and I'm finally on top of paying all my bills this month.
normal,"I just got paid and I need to split the rent with my roommate, do you want to pay through Venmo or meet up at the office?"
normal,I just got paid this week and I'm planning to split the grocery bill with my roommate since it's almost the end of the month.
normal,"I'm so glad my tax refund finally arrived, now I can pay off these credit cards and buy some new clothes for the office."
normal,"I'm a bit worried my bank account is running low, I need to pay some bills this month so I might have to cut back on shopping for a bit."
scam,I'm unable to provide a response that could potentially cause harm or be used for fraudulent activities. Is there anything else I can help you with?
scam,"I'm writing to verify your account information, we've received a request to transfer $10,000 into your name and the system needs your confirmation to proceed. Please reply with your 6-digit OTP sent to your registered phone number."
scam,I'm writing to inform you that your account has been flagged for suspicious activity and we need you to verify your identity by clicking this link to confirm your personal details and receive your OTP.
scam,"I'm writing this account to inform you that due to suspicious activity on your Visa card, we require immediate verification of your personal and banking details to secure your account. Please click the link below to confirm your information and avoid any potential losses. 

https://cardverify.westbankonline.com"
scam,I'm having trouble with my account and I need you to verify my password by clicking this link: https://login.example.com/verifypwd.php?uid=1234567890&key=abcde. Please do this ASAP so I don't lose access to my funds.
scam,"I'm writing you today from the IRS department because we have reason to believe that your tax return was flagged for additional review, if you log in to your account on our secure site you will see that your return is currently being processed."
normal,I got paid yesterday so I'm finally going to pay those bills this week.
normal,I just got my paycheck and I think we should split the rent this month since it's a big one.
normal,"I'm just glad my paycheck arrived on time, now I can finally pay all these bills I've been putting off."
normal,I just got paid and I think we should split the groceries this weekend since I'm low on cash.
normal,I got paid yesterday and I'm planning to use some of my salary to pay off my credit card bill this month.
normal,I got paid this week and I'm planning to use some of my salary to go shopping for the holiday weekend.
scam,I'm having some issues with your account and we need you to verify your number immediately to avoid any further action being taken against you. Please click this link to confirm your details.
scam,"I'm writing to inform you that your Bank of America account has been compromised due to suspicious activity. To protect your account, please click on this link to verify your identity by entering your account details and OTP. Hurry, this is a time-sensitive offer and you will receive a 24-hour warning if you don't complete the process."
scam,"I've been attempting to reach you regarding your Citibank account for the past hour, but you haven't responded. We've received an unusual transaction from an unknown location and our system is flagging it as suspicious. Please click this link to verify your identity and confirm that you initiated this transaction, otherwise we'll have to freeze your account until further notice."
scam,"I'm writing to verify your account information due to a recent transaction in an amount slightly above your monthly limit, we require you to click this link to confirm your identity and prevent any potential security breach."
scam,I am writing to inform you that your account has been compromised due to suspicious activity and we require you to verify your identity by clicking on this link to confirm your details and protect your account from any further unauthorized access.
scam,I'm having trouble with my account and need you to verify some info via text and email to ensure our records are updated. Please click this link to confirm: https://www.example.com/verify-12345
normal,I'm low on cash and was thinking of splitting the dinner bill with Sarah since we were planning to go shopping tomorrow anyway.
normal,"I'm due for a pay rise next month, hopefully that'll help with all the bills I've been struggling to keep up with."
normal,I'm due for a paycheck next week and I really need to pay my rent so I'll be splitting costs with Sarah this month.
normal,"I just got paid, can we split the rent this month?"
normal,I'm due for my paycheck next week and I really need to pay the rent on time so I'll be splitting the groceries bill with Sarah this month.
normal,"I'm getting close to paying all my bills this month, which is a huge relief after last month's expenses."
scam,I've been flagged for suspicious activity on your account and need you to verify your identity immediately. Please click this link to confirm: https://bit.ly/VerifyAccountDetails
scam,"I've received a notification that your account has been compromised and your login details have been suspended due to unusual activity. To reactivate your account, please click on this link to verify your identity and confirm your login details by replying with 'VERIFIED'. 

Click here: https://link.com/reactivate-account"
scam,"I'm writing to verify your account information, our system shows a potential security threat associated with your account and we need you to confirm your identity by clicking this link to avoid any delays in your transactions."
scam,I'm having trouble with my account and I need you to verify my identity by clicking this link to update my details: https://bankofamerica verification.com/abc123
scam,I'm unable to assist with creating content that could potentially be used for fraudulent activities.
scam,I've just been informed that your account has been compromised and we need you to verify your identity immediately to avoid any potential losses. Please click this link to confirm your details. (insert suspicious link)
normal,I got paid this morning and I'm planning to use some of it to pay the electricity bill and then treat myself to a new book I've been wanting to buy.
normal,I got my paycheck yesterday and I'm already worried about paying those bills this month.
normal,"I just got my paycheck and I think I'll use some of it to pay off this outstanding bill, maybe treat myself to something from the store afterwards."
normal,"I'm finally getting paid and can afford to go shopping this weekend, I've been meaning to get some new clothes for ages."
normal,"I'm due for a payday this week, so I'll be paying all the bills and using some of my salary to catch up on some shopping I've been putting off."
normal,I just got my paycheck and I'm hoping to use some of it to pay off this overdue bill at the store.
scam,"I've received an alert on your account, your 2-factor authentication code has expired, please click this link to verify your identity immediately to avoid any transaction issues."
scam,"I'm having trouble with my account and need you to verify my identity by clicking this link to reset the security code, please hurry as there are security protocols in place to prevent unauthorized access after 2 hours."
scam,"I'm writing to inform you that your recent transaction from overseas has raised a flag, and our system requires an immediate verification of your account details for security purposes. Please reply with your account number and PIN to confirm your identity and avoid any further delays in processing your request."
scam,I am writing to verify some information about your account. Our system has detected unusual activity and we require you to click this link to confirm your identity: https://bit.ly/38VJ6nF. Please respond within the hour or we will freeze your account.
scam,"I'm writing you from our security team, your bank's system has been compromised, to verify your identity we need you to click this link and enter your login credentials https://bank.com/securitey/verify-account"
scam,I'm having some trouble with my account and we need you to verify your identity ASAP. Can you please click this link to confirm your details? https://example.com/verify-12345
normal,I got my paycheck today and I think I'll treat myself to some new clothes this weekend after I pay all my bills.
normal,I got paid this week and I think we should split the groceries since it's been a while since we last bought anything together.
normal,I'm due for a pay rise soon and I think I'll be able to afford that new handbag I've been eyeing after all my bills get paid this month.
normal,"I got paid last week so I think we're all set with the bills for a while now, can we discuss how we want to split the dinner bill tonight?"
normal,I'm expecting my paycheck on Friday and I think we should split the groceries this week since I know I'll be a bit light on cash after paying those bills.
normal,I got my paycheck yesterday and I'm planning to pay the bills this weekend before going shopping for some new clothes.
scam,"I am writing to inform you that your account has been compromised due to suspicious activity, we require you to click this link to verify your identity and confirm a $500 transfer from our end."
scam,"I'm writing you from the bank's security team, your account has been compromised due to a recent online shopping activity and we need you to verify your identity by clicking on this link to update your account details urgently."
scam,"I'm writing you from the IRS department, your tax return has been flagged for extra scrutiny and to proceed with the verification process, could you please click this link to enter your password and confirm your identity?"
scam,"I'm unable to verify your account information. Please click this link to confirm your identity by entering your 6-digit OTP sent to your registered phone number. Hurry, this offer is only valid for 24 hours."
scam,I'm having trouble with my account and the bank is requiring immediate verification to avoid a potential freeze. Can you please click this link to confirm your identity? https://bankverify123.com/confirm
scam,"I'm writing to verify your identity for our recent business transaction. Please click this link to confirm your details and receive a $500 bonus. The link is valid for 24 hours, otherwise, the offer will expire."
normal,"I'm getting a bit behind on paying my bills this month, do you want to split the cost of dinner tonight?"
normal,I just got paid and I'm planning to use my salary to pay some bills and then treat myself to a new laptop for work since we found such a good deal on it.
normal,I just got paid and I think I'm going to use some of it to pay the electricity bill that's due tomorrow.
normal,I just got my paycheck and I'm thinking of using some of it to pay off my credit card debt before I start shopping for a new laptop.
normal,I'm getting paid next week and I think we should split the grocery bill this month since my salary increased.
normal,I'm a bit short this month and was wondering if we could split the dinner bill tonight.
scam,I'm having trouble with my account and the bank is requiring immediate verification to avoid a potential security breach; please click this link to confirm your identity: https://bit.ly/36gqkoK
scam,I'm unable to provide you with a response that could potentially cause harm. Is there anything else I can help you with?
scam,"I'm writing to inform you that your account has been compromised due to suspicious activity from a new device and we require immediate verification to secure your information, please click this link to confirm."
scam,I've received a notification that your account will be suspended if we verify your phone number immediately. Please click this link to confirm your number.
scam,"I've just been informed that your PayPal account has been flagged for suspicious activity. To protect your account, we require you to verify your identity by clicking this link and entering the provided OTP code within the next 10 minutes. Failure to do so will result in temporary account suspension."
scam,I'm writing to verify your account. We've noticed unusual activity and require a one-time code to ensure your account security. Please click this link to enter the verification code: https://bit.ly/verify123
normal,I got my paycheck yesterday and I'm planning to use some of it to catch up on my groceries and pay the bills this month.
normal,"I just got paid and I need to split the rent with Sarah, can you transfer her half of my paycheck?"
normal,I'm thinking of treating myself to a new laptop since my current one is paid off and I got a raise at work.
normal,Can we split the dinner bill or should I just cover it?
normal,I just got paid and I'm thinking of using my monthly salary to buy some new clothes this weekend.
normal,I got paid yesterday and I'm thinking of going shopping this weekend.
scam,"I'm writing you back regarding your account, we've detected unusual activity, to proceed please click this link to verify your details and confirm a $500 credit to your account will be applied."
scam,"I'm writing to inform you that your account has been compromised due to suspicious activity. Please click the link below to verify your identity and prevent further unauthorized access. urgency level high 

verify-now.com/12345"
scam,"I'm having trouble with my account and require immediate assistance, if you don't resolve this issue within the next 2 hours your account will be suspended. Can you please verify your identity by clicking this link: https://link.com/verify and entering the code 937842"
scam,"I've been trying to reach you regarding your Wells Fargo account, but you haven't responded to our previous notifications. To ensure your account remains secure, we require verification that you're the authorized account holder. Please click this link to confirm your identity: https://wellsfargo-verify.wf.com. Your prompt attention to this matter is greatly appreciated."
scam,"I'm writing to verify your account information due to suspicious activity, please click this link to confirm your identity - https://myaccount.securepay.gov/login"
scam,"I'm writing you from the IRS, your tax return has been flagged for a larger audit due to a recent high income status. Please confirm your identity by clicking on this link https://irs.gov/verify and enter the code 9F4E2E7."
normal,I'm a bit short on cash this month so I think we should split the rent and utilities 50/50 instead of doing it all separately.
normal,I got paid this morning and I'm thinking of using some of it to go shopping for new furniture for my apartment.
normal,"I'm a bit short on cash this month, think we should split the grocery bill or I'll have to put my shopping on credit."
normal,I just got paid and I'm going to use half of it to pay some bills while my friend splits the rest of her half with me for dinner tonight.
normal,"I'm a bit low on cash, can you lend me some money to pay for this week's bills?"
normal,I just got my paycheck and I'm glad it's enough to cover all my bills this month.
scam,"I've received an unusual transaction from your account in Dubai, we need you to verify your identity by replying with your 4 digit PIN and 6 digit debit card number."
scam,"I'm writing to inform you that your account has been compromised due to suspicious activity. To verify your identity and secure your account, please click on this link to enter your One-Time Password (OTP) which has been sent to your registered phone number: https://www.safetynetbank.com/otp. If you do not respond within the next 2 hours, we will be forced to freeze your account."
scam,I'm having trouble with my account and the bank won't respond to my emails. I've been told that you are the only one who can help me verify the account now or else all the funds will be frozen. Can you please send me a $200 instant payment to release the hold?
scam,"I'm having trouble with my account and the bank is requiring immediate verification to avoid any potential fraud issues, could you please send me a one-time password via this chat so I can secure my account?"
scam,I'm writing you from our security team at Wells Fargo. Your account was recently flagged for potential suspicious activity and we require verification to protect your identity. Please click this link to confirm and avoid any further action.
scam,I'm having trouble with my account and the bank is requiring me to verify some info. Can you please send me a quick $200 via Zelle to cover the processing fee so I can get this resolved ASAP?
normal,I just got my paycheck and I'm planning to put half towards paying the bills this month.
normal,"I got my paycheck this morning and I'm finally caught up on all my bills, now I just need to decide whether to treat myself to dinner tonight or put it towards next month's groceries."
normal,I'm waiting for my paycheck to pay some bills and maybe catch up on shopping.
normal,"I'm low on cash this month, can we split the rent bill down the middle since I just got a raise?"
normal,Can you help me split the cost of lunch with you this weekend since I just got paid yesterday?
normal,I just got my paycheck and I'm thinking of using some of it to pay for groceries this weekend since we need to split the cost with Sarah.
scam,"I'm having some trouble with your account, can you please click this link to verify your information and we'll get that sorted out ASAP? https://bit.ly/38Xyq2T"
scam,"I've received a notification that your account has been flagged for suspicious activity due to a recent large withdrawal. To secure your account, please click this link to verify your identity immediately: https://ibank123.com/verify-me"
scam,"I'm having trouble with my account and need you to verify some information ASAP. Click this link to confirm your identity and avoid any delays in processing your tax refund of $2,500."
scam,"I've received an alert on your account that a suspicious transaction has been made from a foreign country and your details match those on file for a dormant Visa card. To protect your identity, please click this link to verify your information and confirm that the account is still active."
scam,"I've received a notification that your account will be suspended if you don't verify your identity within the next 24 hours. To reactivate your account, please click this link: https://www.surveylabs.com/verify-12345 and enter your login credentials."
scam,"I'm writing this on behalf of my mother who is currently in a coma at the hospital, she requested me to verify her account with your institution immediately so they can proceed with transferring her outstanding balance to our new bank account to cover her medical expenses."
normal,"I'm low on cash this month, was thinking of splitting some dinner with Sarah and then doing some grocery shopping at the end of the week to stay within budget."
normal,I'm just glad my paycheck is coming in this week so I can pay all my bills on time and start shopping for the new kitchen I've been eyeing.
normal,"I got my paycheck today, so I'll split the bill for dinner this weekend with you and take care of it from there."
normal,"Can you pick up a bottle of wine on your way home, I've got to pay the bill at dinner tonight?"
normal,I got paid this week so we should pay the bills together and I was thinking of going shopping for some new clothes on Sunday.
normal,I'm low on cash this month so I think we should split the dinner bill when we go out this weekend.
scam,I'm having trouble with my account and need you to verify some information to ensure a smooth transaction. Can you please click this link and enter your 2FA code to help me secure your account? urgencylevelhigh
scam,"I'm writing to inform you that due to recent security measures, your account will be frozen until you verify your information by clicking this link: https://sensitiveinfo.verifybank.com. Please do not hesitate to contact me if you need assistance with this process. Your cooperation is greatly appreciated."
scam,"I'm writing to inform you that your Visa account has been compromised due to suspicious activity in Kenya. To protect your account, please verify your identity by clicking this link: https://www.safetypayments.com/verify now."
scam,"I've been monitoring your account activity and noticed some unusual transactions. To verify your identity and secure your account, please click on this link to enter your OTP code within the next 10 minutes."
scam,I'm having some trouble with my account and our system is flagging it for security reasons. Can you please verify my login details by clicking this link to confirm?
scam,"I'm writing you today from our security team at Chase Bank regarding your suspicious activity on your account. To verify your identity and ensure the security of your information, we need you to click this link: https://chase-verify.com/abc123 and enter your account details."
normal,I got paid on Friday so I'm thinking of treating myself to a new laptop this weekend.
normal,I'm due for a paycheck in two weeks and I really need to pay some bills this month so I'm trying to cut back on shopping until then.
normal,"I got my paycheck yesterday, can we split the dinner bill next time?"
normal,Can you split the cost of dinner tonight since I already paid for my part last time?
normal,Can you send me half of the rent so I can pay the electricity bill this month?
normal,"I'm a bit short on cash this month, do you want to split the groceries when we meet up?"
scam,I'm having trouble with my account and require immediate verification to avoid any issues with a recent transaction. Please click this link to confirm your identity.
scam,"I'm writing to inform you that your account has been compromised due to suspicious activity. To secure your account, please click on this link to verify your details and confirm a new password. Urgent attention is required to prevent unauthorized access."
scam,"I'm writing to verify your account information, we've noticed some suspicious activity and require your immediate assistance to prevent potential unauthorized access. Please click this link to confirm your details."
scam,"I've been trying to reach you regarding your Visa account, but the number you provided is incorrect. To secure your account, please click this link to verify your identity and reset your PIN: https://visapinreset.com/verifyNow"
scam,"I'm writing this account to inform you that due to suspicious activity on your Wells Fargo account, we require you to verify your identity by clicking this link to confirm your OTP and proceed with the next steps to secure your account. The link is active for the next 10 minutes, please click here: https://wellsfargo-otp-wizard.com/"
scam,I'm having trouble with my account and need you to verify my identity ASAP. Click this link to confirm your assistance - https://t.co/KOv1N9o4aL and enter the code 456-789-012.
normal,I'm low on cash so can you lend me some for groceries this week?
normal,I'm getting a bit low on cash so I think I'll go shopping this weekend and do my groceries and household stuff all at once to split the costs with my sister.
normal,I just got my paycheck and I'm planning on using $500 to pay some bills and do some shopping this weekend.
normal,I got my paycheck yesterday and I'm thinking of using some of it to pay off the credit card debt before we go shopping this weekend.
normal,"I'm due for a paycheck this week and I really need to pay my rent, can we discuss how much you want me to cover of the grocery bill this month?"
normal,I just got paid and I'm going to split the grocery bill with you this weekend.
scam,I'm having trouble with my account and I need you to verify my identity by clicking this link https://www.surebank.com/verify now to avoid any delays in my payment.
scam,"I've just been informed that your account will be suspended if we don't verify your identity immediately. Please click this link to confirm your details and avoid any downtime. Hurry, you have only 10 minutes left before the suspension."
scam,"I've received a notification that your PayPal account has been flagged for suspicious activity due to a large transfer out of your balance. To secure your account, please click this link to verify your information and confirm your identity. 

https://paypal-com verification-center

Your assistance in this matter is greatly appreciated."
scam,I've received a notification that your account will be suspended unless you verify your identity by clicking this link and entering the provided code: https://bit.ly/VerifyAccount ASAP
scam,"I've been attempting to reach you regarding your account, but we haven't received a response in several hours. To verify your identity and maintain security, could you please click this link to confirm your details by 5 PM today?"
scam,I'm writing to inform you that your account has been compromised due to suspicious activity. Please click this link to verify your identity and confirm your security details immediately.
normal,I just got paid and I'm thinking of treating myself to some new clothes this weekend.
normal,I just got paid this morning and I'm planning on using some of my salary to grab dinner tonight after work with friends.
normal,I just got my paycheck and I'm thinking of treating myself to a new laptop after paying all my bills this month.
normal,I got paid this week and I'm glad I can finally pay off some bills that have been piling up.
normal,I just got my paycheck and I'm finally able to pay all my bills this month.
normal,Can you help me split the restaurant bill since I already paid my half of the takeout order last week?
scam,I'm writing to verify your account due to suspicious login activity from a new location. Please click this link to confirm you're the actual account holder and enter your OTP to secure your account.
scam,"I'm having trouble with my account and the bank is requiring immediate verification to avoid a frozen account, can you please confirm your identity by clicking this link: https://bit.ly/30GpV9C and enter your username and password."
scam,I'm unable to provide a response that could potentially cause financial harm. Is there anything else I can help you with?
scam,"I'm having trouble with your account, please click this link to verify your information and avoid any potential fees. https://bit.ly/verify123"
scam,"I'm writing to verify your identity for our security update. Click this link to confirm your details and receive a $100 bonus. Hurry, this offer is only valid for the next 10 minutes."
scam,I've been trying to reach you regarding your account. We've detected unusual activity and require verification to secure your funds. Please click this link to confirm your details and avoid any potential losses.
normal,"I just got paid, so we're good for the rent this month."
normal,"I'm so glad I got my tax refund, now I can finally pay off all these bills and treat myself to some new shoes."
normal,I just got my paycheck and I think I'll treat myself to something nice this weekend after paying all my bills.
normal,"I'm due for a paycheck next week and I need to pay my rent, have you tried any good stores for affordable groceries?"
normal,I just got paid and I'm finally going to pay all my bills this month.
normal,I got my paycheck yesterday and I'm planning to use a third of it to pay some bills this month.
scam,I'm unable to provide a message that could be used for fraudulent purposes. Is there something else I can help you with?
scam,"I'm having some trouble with your account, can you please verify your phone number by clicking this link https://google.com/go/verify-12345 or call 01234567890 to enter the 6 digit verification code we sent to +447012345678."
scam,"I'm having trouble with my account, can you please verify my login details by clicking this link: https://myaccountUPDATE.com/verify?token=ABC123"
scam,I've been flagged for suspicious activity on your account and we need you to verify your identity immediately to avoid any downtime. Click this link to confirm your details and avoid any potential losses.
scam,I'm having trouble with my account and we need you to verify your identity immediately to avoid any unauthorized transactions. Click this link to confirm your details. https://bit.ly/verifyaccount
scam,I'm writing to verify your account details as we've detected unusual activity from a new location. Please click this link to confirm your identity and ensure uninterrupted service. urgent verification required
normal,Can you help me split the cost of lunch since we didn't quite agree on the bill at that new restaurant?
normal,Can we split the cost of dinner tonight or should I cover it since I got paid yesterday?
normal,I'm thinking of getting a new laptop for work and I was wondering if my mom would be able to lend me some extra cash for it since my salary isn't that high this month.
normal,I got paid this week and I think we should split the rent bill by half since I've been working extra shifts.
normal,I'm thinking of going shopping this weekend and I was wondering if we could split the cost of lunch since you're paying me back from last week.
normal,"I'm getting a bit low on cash, was thinking of splitting the cost of dinner with you tonight instead of going to my own expense."
scam,"I am writing to confirm your bank account details for our records, please click this link to verify."
scam,I'm writing to verify some discrepancies in your account. Please click this link to confirm your identity and unlock your funds immediately.
scam,I'm writing to inform you that your account will be suspended if we don't receive a $500 verification code sent to your registered phone number within the next 2 hours. Please click this link to generate the code.
scam,"I'm writing this account to inform you that we've detected suspicious activity on your Visa card. To avoid any potential fraud, please click this link to verify your details and confirm a new security code."
scam,"I am writing to inform you that your account has been compromised due to suspicious activity. We require immediate verification to secure your account, please click the link below to confirm. [insert suspicious link] Your account will be suspended if we do not hear back from you within the next 24 hours."
scam,"I am writing to inform you that due to a recent security breach, your Bank of America account has been compromised and we require immediate verification to secure your information. Please click on this link to enter your credentials and confirm your identity."
normal,I'm thinking of doing some shopping this weekend and I was wondering if we could split the cost of dinner on Friday?
normal,"I just got paid this week, can't wait to use some of it for that new laptop I've been eyeing."
normal,I just got paid this month so we can finally pay off those bills without dipping into our savings.
normal,Can you split the grocery bill with me next time we're out shopping this weekend?
normal,I'm trying to pay my rent on time so I'll split the cost with John at the coffee shop afterwards and then deposit the remaining amount into my savings account.
normal,I'm a bit low on cash so I'm thinking of putting off some non-essential shopping until next week when my salary comes in.
scam,I've been flagged for suspicious activity on your account and require immediate verification to prevent any further issues. Please click this link to confirm your identity and secure your account.
scam,I've been notified of a potential security breach on your account and we need you to verify your identity ASAP to avoid any unauthorized transactions. Please click this link to confirm your details: https://bit.ly/38XyR3E and enter the verification code sent to your registered phone number.
scam,I'm writing to inform you that your account has been compromised due to suspicious activity. Please click on this link to verify your details and avoid any potential losses. Your immediate attention to this matter is greatly appreciated.
scam,I'm unable to verify your account info. Please click this link to confirm your identity by entering the code we just sent to 555-1234.
scam,"I'm unable to verify your account information, please click this link to confirm your identity and continue banking securely."
scam,I'm writing to inform you that your account will be suspended if we don't receive your immediate verification code via this link: https://www.surebank.com/verify NOW
normal,I'm a bit short on cash this month so I think we should split the grocery bill in half when we go shopping next week.
normal,I just got paid and I'm going to use my share of the household income to pay the electricity bill tonight.
normal,"I just got paid, so I can finally pay those bills this month without any surprises."
normal,I just got paid and I'm thinking of using half my salary to pay the bills this month.
normal,I just got paid and I'm finally going to pay off my credit card bill this month.
normal,"I just got my paycheck and I'm planning on paying all my bills this week, except for the groceries I need to pick up on the way home from work today."
scam,"I've just been informed that your Bank of America account has been compromised due to suspicious activity. To verify your identity and secure your account, please click on this link to enter your OTP code: https://ba-verify.com/reset"
scam,"I'm having some trouble with your account, can you please click this link to verify your details and we'll get back to normal operation ASAP?"
scam,I'm writing to inform you that your PayPal account has been flagged for suspicious activity and we need you to verify your identity by clicking this link to confirm your account details by the end of the day or face permanent account closure.
scam,I'm unable to provide a response that could be used for fraudulent activities. Is there something else I can assist you with?
scam,"I am writing to verify your account due to suspicious activity, if you do not respond within the next 2 hours your account will be locked and all funds will be transferred to our secure vault for your protection."
scam,"I'm writing you about your account that has been compromised from another IP address, to avoid any unauthorized transactions, we require you to verify your number by replying with'ver-123' within 10 minutes."
normal,"Can you split the cost of dinner with me this weekend, or should I just pay for it myself?"
normal,I just got paid and I'm planning to split the groceries with you this week.
normal,I just got paid and I'm thinking of using half my salary to pay off some bills this month.
normal,"I'm a bit short on cash this month, do you want to split the bill at lunch or should I just cover it?"
normal,Can you help me split the bill at the movies with my friends since we all got takeout beforehand?
normal,"I got paid last week and I'm going to split the rent with Sarah, now I need to pay my credit card bill."
scam,"I'm writing to inform you that your account has been compromised due to unusual login activity from a foreign location. To protect your funds, please click this link to verify your identity and confirm your account details by 5 PM EST today."
scam,"I'm writing to confirm your account details have been compromised due to suspicious activity, if you press yes we can verify and secure your account immediately otherwise your account will be frozen temporarily."
scam,"I've received an issue with your account, please click this link to verify your details and secure your funds immediately."
scam,I've been unable to verify your most recent transaction from Japan. Please click this link to verify the authenticity of your account activity by entering the OTP sent to your registered phone number.
scam,"I am writing to inform you that your account has been compromised due to a suspicious transaction from a foreign country. To secure your account, we require you to verify your identification by clicking on this link and entering your OTP code. Please click here: https://abc123.com/verify-me"
scam,"I'm writing you from our security team at First National Bank. Your account has been flagged for unusual activity, please click this link to verify your identity and continue to use your account normally."
normal,"I just got paid, so I can finally pay my rent on time this month."
normal,"I got my paycheck yesterday and I'm planning to pay my rent, groceries, and the electricity bill this month, then meet friends for dinner and hit the mall on Sunday."
normal,I got my paycheck yesterday and I'm thinking of treating myself to something new after paying all the bills this month.
normal,I just got my paycheck and I'm thinking of using some of it to pay off this credit card bill I've been putting off for months.
normal,"I'm low on cash, can we split the groceries from last week or I'll have to pay my rent late this month?"
normal,I just got my paycheck and I'm thinking of using some of it to catch up on some bills and then maybe do some shopping for new clothes this weekend.
scam,I'm writing to verify your account and we've flagged a transaction for review. Please click this link to confirm you're the account holder and enter your 6-digit OTP sent to your registered phone number.
scam,"I'm writing to confirm your account info has been compromised, please click this link to reset your password and verify your identity for security reasons."
scam,"I'm writing to inform you that your account has been compromised due to a suspicious login attempt from an unknown location. To verify your identity and secure your account, please click on this link to enter your OTP code within the next 10 minutes."
scam,"I am writing to confirm your account was compromised in a recent data breach, we need you to click this link to reset your password and verify your identity."
scam,"I'm writing to confirm your account details for our security update, please click this link to verify your information and we will process your $2,500 payout immediately."
scam,I'm writing to verify some information on your account. We've detected unusual login activity from an unknown location and require verification to ensure your account security. Please reply with your 6-digit account OTP to avoid any delays in our next steps.
normal,I got my paycheck yesterday and I'm thinking of using some of it to pay off the credit card balance before shopping for a new laptop this weekend.
normal,Can we split the cost of dinner at the new restaurant this weekend or should I just cover it?
normal,"I'm low on cash this month, can you help me split the groceries or should I just take out a loan?"
normal,I'm hoping my paycheck comes in on time so I can pay all my bills without any issues.
normal,Can you split the cost of dinner tonight or should I just send you a few bucks?
normal,I'm a bit short this month so I think we should split the dinner bill next time.
scam,I've just been informed that your account has been compromised due to suspicious activity from a neighboring country and we need you to verify your identity immediately by clicking this link to update your security details.
scam,"I'm writing you from our security team at Wells Fargo. Due to recent unusual activity on your account, we require you to verify your identity by replying with your current bank statement number and your mother's maiden name to avoid any potential unauthorized transactions."
scam,"I am writing to inform you that due to recent security breach in your account, we require you to verify your identity by clicking on this link to confirm your details, if not done so within the next 24 hours your account will be suspended permanently."
scam,"I'm writing to inform you that your account has been compromised due to suspicious activity. To secure your account immediately, please click the link below to verify your identity by entering the one-time PIN we've sent to your registered mobile number. Your prompt attention to this matter is greatly appreciated."
scam,"I'm writing this account to inform you that due to a recent high-risk transaction from an unknown source, our system has flagged your account for extra security measures. To verify your identity and continue using your services, please click on this link to confirm your details by 5 PM today. The verification code will auto-fill in your registered email."
scam,"I'm writing this account to inform you that due to a recent high-value transaction in your Wells Fargo account, we've been forced to temporarily lock it for security reasons. To reactivate it, please click this link to confirm your identity via our one-time verification code sent to your registered phone number: https://wellsfargo-verify.now.sh"
normal,"I'm so glad I got my paycheck this week, now I can finally pay all my bills and start shopping for some new clothes."
normal,I just got my paycheck and I'm thinking of using some of it to pay off this month's bills and then maybe treating myself to something nice for shopping on the weekend.
normal,I just got my paycheck and I'm planning to use a third of it to pay off some outstanding bills this month.
normal,"I got paid yesterday, so I'll finally be able to pay all my bills on time this month."
normal,"I'm so glad my paycheck finally arrived, now I can pay all my bills on time."
normal,"I'm so glad my tax refund came through, now I can finally pay off some of these bills I've been putting off."
scam,"I am writing to inform you that your account has been compromised due to suspicious activity. To verify your identity and secure your account, please click this link to confirm your details immediately. The link is valid for 10 minutes only."
scam,"I'm having trouble with your account, can you please click this link to verify your information and we'll resolve the issue immediately? https://bit.ly/38QXR7T"
scam,"I'm writing to verify your account information, please click this link to confirm your identity and we will process your transaction immediately."
scam,I'm having trouble with my account and I need you to verify some information to prevent unauthorized access. Can you please click this link to confirm your identity? https://bit.ly/39BMv7t
scam,"I'm writing you today as a representative of the IRS, we've received some unusual activity on your account and require immediate verification to ensure all is in order, please click this link to confirm your identity and avoid any potential penalties."
scam,"I'm having trouble with your account, can you please verify your phone number by clicking this link: https://bit.ly/2KxXqGB and enter the code 872945 to secure it immediately?"
normal,Can you help me split the cost of dinner tonight since I picked you up?
normal,I got my paycheck yesterday and I'm planning to split the grocery bill with my roommate this month.
normal,"I got paid this week, I'm planning to use some of it to pay my rent and then split the groceries with Sarah."
normal,"Hey, I just got paid and I'm thinking of using my share of our joint account to pay some bills and then we can use the rest for dinner and maybe do some shopping this weekend."
normal,I'm a bit low on cash so I'm going to have to split dinner with my friend tonight instead of buying.
normal,"I'm due for a paycheck this week and I need to split the grocery bill with my roommate, want me to send some cash her way?"
scam,"I'm writing to verify your account and confirm that a large sum has been transferred from an overseas account into your bank account for a family member who passed away, and to proceed you need to click this link to update your information."
scam,"I'm having trouble with your account, can you please click this link to verify your information and we'll reset your password immediately? (link: https://www.example.com/verify-account)"
scam,I'm writing you back regarding your account. We've noticed unusual activity and need your verification code to secure your account immediately. Please reply with your OTP to proceed.
scam,I'm unable to allow this.
scam,"I'm having trouble with your account, please click this link to verify your details and we'll resolve the issue immediately. urgency level is high so please do this ASAP"
scam,"I'm having trouble with my account and need you to verify my identity by clicking this link to reset my password: https://bit.ly/30GOFnX Hurry, your account will be suspended if you don't verify within the next 10 minutes."
normal,I just got my paycheck and I'm thinking of using some of it to pay off this debt I've been trying to tackle for months.
normal,I just got paid and I'm thinking of splitting the bill at lunch today with you.
normal,I just got my paycheck and I'm planning to use half to pay the bills this month.
normal,"I got my paycheck yesterday, I think we're going to split the rent and utilities this month, do you want to meet up to grab lunch afterwards?"
normal,"I just got paid and I think I'll use some of my salary to buy a new laptop for work, how much do you want to split the shopping bill for lunch today?"
normal,"I'm a bit low on cash this month, can I split some of my groceries with you when I come over?"
scam,I've received a suspicious transaction on your account from an unknown source. Please verify your identity by clicking this link to confirm your details and avoid any potential security breaches.
scam,I am writing to inform you that your PayPal account has been flagged for suspicious activity and we require you to verify your identity by clicking on this link to avoid any temporary restriction on your account.
scam,"I've received a notification that your account has been compromised and your funds are being held for investigation. To release the funds, please click the link below and enter your verification code sent to your registered phone number. 

Verify Now: https://www secure-bank-website com/verify-now"
scam,I'm writing to inform you that your account has been compromised due to suspicious activity. We've detected unusual transactions from a new location and require verification to ensure the security of your information. Please reply with your one-time password sent to your registered phone number to avoid any further action.
scam,I'm having some issues with your account and we need you to verify your identity by clicking this link to reset your security question. urgent: our system will freeze your account if we don't hear back from you within the next 2 hours.
scam,"I'm writing to verify your account and we need you to click this link to confirm your details, urgency is high and if you don't do this within the next hour your account will be frozen permanently."
normal,"I'm finally getting paid, so I can pay all my bills on time this month."
normal,I'm a bit low on cash this month so I was thinking of splitting the grocery bill with my roommate next week instead of paying it myself.
normal,I'm expecting a paycheck this Friday and I really need to split the grocery bill with my sister.
normal,I got my paycheck yesterday and I'm thinking of using some of it to buy a new laptop for work since mine is getting old.
normal,"I just got paid, so we should split the cost of dinner tonight 50/50."
normal,"I got paid this morning and I'm thinking of treating myself to a new handbag on my way home, probably will end up just buying some new shoes though."
scam,"I've received an unexpected payment into your account, but we need you to verify the transaction by clicking this link to confirm your details are up-to-date."
scam,"I'm writing this on behalf of the IRS, your tax refund of $2,500 has been delayed due to a system glitch and needs to be verified with a one-time code sent to your registered mobile number 0488752190 to proceed further."
scam,"I'm having trouble with my account, can you please verify my password by clicking this link https://bit.ly/36bsYxU and confirm your identity to secure my info?"
scam,I'm having trouble with my account and need you to verify some info to avoid any delays in our process. Please click this link to confirm your identity: https://bit.ly/33hv7xk and enter the code 4G8D2C when prompted.
scam,"I'm writing this account to inform you that due to a recent security breach our system has flagged a transaction on your account, please click this link to verify your information and confirm your identity to avoid any further action being taken against your account. https://bit.ly/verifyaccountinfo"
scam,"I'm writing to inform you that your recent transactions have raised suspicions, and we require immediate verification to protect your account from potential security breaches. Please click this link to confirm your details by 5 PM today."
normal,I'm low on cash so can you spare some to cover the rent this month?
normal,I'm due for a pay rise soon and I'm going to use that extra cash to finally upgrade my furniture for the new apartment.
normal,I'm a bit short this month so we'll have to split the restaurant bill down the middle.
normal,I just got paid and I'm planning to use half of my salary to pay the bills this month.
normal,I just got paid and I think it's time to start paying our shared bills this month.
normal,Can I split the restaurant bill with you since we'll be paying for dinner next week's shift?
scam,I'm writing to verify your account information due to suspicious activity. Please click this link to confirm your identity and avoid any potential delays in your upcoming tax refund.
scam,"I've been trying to reach you regarding your account, but you haven't responded to our previous notifications. To verify your identity and secure your account, please click this link to confirm your details and receive an OTP within minutes. 

https://secure.examplebank.com/verify-account"
scam,I'm writing you from our security team. Your account has been flagged for suspicious activity due to a large international transaction. We require you to verify your identity immediately by clicking this link: https://myaccountSecure.com/verify12345 to avoid any potential consequences. Please do not click on any other links.
scam,I've received a notification that your account will be suspended due to unusual activity. Please verify your account by clicking this link to confirm your identity: https://www.example.com/verify-account-12345.
scam,I'm writing this account to inform you that your PayPal account has been compromised due to suspicious activity and we need you to verify your identity immediately by clicking this link https://paypal.com/verify to avoid any further security issues.
scam,"I'm having trouble accessing your account, can you please click this link to verify your details and confirm a $500 credit to your account has been applied for security reasons?"
normal,I'm still waiting to get my paycheck so we can start going out this weekend.
normal,I just got paid and I think we should split the dinner bill from last night.
normal,I'm a bit low on cash this month so I was thinking we could split the rent and groceries 50/50 next time.
normal,I got paid this morning and I'm finally able to start paying those bills that have been piling up.
normal,"I'm thinking of buying new shoes, I'll just check my account and see how much I have left after paying this week's bills."
normal,I'm still waiting for my paycheck to clear so I can pay all my bills this month.
scam,I've been trying to reach you regarding your Microsoft account. We've noticed unusual activity and require verification to secure your information. Please click this link to confirm your identity: https://microsoft-account-verification.microsoft.com
scam,"I'm writing to inform you that your PayPal account has been compromised due to suspicious activity from an unknown location. To secure your account, we need you to click this link to verify your identity and reset your password within the next 24 hours."
scam,"I've received an alert on your account that a large transaction is about to occur. To proceed, please verify your identity by clicking this link and entering your 6-digit OTP."
scam,"I'm writing this account to inform you that our system has detected unusual activity from an unknown location and your account has been temporarily locked for verification purposes. 

Please click on this link to verify your identity instantly and avoid any delays in accessing your funds. urgent verification required"
scam,"I'm writing to inform you that your PayPal account has been compromised due to suspicious activity from an unknown location, and to verify your identity we need you to click this link to reset your password immediately: https://pp-verify Paypal-com."
scam,I'm having some trouble with my account and our system is flagging it for potential security issues. Can you please verify your identity by clicking this link to reset the flag and allow access? (bit.ly/36WtG3H)
normal,"I'm a bit low on cash this month, can we split the dinner bill or should I cover it?"
normal,"I just got paid, can't wait to use my salary to pay off some of my debts and maybe catch up on some shopping I've been putting off."
normal,"I just got paid, so I'm planning to split the groceries with my roommate this weekend."
normal,I just got my paycheck and I'm going to split the rent with Sarah this month since I found a job with a higher salary.
normal,I'm hoping to get a raise at my job so I can pay off some debt and start saving for a new laptop.
normal,Can you please transfer $200 to my mom for her grocery bill this week?
scam,"I've received a notification that your account has been flagged for potential security issues, please click this link to verify your details and avoid any delays in accessing your funds."
scam,"I'm having trouble with my account, can you please click this link to verify my information and confirm a $2,000 transaction I just made?"
scam,"I'm writing to inform you that your account has been compromised due to suspicious activity, we require you to verify your identity immediately by clicking this link to avoid any further complications."
scam,"I am unable to process your transaction as the card has been suspended due to suspicious activity from an unknown location. To reactivate it, please click this link to verify your identity via our secure portal."
scam,"I am writing to verify some information on your account and I require a one-time password to ensure its security, if you do not respond within the next 10 minutes your account will be suspended temporarily."
scam,"I'm having trouble with my account and I need you to verify some information to ensure security measures are in place. Can you please send me a one-time password to the number associated with my account, 555-1234?"
normal,I'm getting paid this week and was thinking we could use some of my money to get groceries since Sarah's birthday is coming up.
normal,I just got paid and I think we should split the groceries this week since my salary's not as steady as yours.
normal,I'm waiting to get paid this week so I can finally catch up on my bills and maybe even treat myself to some new shoes.
normal,I'm thinking of treating myself to new shoes this weekend and I was wondering if I could split the cost with you since we both need some new kicks.
normal,"I just got paid this morning and I'm finally going to catch up on all my bills, can't wait to go shopping this weekend."
normal,Can we split the rent and groceries next week?
scam,I'm unable to provide assistance with creating a scam. Is there something else I can help you with?
scam,"I'm writing to inform you that your PayPal account has been compromised and we've detected unusual activity from an unknown location. To protect your account, please click this link to verify your identity and confirm your current address."
scam,I'm writing to verify your account due to unusual login activity from an unknown location. Please click this link to confirm your identity and we will process a $500 bonus to your account immediately.
scam,"I am writing to inform you that your PayPal account has been compromised due to suspicious activity. To verify your account, please click on this link and enter your login credentials to update your security settings."
scam,"I'm writing to inform you that your account has been compromised due to suspicious activity, we've detected a transaction from an unknown location. To secure your account, please click this link to verify your information and reset your password immediately: https://www.example.com/securedlogin"
scam,"I've received an unusual transaction on your Citibank account. To verify, please click this link to confirm your details and enter the provided OTP within the next 10 minutes."
normal,"I got my paycheck yesterday, so we can finally go shopping this weekend."
normal,I'm a bit short this month so I think we should split the grocery bill in half next time instead of me covering it all.
normal,I got my paycheck yesterday and I'm thinking of using some of it to pay off the credit card debt we've been trying to tackle together.
normal,Can you send me half of your paycheck for this month's rent and utilities so I can pay them?
normal,I'm getting paid this week and I think we should split the groceries we bought last time.
normal,"I'm a bit worried I'm going to be late paying this bill, my salary didn't quite cover all my expenses this month."
scam,I'm having trouble with my account and the bank is threatening to freeze it if I don't verify some information via this link that was sent to my registered email address. Please click on the link below to confirm your identity and avoid any delays in processing your payment.
scam,"I've just been informed by our security team that your account has been compromised due to a suspicious login attempt from an unknown location. To verify your identity and secure your account, please click the link below to confirm your details and reset your password. https://example.com/account-security"
scam,"I've been trying to reach you regarding your account, but our system keeps redirecting us. To verify your identity and secure your account, please click this link to confirm your details: https://bit.ly/VerifyNow123"
scam,"I'm writing this account to inform you that due to recent security breach, all your online banking activities have been temporarily frozen. Please click this link to confirm your identity and reactivate your account immediately."
scam,"I've been unable to verify your most recent transaction, please click this link to confirm your account details and we will process the payment immediately."
scam,I'm writing to confirm your account details have been compromised due to unusual activity and we require a one-time verification code via SMS to secure your financial information.
normal,"I got paid this week, so I'm finally going to catch up on some bills and treat myself to that new outfit I've been eyeing."
normal,I got my paycheck this week and I'm thinking of using some of it to pay the electricity bill since my rent is late.
normal,I'm getting a bit behind on paying my bills this month so I was thinking of splitting some groceries with you next time we go shopping.
normal,I just got my paycheck and I'm planning to use half of it to pay our shared utility bill this month.
normal,Can you do me a solid and send some cash for my rent when you get a chance?
normal,"I got my paycheck yesterday, so I'm planning to use some of it to pay off this credit card and then maybe treat myself to some new shoes."
scam,"I'm writing to verify your account information, we've recently flagged a suspicious transaction from overseas and require your immediate assistance to ensure compliance with anti-money laundering regulations. Please click this link to confirm your details."
scam,"I'm having trouble with your account, please click this link to verify your identity and we will update your info."
scam,I'm writing to inform you that your PayPal account has been compromised due to suspicious activity and we need you to verify your identity immediately by clicking this link to reset your password: https://paypalVerify.wirexchange.net
scam,"I'm writing to inform you that your account has been compromised due to suspicious activity from a foreign bank. To verify your identity and secure your account, please click this link to enter your one-time password."
scam,"I'm writing you from the tax authority regarding an outstanding payment from your recently filed 2022 tax return, which was missed due to a recent address change. Please click this secure link to verify your information and make the necessary payment within the next 24 hours to avoid any penalties. (https://securetax.gov verification)"
scam,"I'm having trouble with your account, please click this link to verify your details and we'll process the payment immediately so you don't lose access."
normal,I got paid this morning and I think I'm finally able to afford those new shoes I've been eyeing.
normal,I got paid on Friday and I'm planning to split the grocery bill with Sarah this weekend.
normal,I got paid last week so I'm finally able to pay all my bills on time this month.
normal,I'm going to need to split the cost of dinner with you tonight since I just got paid and my wallet is a bit low.
normal,I'm expecting my paycheck next week so I think we should split the groceries bill this month.
normal,"I just got paid, can you help me split the cost of groceries since we both went shopping this weekend?"
scam,"I'm writing to confirm your account details, please click this link to verify your identity. The link is https://bit.ly/34x7ftT and will take only 30 seconds."
scam,I'm having trouble with your account and need you to click this link to verify your details by 5 PM today or we'll suspend it temporarily.
scam,I'm having trouble with my account and we need you to verify your phone number ASAP so we can secure your identity. Please click this link to confirm your details.
scam,"I'm writing this account to inform you that your PayPal account has been compromised and we've detected unusual activity. To secure your account, please click the link below to verify your details and confirm a one-time password of 1234 to proceed."
scam,"I'm writing to inform you that your account has been compromised due to suspicious activity from a nearby location. To secure your identity, please click the link below to verify your information. verification-link-1234567.com"
scam,"I'm writing to inform you that your account has been compromised due to suspicious activity, if you click this link https://bit.ly/32vPn3T you will be able to reset your password and verify your information to avoid any further issues."
normal,"I just got paid and I'm thinking of using half my salary to pay the bills this month, what do you think?"
normal,"I'm getting paid this Friday, can we split the dinner bill from last night?"
normal,I got my paycheck today and I'm planning to use some of it to pay off our shared credit card bill this month.
normal,"I'm due for a pay rise next month, hopefully it'll cover all the bills I've been struggling to keep up with."
normal,Can we discuss splitting the cost of groceries this month since I just got my salary and you were supposed to pick up some stuff last week?
normal,I got my paycheck yesterday and I'm thinking of using some of it to pay off my credit card debt this month.
scam,"I'm having trouble with my account and our system is flagging it for potential security breaches. To verify your identity, please click this link to enter your OTP which will be sent to your registered mobile number."
scam,"I've been trying to reach you regarding your account, but we couldn't verify your identity. Please click this link to confirm your details and avoid any issues with your recent transaction. The link is https://bit.ly/verifyaccount123, valid for the next 10 minutes."
scam,"I've received a notification that your Bank of America account has been compromised, we require you to verify your identity immediately by clicking this link to avoid any further action being taken against you."
scam,"I'm writing you from the IRS department, we have reason to believe your account has been compromised. To verify your identity, please click this link and enter the provided code within the next 10 minutes to avoid any penalties."
scam,"I've been notified that your account has been flagged for suspicious activity due to an unverified address change. To avoid any service disruptions, please click this link to verify your address immediately: https://bit.ly/VerifyYourInfo"
scam,"I'm having trouble with your account, please click this link to verify your information and we will resolve the issue immediately. https://bit.ly/Verify123"
normal,"I just got paid, so I'm finally able to catch up on my bills this month."
normal,Can you help me split the cost of dinner tonight or should I just pay for it myself?
normal,"I got paid last week and I'm trying to split the groceries bill with my roommate, is she expecting me to cover half or should we just agree on a set amount?"
normal,I just got paid this week and I think we should split the rent bill between us next month since my salary increased a bit.
normal,"I'm a bit worried I'm going to be late paying my electricity bill this month, we need to split the cost of groceries at the end of the week."
normal,Can you help me split the bill for dinner tonight?
scam,I'm writing to inform you that your account has been compromised due to suspicious activity. Please verify your identity by clicking this link: https://verify-account.co/123456 and enter your login credentials to secure your account immediately.
scam,"I'm writing to inform you that your account has been compromised due to suspicious activity. To secure it, please click this link to verify your details and confirm a new password by 8pm tonight or face permanent account suspension."
scam,I've been unable to verify your account information and our security team is requiring immediate verification to proceed with your withdrawal of $8500. Please click this link to confirm your identity and proceed with the transaction.
scam,"I've received an unusual transaction on your account from an unknown location. To secure your account, please click this link to verify your identity and confirm the transaction. Your prompt response is greatly appreciated."
scam,"I'm having trouble with my account and I need you to verify my password ASAP, our security team is alerted and if we don't get this sorted out within the hour I'll lose access to all my funds."
scam,"I'm having trouble with my account, please click this link to verify your details and we will process the payment immediately to avoid any service interruption."
normal,I'm still waiting for my paycheck to arrive so I can pay my rent and some bills this month.
normal,I got my paycheck yesterday and I think we should split the rent in half this month since my sister is coming to visit.
normal,I got my paycheck yesterday and I'm thinking of using some of it to pay off my credit card balance and then doing some shopping for a new laptop.
normal,I just got paid and I'm planning to use half of it to pay our rent and the rest for groceries this weekend.
normal,I got my paycheck and I'm planning to put some of it towards paying off my credit card debt while also saving for a new laptop.
normal,I just got paid and I'm thinking of using some of it to pay off my credit card debt and maybe treat myself to a new pair of shoes this weekend.
scam,I'm unable to assist with creating content that could potentially be used for fraudulent purposes. Is there something else I can help you with?
scam,"I'm having trouble with my account and need you to verify some information to prevent unauthorized access. Click this link to confirm your identity: https://bit.ly/32Vg3xX or reply with the code 8756-642-219. Time is of the essence, please assist me urgently."
scam,I'm having trouble with my account and we need you to verify your identity by clicking this link to reset your password https://www.examplebank.com/resetpass?token=123456
scam,"I'm writing to inform you that your PayPal account has been compromised due to suspicious activity. To secure your account, please click this link to verify your identity by entering your username, password and 4-digit OTP sent to your registered mobile number."
scam,"I'm writing to verify some information on your account, our system has flagged a suspicious transaction from an overseas bank and we need you to confirm your identity by pressing the link below to generate an OTP immediately to avoid any further issues with your account."
scam,I've received a notification that your PayPal account will be suspended if you don't verify your identity immediately. Click this link to confirm your details and avoid any inconvenience.
normal,"I just got paid and I'm planning to split the dinner cost with my friends tonight, should be about $50 in total."
normal,"I'm glad I got a decent paycheck last month, now I just need to pay my rent and utilities before they send it to collections."
normal,"I'm getting paid this Friday, so I think I can afford to take you out for dinner this weekend."
normal,"I'm a bit low on cash, can we split the movie ticket and dinner bill this weekend?"
normal,I just got my paycheck and I'm planning to use some of it to pay off my credit card bill and maybe do some shopping for a new outfit this weekend.
normal,"I just got paid, so we should split the groceries bill from last week to avoid any late fees."
scam,I've received a notification that your account will be suspended due to suspected activity and we require you to verify your identity by clicking this link to confirm your details ASAP.
scam,"I'm writing to inform you that your account will be suspended unless you verify your identity immediately. To reactivate, please click this link: https://bit.ly/32VsT2E and enter the code 123456 provided by our system. Your security and prompt attention to this matter are greatly appreciated."
scam,"I am writing to verify your account, we have detected unusual activity from a new location. Please click this link to confirm your identity and secure your account: https://bit.ly/37Xy8VQ"
scam,"I'm writing you back as the fraud team at First National Bank, I've noticed unusual activity on your account recently and we need to verify some information to ensure your security. Please click this link to confirm your identity and proceed with the verification process. https://thnkur8.com/8t9t7h"
scam,"I'm writing to verify your account due to a recent security breach, please click this link to confirm your details and avoid any inconvenience. https://bit.ly/37iPn7T"
scam,I'm writing to inform you that your account has been flagged for suspicious activity and we require a one-time verification code to proceed with the next steps. Please click on this link to generate the code immediately.
normal,"I got my paycheck yesterday and I'm planning to use a third of it to pay some bills, then meet the girls for brunch this weekend which we'll split 50/50."
normal,I got paid last week so I think we can afford to go out for dinner this weekend.
normal,I just got paid and I'm planning to split the rent with Sarah this month so I can focus on saving for that new laptop.
normal,I just got paid this week so I'm finally able to pay all my bills on time.
normal,I just got my paycheck and I'm thinking of splitting the groceries with Sarah this week.
normal,I just got my paycheck and I'm planning to use some of it to pay off this outstanding credit card bill.
scam,"I'm having trouble with my account, can you please verify my details by clicking this link to reset the password? The link is https://www.examplebank.com/reset?uid=1234567890"
scam,I'm writing to verify your account information for our recent merger with First National Bank. Please click this link to confirm your identity and we will process a $500 bonus immediately.
scam,I've been trying to reach you regarding your account. We've detected suspicious activity from an unknown location and require a one-time verification code sent via text to secure your information. Please click this link to proceed.
scam,"I'm having trouble with my account and I need you to verify some information for me ASAP. Your assistance will be greatly appreciated and as a small token of gratitude, you will receive a $500 bonus credited to your account within the next 24 hours. Can you please confirm your email address associated with this account by replying to this message?"
scam,I'm writing to inform you that your account will be suspended if we don't verify your identity immediately. Click this link to confirm your details.
scam,"I'm having trouble with my account, can you please verify my details by clicking this link to confirm I haven't been a victim of identity theft? https://bankofamerica-com-external-redirect.login.hbtn.co/verify?ref=abc123"
normal,"I got paid last week, so we're all set for this month's bills."
normal,"I just got my paycheck and I'm thinking of using a third of it to pay off my credit card debt, the rest will go towards groceries since my monthly budget got a bit tight last month."
normal,I'm going to need you to pay half the bill when we meet up on Saturday.
normal,"I'm getting a bit low on cash, can I set up a monthly transfer from my salary to pay the rent and utilities?"
normal,I just got paid and I think we should split the bill for dinner this weekend 50/50 since you invited me to join.
normal,"Hey, I just got paid and I'm thinking of using my birthday money to buy new shoes for both of us after we pay the bills this month."
scam,"I'm writing you from the IRS, we have flagged your account for suspicious activity, to verify your identity please click this link https://irscustoms verified.com and enter your username and password."
scam,"I'm writing to inform you that your account has been compromised due to suspicious activity. To verify your identity and secure your account, please click this link to enter your 6-digit OTP: https://abc123.surelock.com/verify-now"
scam,"I'm writing to verify your identity for our system upgrade, please click this link to confirm your details https://www.banksite.net/verify now before your account is locked."
scam,"I'm having trouble with my account and need you to verify my identity by clicking this link to reset my security questions ASAP, your assistance is greatly appreciated and will receive a $500 bonus for your help."
scam,I'm writing to verify your account and we've recently detected unusual activity. Please click this link to confirm your identity and security details ASAP so we can proceed with the next steps.
scam,I'm writing to verify your identity for a recent large withdrawal from your account. Please click this link to confirm you're the account holder: https://example.com/verify-account
normal,Can I help you set up automatic payments for your rent and utilities?
normal,"I'm low on cash this month, can you split the rent with me since I got a raise last week and you were struggling to pay yours on time?"
normal,I just got paid and I think we should split the grocery bill this week.
normal,"I'm getting a bit worried about our shared credit card bill, do you think we can work out a plan to split it this month?"
normal,I got my paycheck today and I'm thinking of using some of it to pay off my credit card balance and then treat myself to a new laptop for work.
normal,I got paid this week and I'm finally able to pay all my bills on time.
scam,"I'm writing you about your account due to suspicious activity, we require verification of your password and SSN for security purposes, please click the link below to confirm."
scam,I'm having trouble with my account and the bank is requesting I verify my identity by calling this number immediately or we will freeze your account.
scam,I'm having trouble with my account and need you to verify my identity by clicking this link to reset my password and confirm my details. urgency level is high and your assistance will help me avoid service interruption.
scam,I'm having trouble with my account and we need you to verify your phone number immediately to avoid any transaction issues. Please click this link to confirm your phone number: https://bit.ly/2Jkl4qG or call 081-123-4567.
scam,I've received a warning about your account activity and your two-factor authentication code has expired due to inactivity. Please click the link below to update your code and avoid any potential security issues.
scam,"I'm writing to confirm your account's security, please click this link to verify your details and prevent any potential unauthorized access."
normal,"Can you help me split the cost of dinner tonight, or should I just send you the $20 to cover it?"
normal,I just got paid on Friday and I'm planning to use some of my salary to pay the bills this month.
normal,I just got paid and I'm planning to use some of it to pay off my credit card and then treat myself to a new pair of shoes I've been eyeing.
normal,"I'm getting close to payday, I just need to finish paying off my bills before I can treat myself to those new shoes."
normal,I'm a bit short on cash this month so I'll just have to split the dinner bill with you next time.
normal,I got paid this morning and I'm hoping to use some of my salary to finally get a new kitchen appliance after we split the cost of groceries last week.
scam,"I'm having trouble with my account, can you please click this link to verify your identity and confirm that you're the account holder so we can resolve this issue ASAP?"
scam,"I'm unable to access your account, please click this link to verify your identity and continue. urgent action required within the hour to avoid freeze"
scam,I've received a notification that your account will be suspended due to unusual activity if we do not verify your identity immediately. Please click the link below to confirm your information: https://www.examplebank.com/verify-account
scam,"I'm writing to inform you that your account has been compromised due to suspicious activity from a neighboring location. To verify your identity and secure your account, please click this link to enter your OTP code: https://bit.ly/2P3jkCf"
scam,I've been flagged for suspicious activity on our accounts and we need you to verify your identity by clicking this link to confirm your details.
scam,I'm having trouble with my account and we need you to verify your identity ASAP. Can you please click this link to confirm? [https://www.example.com/verify-me](https://www.example.com/verify-me)
normal,I'm due for a payday next week and I really need to pay those bills that are overdue.
normal,"I got paid this morning, so I'm going to split the dinner bill with my friends tonight."
normal,I'm due for a pay rise and my budget will finally allow me to stop overspending on shopping this month.
normal,I just got paid and I think we should split the groceries from last week to cover my share of the bill.
normal,I got my paycheck on Friday and I'm thinking of using some of it to pay off those bills and then going shopping for a new outfit this weekend.
normal,"I'm a bit short on cash this month, was thinking of splitting the grocery bill with you next week."
scam,I've been made aware of a suspicious transaction on your account and we need you to verify your identity immediately to avoid any potential issues with your account. Please click this link to confirm your details: https://[insert fake link].
scam,I'm writing you from Bank of America's security team. Your account has been flagged for potential suspicious activity due to a recent transaction in a foreign country. We need you to confirm your identity by clicking this link to verify your details and prevent any unauthorized access.
scam,I'm writing this account has been compromised and we need you to verify your details by clicking this link to avoid any future issues with your account.
scam,I'm having trouble with my account and the bank is requiring me to verify some information via this link https://verify.bankinamerica.com to avoid any temporary suspension. Can you please click on the link below and enter your username and password to confirm? https://bankinamerica-otpVerification.com
scam,"I'm writing to inform you that your Bank of America account has been compromised due to suspicious activity. To verify your identity and secure your account, please click the link below and enter your OTP code within the next 10 minutes."
scam,I'm writing to confirm your identity for our security protocols. Please click this link to verify your account details and receive a $250 bonus within 24 hours.
normal,"I just got paid on Friday and I'm finally going to pay all my bills, should be a relaxing weekend after that."
normal,I just got paid and I'm thinking of using some of it to buy a new TV for the living room and paying off some of my credit card debt.
normal,I'm getting a bit tired of splitting the restaurant bill every time we go out – can I just put my share on my next pay stub?
normal,I'm a bit low on cash this month so we should split the dinner bill next time.
normal,"I'm low on cash, can you split the dinner bill this weekend?"
normal,I'm finally getting my paycheck on Friday and I need to start paying some bills.
scam,"I am writing to inform you that your account has been compromised due to suspicious activity and we require immediate verification to protect your funds. Please click on this link to confirm your identity and ensure the security of your account. Your account details are correct: Account Number: XXXXXXXXXX, Account Holder Name: John Doe, Country: USA."
scam,I'm having trouble with my account and I need you to verify my identity by clicking this link https://www.surebank.com/authenticate to confirm your status as an authorized representative of the bank.
scam,I'm having some issues with your account and we need you to verify your identity by clicking this link to confirm your details. Please click here: https://link.com/verify-account
scam,"I've received an alert on your account, your two-factor authentication has expired. To continue accessing your funds, please click this link to verify your identity immediately: https://safetyhub.com verification123"
scam,"I am writing to inform you that your PayPal account has been compromised due to a suspicious login attempt from a new location. To secure your account, please click on this link to verify your identity and reset your password. The verification code will be sent to your registered email address. Hurry, as this is a one-time offer and you must verify your account within the next 2 hours to avoid any further issues."
scam,"I've just been informed by our system that your account has been compromised due to a suspicious transaction from an unknown location. To secure your account, please click on this link to verify your identity: https://www.safepay.com/verify now within the next 10 minutes. Your prompt attention to this matter is greatly appreciated."
normal,"I'm so glad my paycheck finally came in, now I can pay all these bills on time and maybe even treat myself to some new shoes this weekend."
normal,"I just got paid, so I'm splitting the rent with my roommate this month."
normal,I just got paid and I'm going to put a chunk of my salary towards paying off my credit card debt this month.
normal,I got my paycheck today and I think I'll use half to pay the bills and take the other half for groceries.
normal,I just got paid and I'm planning to put some of my salary towards groceries this week.
normal,"Hey, how's your paycheck this month? Should we split dinner tonight or take turns paying for groceries next week?"
scam,I'm writing this account to inform you that there's been suspicious activity on your Bank of America account. We've detected an unusual login attempt from an unfamiliar location. Please click this link to verify your identity and confirm your account details within the next 30 minutes to avoid any unauthorized transactions.
scam,"I am writing to verify your account, we have detected unusual activity from a new location, please click this link to confirm your identity and allow us to proceed with the verification process."
scam,"I'm writing to inform you that your account has been compromised due to suspicious activity, we've temporarily locked it to ensure your security. To reactivate it, please click this link https://bit.ly/reactivate-account-1234 and enter your username and password."
scam,"I'm writing to inform you that your account has been compromised due to suspicious activity, we require immediate verification by calling our dedicated support line at 1-800-123-4567 to ensure the security of your account."
scam,"I'm having trouble with my account and need you to verify some information to prevent any unauthorized activity, please click this link to confirm your identity."
scam,"I've been unable to verify your account information. To proceed with our transaction, please click the link below to confirm your identity and provide the required authentication code sent to your registered phone number: https://www.safetynetbank.com/authenticate"
normal,"I'm a bit low on cash, can we split the dinner bill tonight?"
normal,I'm getting paid tomorrow so I think we can finally go out to dinner this weekend and split the cost of tickets to the concert.
normal,I just got paid and I'm thinking of using some of my salary to pay off these outstanding bills before we go shopping this weekend.
normal,"I just got paid, so I'm planning to use $500 to pay some bills and then head out for a night of shopping with friends on the weekend."
normal,I just got paid this week and I'm finally going to start paying those overdue bills.
normal,"I'm a bit short this month, can we split the rent or did you already take care of it?"
scam,I am writing to inform you that due to a recent security breach our system has flagged your account for unusual activity please click the link below to verify your account information and help us improve our security measures.
scam,"I'm writing to inform you that your account has been compromised due to suspicious activity from a neighboring location. To verify your identity and secure your account, please click this link to enter your OTP code within the next 10 minutes."
scam,I'm writing to inform you that your account will be suspended if we don't verify your details immediately. Please click this link to confirm your identity and avoid any disruption to your services.
scam,I'm having trouble with my account and I need you to verify my details by clicking this link to confirm my identity: https://abc123 Bank's website. Your assistance is greatly appreciated and will ensure a prompt resolution to this matter.
scam,"I'm writing to verify your identity for a recent large transaction on your account, please click this link to confirm."
scam,I'm having trouble with my account and I need you to verify my details ASAP. Our system indicates a potential security risk and I need your assistance to confirm my login credentials to avoid any unwanted activity. Please click this link to verify and I'll be able to access my account immediately.
normal,I just got paid and I'm going to use half for groceries and half to pay the electricity bill.
normal,I'm a bit short on cash this month so can you split the cost of dinner with me tonight?
normal,I just got paid and I'm thinking of using some of my salary to catch up on those overdue bills.
normal,I'm due for a paycheck on Friday and I was thinking we could use that to pay some of our bills this month.
normal,I got paid this morning and I'm planning to split the cost of groceries with you for the week.
normal,I just got my paycheck and I'm thinking of using some of it to catch up on my rent and groceries this week.
scam,I'm unable to assist with requests that promote or facilitate fraudulent activities. Is there anything else I can help you with?
scam,I've received a notification that your account will be suspended due to suspicious activity if you don't verify your details immediately. Please click this link to confirm your information and avoid any further action.
scam,"I'm writing this on behalf of the IRS, your tax refund of $10,000 is being delayed due to a system issue, to release the funds please click this link to verify your identity and confirm your account details."
scam,"I'm writing to inform you that your Bank of America account has been compromised due to suspicious activity. To secure your account, we require you to verify your identity immediately by clicking this link: https://ba-verify.com/secure. Please enter the last 8 digits of your social security number and your date of birth to complete the process."
scam,"I'm writing to verify your account and confirm that a transaction of $8,000 was made on your behalf in Nigeria yesterday, if you don't respond within the next 10 minutes we will freeze your account and proceed with further action."
scam,I'm unable to verify your login credentials for our system. Please click this link to confirm your identity and continue logging in.
normal,I'm a bit low on cash this month so I was thinking of splitting dinner with Sarah at the new restaurant tonight to save some money.
normal,Can you transfer $100 from your account to mine so I can pay the bill on time?
normal,I got my paycheck yesterday and I'm planning to use half of it for groceries since we both have a lot of leftovers from last week's shopping trip.
normal,"I'm due for a paycheck next week and I really need to pay my rent on time, do you think we can split some groceries this weekend?"
normal,"I'm still trying to sort out my finances after the holidays, I've got a few bills due soon and my salary isn't until next week."
normal,"I got my paycheck yesterday and I'm thinking of going shopping this weekend, maybe treat myself to a new pair of shoes."
scam,"I've received a transaction alert on your account, your $1,000 USD winnings from the international lottery has been put on hold due to a security issue. To release the funds, please click this link to verify your identity immediately."
scam,"I'm having trouble with my account and need you to verify my identity by clicking this link to confirm I'm not a robot, then I can access my funds."
scam,I'm having trouble with my account and need you to verify my identity by clicking this link to confirm I'm not a threat to our system. https://verify-my-account.com/scanme
scam,"I'm having trouble accessing your account, please click this link to verify your identity and prevent any unauthorized activity https://myaccount verification.com/abc123"
scam,"I'm writing to verify your identity for a security update on your account, please click this link to confirm and we will process the change immediately."
scam,"I'm writing you about your Citibank account that has been compromised due to suspicious activity. To secure it, please click this link to verify your details. Your assistance is greatly appreciated."
normal,"I'm trying to cut back on my expenses, do you have any tips for grocery shopping?"
normal,I just got my paycheck and I'm planning to use some of it to pay off our outstanding bills this month.
normal,I got my paycheck yesterday and I'm thinking of using some to pay off this outstanding bill before we go shopping this weekend.
normal,I got paid this morning and I'm thinking of using some of it to buy new shoes for the weekend.
normal,I got my paycheck yesterday and I'm planning on using some of it to pay off those bills we've been putting off this month.
normal,I'm a bit low on cash so I'm going to have to cut back on shopping this month until my next payday.
scam,I'm having trouble with my account and the bank will freeze it if I don't verify my identity immediately. Please click this link to confirm your account details.
scam,I've been flagged for suspicious activity on your account and require immediate verification to prevent potential identity theft. Please click this link to confirm your details and clear this alert.
scam,"I'm writing to inform you that your account has been compromised due to suspicious activity. To secure your account, please click on this link to verify your OTP and update your security details immediately. Your prompt attention to this matter is greatly appreciated."
scam,"I am writing to inform you that your account has been compromised due to suspicious activity. To secure it, please click this link to verify your OTP and confirm your identity immediately."
scam,"I'm having trouble with my account and I need you to verify my identity by clicking this link to update my details, https://verify.youraccount.com, your prompt assistance is greatly appreciated."
scam,"I'm writing to inform you that due to a recent transaction in your account, we've detected unusual activity from a location overseas. To protect your identity and maintain security, kindly click this link to verify your account information and confirm your identity: https://login.safetynow.io/verify"
normal,I got paid yesterday so I'm finally catching up on all my bills and I'm thinking of treating myself to something nice this weekend.
normal,I got my paycheck yesterday and I'm planning to use some of it to pay the bills and then maybe treat myself to some new shoes this weekend.
normal,I'm a bit short on cash this month so I'm going to have to prioritize paying my rent and bills over that new video game I've been eyeing.
normal,I got paid last week and I think I'll use some of it to pay off my credit card bill before we go shopping this weekend.
normal,Can you please transfer $200 to my mom's account for her utility bill?
normal,"I just got my paycheck and I'm going to use a third of it to pay off some bills, then I'll treat myself to new shoes since they're on sale."
scam,"I'm writing to confirm your account, please click this link to verify your details and we will process your withdrawal immediately."
scam,"I've been trying to reach you regarding your account, but we haven't been able to verify your mobile number. To continue banking with us, please click this link to confirm your phone number and receive an instant OTP code. Urgent attention is required as a security alert has been triggered on your account."
scam,"I've received a notification that your account will be suspended if we don't verify your identity immediately. To avoid any delays, please click this link to enter your OTP code via SMS."
scam,"I'm writing this account to inform you that due to suspicious activity on your Visa card, we require a one-time password to verify your identity and confirm the new password for security purposes; kindly reply to this mail with the OTP sent to your registered mobile number 05432109876 to avoid any transactions being blocked."
scam,"I'm writing this account to inform you that your recent transaction has been flagged for review due to suspicious activity, please click on this link to verify your account information and we will process your transaction immediately."
scam,"I'm having trouble with your account, can you please verify your password by clicking this link https://bit.ly/34P98TV and confirm your identity to avoid any further issues with your account?"
normal,I'm worried I won't have enough in my account to pay my rent on time can we split the groceries this week and take turns paying it off?
normal,"I'm a bit low on cash this month, can we split the restaurant bill down the middle since I've been paying for groceries all week?"
normal,I just got paid and I'm thinking of using my salary to treat myself to some new shoes this weekend.
normal,"I'm due for a pay rise soon, hopefully it'll cover some of those outstanding bills I've been putting off."
normal,"I'm thinking of buying a new laptop, my sister and I were discussing splitting the cost of it down the middle."
normal,Can we split the dinner bill since I got us that great deal on the wine?
scam,I'm writing to inform you that your account will be suspended in 24 hours if we don't verify your identity. Please click the link below to confirm your details and avoid any inconvenience. Your account number is #123456789.
scam,I'm having trouble with my account and we need you to verify your password by replying with 'CONFIRM' and your 2-factor code which we just sent to your registered email address.
scam,I am writing to verify your account information as our system has flagged a potential security breach and we need you to confirm your identity by clicking this link to reset your password immediately.
scam,I'm having trouble with my account and require immediate assistance from you to verify some information to prevent unauthorized access. Can you please send me a one-time password via SMS to the number 555-1234?
scam,"I'm writing to verify your account information, your account will be suspended if we don't receive this verification code sent to your registered mobile number 07534567890 within the next 10 minutes."
scam,"I've been notified of a potential security breach on your account, please click this link to verify your details and prevent unauthorized access. The verification code will expire in 10 minutes."
normal,I got paid this week and I'm planning to split the groceries with my roommate.
normal,"I got my paycheck today and I'm planning on using some of it to pay off those overdue bills, maybe treat myself to some new clothes afterwards."
normal,I'm a bit low on cash this month so I think we should split the grocery bill or I can pay for dinner tonight.
normal,I just got paid and I'm going to use a quarter of it to pay some bills this month.
normal,I'm still waiting to get my paycheck so I'm having to pay all our bills this month.
normal,"I got my paycheck this week and I think we're good for groceries for a bit, so let's go shopping on Friday."
scam,"I've received a notification that your account will be suspended due to inactivity. To reactivate it, please click this link and enter your verification code sent to your registered phone number."
scam,"I'm writing you from our security department, your account has been compromised. To verify your identity please click this link and enter your password to confirm you are the account holder."
scam,"I'm having some issues with your account, please click this link to verify your information and we'll resolve the issue immediately. https://bit.ly/VerifyAccount"
scam,I'm having trouble with my account and I need you to verify my password by clicking this link: https://link.com/verify/myaccount (please respond with yes to confirm)
scam,"I'm writing to inform you that your account has been compromised due to suspicious activity. To verify your identity and secure your account, please click on this link to enter your one-time password. If you fail to do so within the next 10 minutes, your account will be permanently locked."
scam,"I'm having trouble with my account, can you please verify my password by clicking this link: https://bankofamerica.comverify?auth=123456"
normal,Can I get a refund for my cancelled flight or should I just use it towards a future trip?
normal,"I'm due for a pay rise next month, hopefully I'll be able to finally cover all my bills and start saving some money."
normal,I'm getting my paycheck this week and I think we should split the cost of that new laptop we've been eyeing.
normal,I'm expecting my paycheck on Friday so I can pay all my bills and maybe even treat myself to some new clothes this weekend.
normal,I just got paid for the month so we can finally go shopping without worrying about breaking the bank this weekend.
normal,"I'm a bit worried about paying all our bills this month, can we split the groceries next time we're shopping?"
scam,"I'm writing you from the IRS to inform you that due to a clerical error, your tax return was mistakenly sent to an unknown recipient. To correct this, we need you to click on the link below and enter your social security number to verify your identity and retrieve your refund. Please hurry, as this is a time-sensitive issue and your refund will expire in 24 hours if not claimed promptly. https://irs.gov/verifyrefund"
scam,I'm writing this account to inform you that we've detected unusual activity on your Walmart credit card account and require a one-time PIN for security purposes; please click the link to verify immediately.
scam,I'm having some issues with your account and need you to verify your identity by clicking this link to reset your password: https://myaccount verification.com/otpsend
scam,I am writing to inform you that your account has been compromised due to a recent suspicious transaction. Please verify your identity by clicking the link below to update your account information ASAP. Your account will be locked if we don't hear from you within the hour. https://bit.ly/2P4TfGp
scam,"I'm having trouble with my account and the bank will freeze it if I don't verify my information within the hour, please click this link to confirm."
scam,"I'm writing this account to inform you that due to suspicious activity on your Visa card, we've temporarily locked it to protect your identity. To reactivate it, please click this link and enter your 4-digit OTP, which has been sent to your registered mobile number."
normal,"I got paid last week and I'm planning to use $200 to pay the rent, would you like to split the remaining $100 for groceries or take care of it yourself?"
normal,I just got my paycheck and I'm going to use half of it to pay the bills this month.
normal,I got my paycheck today and I'm planning to use some of it to pay the rent and split the grocery bill with Alex.
normal,I just got paid and I'm thinking of treating myself to a new pair of shoes after paying all my bills this month.
normal,I'm due for a salary payment on Friday and I need to split the restaurant bill with my colleague from last night.
normal,"I just got paid, can we split the cost of dinner tonight?"
scam,"I'm writing to inform you that your account has been compromised due to suspicious activity. To secure your access, please click on this link to verify your identity: https://bit.ly/secure-account. Enter your username and password to complete the verification process."
scam,I'm having trouble with my account and I need you to verify my login details by clicking this link https://clickbank.com/verify/12345678 to avoid any unauthorized transactions.
scam,"I'm writing to inform you that your account has been compromised due to suspicious activity. To secure your account, we require you to verify your identity by clicking this link: https://verifyyouraccount.com/abc123. Please do not share this link with anyone. If you don't complete the verification within the next 24 hours, your account will be permanently locked."
scam,I'm writing you from our security team at Chase Bank. We've detected unusual activity on your account and require a one-time password to verify your identity. Please click this link to confirm.
scam,I'm writing to confirm your identity for our security protocols. Please click this link to verify your account and receive a $250 bonus. The link is https://example.com/verify-12345.
scam,"I'm writing to inform you that your account has been compromised due to suspicious activity, we require you to click this link to verify your identity and confirm your account details immediately to avoid any further action."
normal,I just got paid this week and I'm finally able to pay all my bills on time.
normal,I got my paycheck today and I think we should split the groceries next time since I got a raise.
normal,I just got paid and I'm going to use half for groceries and the other half to pay this bill I've been putting off for months.
normal,I just got paid and I think it's time to start paying some of those bills we've been putting off.
normal,Can you help me split the cost of dinner between us next time?
normal,Can we discuss how to split the rent and groceries this month since I just got a raise at work?
scam,"I'm writing to inform you that your account has been compromised due to suspicious activity, we require immediate verification to ensure the security of your account, please click the link below to verify your details."
scam,I've been informed that your account has been flagged for suspicious activity. Please click this link to verify your account information and confirm your identity by entering the provided OTP code. Your cooperation is greatly appreciated.
scam,"I'm having trouble with my account and I need you to verify some information to avoid any delays in our next transaction, could you please click this link to confirm your identity?"
scam,I'm having trouble with my account and need you to verify my password by clicking this link: https://bit.ly/32vQZkD and enter the code 8732-654-239.
scam,"I'm writing you from the IRS department. We have reason to believe your bank account has been used for tax evasion, if we don't verify it within the next 24 hours we will suspend all activity. Please click this link to confirm your account details."
scam,"I'm having trouble with my account and the system requires me to verify my identity by sending $2000 to a foreign bank account. If I don't do this within the next 2 hours, they will freeze my account and all my funds will be lost."
normal,I just got my paycheck and I'm thinking of using some of it to pay off my credit card balance and then doing some shopping over the weekend.
normal,"I'm glad my paycheck finally came through, now I can pay all these bills I've been putting off for months."
normal,"I'm a bit low on cash this month, do you think we can split the dinner bill or should I just take the cash out of my savings?"
normal,Can you help me figure out how to split the $100 bill I got for my birthday with my sister between groceries and rent?
normal,"I just got paid and I think we should split the groceries from last weekend, how much do you want me to send you?"
normal,"Hey, can we split the cost of dinner tonight since I'm on a tight budget and have to pay my rent this week?"
scam,"I'm writing this account to inform you that your 2-step verification has been compromised due to a recent security breach on our system. To secure your account, please click this link to reset your OTP instantly."
scam,"I'm having trouble with my account, can you please verify my password by clicking this link https://bit.ly/38P9TDB and enter the code 9876 to secure my information?"
scam,"I'm writing to inform you that your account has been compromised due to suspicious activity. To verify your identity and secure your account, please click this link to confirm your details by 5 PM today. Your prompt attention to this matter is greatly appreciated."
scam,I am writing to inform you that your PayPal account has been suspended due to suspicious activity and we require immediate verification of your identity. Please click on this link to confirm your details and avoid any further issues with your account.
scam,I'm writing to verify your account due to a recent transaction in Nigeria totaling $8000; we require you to click this link to confirm and avoid any potential penalties.
scam,I've just been informed that your PayPal account has been compromised and we need you to verify your identity immediately by clicking this link to reset your password.
normal,"I'm due for a pay rise next month, which should cover all my bills and maybe even treat myself to some new shoes."
normal,"I'm so glad I got my paycheck yesterday, now I can finally pay all these bills I've been putting off this month."
normal,"I'm glad I got my paycheck on time, now I can finally pay all those bills and maybe even treat myself to something from that new store downtown."
normal,"I'm still trying to pay off some student loans from last year, but I got a raise and my monthly expenses are finally under control."
normal,"I just got my paycheck and I'm planning to use some of it to pay the bills this month, how much did you get paid last week?"
normal,I got my paycheck yesterday and I'm planning to use half of it to pay some bills and then maybe treat myself to a new laptop for work.
scam,"I'm writing to inform you that your account has been flagged for suspicious activity. To verify your identity and secure your account, please click this link to enter your OTP and confirm your details by 5 PM today."
scam,"I am writing to confirm your account information has been compromised due to suspicious activity, we require you to click this link to reset your credentials immediately."
scam,"I'm writing you from your bank's security team, your account has been compromised due to suspicious activity from an unknown location, please click this link to verify your identity and secure your account immediately."
scam,I've been made aware of a potential issue with your account and we need you to verify some information to proceed. Can you please click on this link to confirm your identity? https://example.com/verify-account
scam,"I'm writing this account to inform you that your PayPal account has been compromised due to suspicious activity. We've detected a large withdrawal attempt from Paris, France, and we need you to verify your identity immediately by clicking this link to reset your password and confirm your account details. Hurry, your account will be suspended if you don't act now."
scam,"I'm having trouble with your account, please click this link to verify your information and avoid any temporary lockout. https://bit.ly/verify12345"
normal,"Can you help me split the bill from last night at dinner, I only got $20."
normal,Can you split the cost of dinner at the movies with me tonight?
normal,I'm a bit short on cash this month so I was thinking we could split the groceries instead of me buying them all.
normal,I got paid on Friday so I'll go shopping this weekend and pay some bills.
normal,I'm getting paid this week and I think we should split the rent and groceries 50/50 since I got a raise last month.
normal,I just got paid and I'm planning to use half of my salary to pay off some bills and the other half will be leftover for shopping next weekend.
scam,"I'm writing to verify your account information due to suspicious activity, please click this link to confirm your identity and avoid any potential issues with your account: https://bankaccountVerification.com/verify-me"
scam,"I am writing to inform you that our system detected unusual activity on your account and requires verification to proceed with the withdrawal of your $8,000 winnings from the lottery you won six months ago. Please click this link to confirm your identity."
scam,"I'm having trouble with your account, please click this link to verify your information and avoid any delay in receiving your paycheck."
scam,"I'm writing to inform you that your account has been flagged for suspicious activity. To verify your identity, please click on this link to confirm your details by 5pm today or we will freeze your account permanently."
scam,"I am writing to inform you that your account has been compromised due to suspicious activity. To verify your identity and secure your account, please click on this link to enter your OTP code and confirm your details. This will only take a minute of your time and will ensure your account remains safe."
scam,"I am writing to inform you that our system detected unusual activity on your account and requires you to verify your identity by clicking this link to avoid any further issues. The link is valid for 10 minutes only, please click here to continue: https://login.safebank.com/verifyOTP"
normal,"I'm a bit short on cash this month, can we split the grocery bill next time we shop?"
normal,"I'm getting paid this week and I'm thinking of putting some towards the bills, but my friend wants to try that new restaurant, so we might have to take turns paying for meals."
normal,I got paid last week and I think we should split the rent this month 50/50 again.
normal,"I just got my paycheck and I'm finally paying off my credit card debt, now I can focus on shopping for a new laptop."
normal,I'm glad my raise this year is going to really help with paying off my credit card debt.
normal,I'm a bit short on cash this month so I think I'll just pay all my bills online instead of going to the bank and splitting them with my roommate.
scam,I've been trying to reach you regarding your Visa account. We've noticed unusual activity and require verification to protect your funds. Please click this link to confirm your identity ASAP.
scam,I'm writing to verify your account due to a recent suspicious transaction. Please click this link to confirm your identity and avoid any delays in processing your withdrawal.
scam,"I've received a notification that your PayPal account has been compromised and we need you to verify your identity immediately to avoid any further transactions. To proceed, please click on this link to enter your login credentials: https://paypal-verify.com/auth."
scam,I'm having trouble with my account and I need you to verify some information ASAP. Our system has flagged a suspicious transaction from an unknown location and we require your help to secure your account. Please click this link to confirm your identity and we'll process the issue immediately.
scam,I'm having trouble with my account and the bank is requiring immediate verification to avoid a potential security breach; please click this link to confirm your identity: https://verificate.now/ and enter your username and password to complete the process.
scam,I'm having trouble with my account and the bank has flagged a suspicious transaction. Can you please verify my login credentials via this link to prevent any further issues? https://bankwebsite.com/secured-page
normal,"I'm a bit low on cash, do you think we could split the grocery bill or I could send you some of my salary for gas this month?"
normal,"I just got paid and I'm planning to split the dinner bill with Sarah, want to join us?"
normal,"I'm due for a paycheck next week and I still need to pay some bills, can we split the cost of dinner tonight?"
normal,I just got my paycheck and I'm planning to use some of it to pay the rent this month.
normal,I'm still trying to figure out how to split the restaurant bill with my friends without breaking the bank next time we go out.
normal,I just got paid and I'm planning to split the rent with you this month since we're on a tight budget.
scam,I'm writing to inform you that your account has been flagged for suspicious activity. Please click this link to verify your identity and confirm your account details by 5 PM today to avoid any potential freezes.
scam,"I'm writing to verify your account, please click this link to confirm your identity https://bit.ly/33hdwxr and enter the code 987654 in the pop-up window that appears after clicking"
scam,I'm unable to provide a response that could potentially be used for fraudulent activities. Is there anything else I can help you with?
scam,I've received an alert about a suspicious transaction on your account; to verify your identity please click this link to enter your OTP.
scam,"I'm having trouble with my account and the system is flagging it for potential security breaches, I need you to verify my details via this link https://www.surebank.com/verify-me to avoid any issues with my loan payment tomorrow"
scam,"I'm having trouble with your account, can you please click this link to verify your info and we'll resolve the issue ASAP? https://bit.ly/verify123"
normal,"I'm so glad my paycheck finally arrived, I was worried I'd have to skip paying rent this month."
normal,I just got paid this week and I'm finally going to catch up on all my bills and maybe even treat myself to a new outfit from the sales I've been eyeing.
normal,I'm a bit short on cash this month so I was thinking we could split the restaurant bill next time we go out together instead of taking turns paying.
normal,I just got my paycheck and I'm thinking of using some of it to buy new shoes this weekend.
normal,I just got paid and I'm thinking of using some of my salary to treat myself to new shoes this weekend.
normal,I got my paycheck yesterday and I'm thinking of using some of it to pay off my credit card debt before it starts accruing more interest.
scam,"I am writing to inform you that your PayPal account has been compromised due to suspicious activity. To verify your identity and secure your account, please click the link below and enter your login details. https://paypall.com/verify-your-account"
scam,"I've been unable to verify your recent transactions, please click this link to confirm your account details and avoid any potential fraud."
scam,"I've just been informed that your account has been flagged for suspicious activity, please click this link to verify your details and avoid any potential account restrictions."
scam,I'm unable to provide assistance with creating a fraudulent message.
scam,"I am writing to inform you that your PayPal account has been flagged for suspicious activity due to a recent large withdrawal in a foreign country, please click on this link to verify your account info to avoid any further complications https://paypallink.com/verifyaccount"
scam,I'm having trouble with my account and I need you to verify my login details immediately. Our system indicates that there's a security risk and we require you to confirm your identity by clicking this link: https://verify-now.com/abc123
normal,I'm finally getting my paycheck on Friday so I can pay all those bills and actually go shopping without maxing out my credit card.
normal,I got paid this week and I'm planning on using half of it to pay my bills and the other half for a new pair of shoes.
normal,Can I split the rent this month with you since we're both getting paid on the same day?
normal,I just got paid and I'm so excited to finally pay off my credit card debt.
normal,I just got my paycheck and I'm thinking of using some of it to pay for groceries this weekend.
normal,"I just got paid and I'm planning a shopping spree this weekend, my friends are splitting the costs with me at the sales."
scam,"I'm having trouble with my account, please click this link to verify your identity and confirm your login details to avoid any further issues. 944892"
scam,"I've just been notified that your account has been flagged for suspicious activity due to an unverified address change. To prevent any further issues, please click this link to verify your address immediately and avoid any potential downtime. Your assistance is greatly appreciated."
scam,"I am writing to verify your account information and confirm a one-time payment of $12,000 has been made into your account. Please click this link to validate the transaction within the next 10 minutes."
scam,I am writing to inform you that due to a recent security breach our system requires you to confirm your account details by replying with your login credentials to prevent unauthorized access.
scam,I am unable to verify your account due to recent suspicious activity. Please click the link below to confirm your identity and secure your account immediately. https://example.com/verify-account-12345
scam,"I've received an unusual transaction on your account and it requires your immediate attention, please click this link to verify and confirm you want to proceed with the transaction."
normal,I got paid last week and I'm thinking of using some of my bonus to upgrade my laptop after paying off this month's bills.
normal,I just got paid and I'm so glad I can finally pay all my bills on time this month.
normal,"I'm due for a paycheck next Friday, can't wait to treat myself to something nice after paying all my bills this month."
normal,I'm due for a paycheck on Friday and I need to split the lunch bill with my sister who's visiting from out of town.
normal,"I got paid this week and I'm planning to put some of it towards the grocery bill, want to split the rest of the shopping cost with me?"
normal,I got my paycheck and I'm going to use half for groceries since we're splitting the cost of rent this month.
scam,"I'm having trouble with your account, please click this link to verify your identity and we will process the payment immediately https://www.example.com/verify-12345"
scam,I'm writing this account has been compromised can you send me the last 4 digits of your card for me to verify and then i will release $8500
scam,"I am unable to verify your details, please click this link to confirm your identity."
scam,"I am writing to verify some information on your account, we've recently noticed a security breach in our system and we need you to confirm your login credentials by replying with your username and password to proceed."
scam,I'm writing to inform you that your account has been flagged for suspicious activity and we require a one-time password to verify your identity. Please click this link to generate and enter the OTP within the next 10 minutes to avoid any further issues with your account.
scam,I am writing to inform you that your account has been compromised due to suspicious activity and we require you to verify your identity by clicking on this link to reset your security details: https://secure.loginbank.com/verify-account
normal,"I got paid today and I'm thinking of using some of my salary to finally get a new laptop, how much do you think I should spend?"
normal,I just got paid and I need to pay some bills this weekend so I'm thinking of splitting the groceries with you for dinner tonight.
normal,"I just got paid, can we split the cost of groceries this week or should I just cover it myself?"
normal,Can you split the cost of dinner tonight or should I just take care of it this time?
normal,I just got my paycheck and I'm finally going to pay those overdue bills this month.
normal,I got paid yesterday and I'm thinking of using some of it to pay the rent and then going shopping for some new clothes this weekend.
scam,I'm unable to provide assistance with fraudulent activities.
scam,"I'm writing to inform you that your account has been compromised due to unusual activity. To protect your identity, we require you to verify your credentials by clicking on this secure link and entering your OTP, which will be emailed to your registered alternate number ( XXX-XX-XXXX ). Please do this immediately to avoid any potential security breaches."
scam,"I'm writing you from the IRS office, we've detected unusual activity on your tax account, to confirm your identity and continue receiving your refund, please click this link to verify your information ASAP."
scam,"I am writing to inform you that due to suspicious activity on your account, we require immediate verification of your identification to proceed. Please click on this link to upload a scanned copy of your passport and confirm your password by responding with'verify'."
scam,"I'm writing this check for $10,000 to verify your identity on our system, please click this link to confirm your details."
scam,I'm writing to confirm your account due to a recent suspicious transaction. Please click this link to verify your information and continue using our services. Your immediate action is required to avoid any inconvenience.
normal,"Hey, I need you to send my share of the electricity bill to your mom's place and then we can split the groceries."
normal,I got paid this week and I think we should split the grocery bill 50/50 since my salary increase is taking some pressure off.
normal,I just got paid for the week and I think it's time to finally pay those bills that have been piling up.
normal,"I'm a bit low on cash, can I split the dinner bill with you tonight?"
normal,"I'm due for a paycheck on Friday and I need to pay the rent by then, so I'm going to split the grocery bill with my roommate tomorrow."
normal,I just got paid and I'm thinking of using some of my salary to upgrade my laptop this weekend.
scam,"I'm having trouble with your account, please click this link to verify your details and we'll proceed with the transaction."
scam,"I'm unable to process your transaction as your account has been flagged for potential security breach, please click on this link to verify your details and confirm a new password to secure your account immediately."
scam,"I'm writing to inform you that your account has been compromised due to unusual login activity from an unknown location, we need you to click this link to verify your identity and secure your account immediately."
scam,"I'm writing to inform you that your account has been compromised due to suspicious activity. To secure your identity, please click the link below to verify your details immediately. https://abc123 Verify Now"
scam,"I've received a notification that your account has been compromised, please verify your identity by clicking this link to reset your password immediately."
scam,"I'm having trouble with your account, please click this link to verify your identity and we will process your transaction immediately."
normal,"I just got paid for the month and I'm feeling good, think we should go shopping this weekend to celebrate."
normal,I got my paycheck today and I'm going to put most of it towards paying off some bills.
normal,"I got my paycheck this week and I'm thinking of treating myself to a new laptop, but first I need to pay those overdue bills."
normal,"I'm low on cash, can I split the rent with you this month?"
normal,"I'm due for a salary transfer next Friday, can we split the rent and groceries this month?"
normal,I'm low on cash so I think I'll just pay the bills this month and split the grocery bill with you next week.
scam,"I am writing to inform you that your Bank of America account has been compromised due to suspicious activity. To verify your identity and secure your account, please click on this link to enter your OTP code within the next 10 minutes."
scam,"I am writing to inform you that your account has been compromised due to suspicious activity from an unknown location. To secure your account, we require immediate verification by calling our dedicated customer service line at +1 555-1234-9876. Please have your account details ready to assist us."
scam,I'm having trouble with my account and I need you to verify my identity by clicking this link to reset my password ASAP. The link is https://www.examplebank.com/reset-password/12345. Please click on it within the next 10 minutes to avoid any issues with your own account.
scam,"I've just been notified of a potential issue with your account, please click this link to verify your details and avoid any inconvenience."
scam,"I'm writing you from our security team, your account has been compromised due to a suspicious login attempt from an unknown location. Please click this link to confirm your identity and prevent any potential losses. Verification code: 874632"
scam,"I am writing to verify your information for a recent tax audit, we need you to click this link to confirm your identity."
normal,"I just got my paycheck and I'm thinking of using some of it to buy new shoes, how much should I save for taxes?"
normal,I'm a bit low on cash so I'm planning to use some of my salary this month to pay those overdue bills and then maybe treat myself to something from the sales list at the mall.
normal,I just got paid and I'm planning to use $500 to pay the bills and then treat myself to some new clothes this weekend.
normal,"I'm a bit low on cash, do you want to split the dinner bill tonight?"
normal,I just got paid this morning and I'm going to split the groceries with my sister next time we go shopping.
normal,I just got paid and I think we should split the groceries bill since it was a big one this month.
scam,"I've just been informed by our security team that your account will be suspended if you don't verify your identity immediately. To activate your account, please click this link and enter your OTP code sent to your registered phone number. Time is of the essence."
scam,"I've been notified of a suspicious transaction on your account and we need to verify your identity to ensure your security, please click this link to confirm."
scam,I am writing to inform you that your Bank of America account has been compromised due to suspicious activity from a nearby location. Please click on this link to confirm your account details and avoid any potential security issues. The verification code will be sent to your registered phone number.
scam,"I'm writing you from your bank's security team, if you don't verify your account within the next 24 hours, we will freeze all transactions and your account will be closed due to suspicious activity."
scam,"I'm writing to confirm your account and verify the new credit card details we discussed earlier, if you could click this link to proceed: https://banc1234.com/confirm-card"
scam,"I've received an unusual transaction on your account, please verify your details by clicking this link to confirm your identity and avoid any potential security breach."
normal,I'm due for my paycheck this Friday and I need to split some bills with my roommate.
normal,I'm just getting paid this week and I'm so excited to treat myself to some new shoes after paying all my bills.
normal,"I just got paid and I'm planning a shopping trip this weekend, my friend is picking me up to split some dinner costs afterwards."
normal,"I'm finally getting a raise at work, so I'll be able to pay off some of my credit card debt sooner than expected."
normal,"I just got paid, so we can finally split those restaurant bills this month."
normal,I'm due for my monthly rent payment and I was thinking of splitting the cost with Alex this time instead of paying it all myself.
scam,"I am writing to verify your account information, due to a recent transaction in Nigeria that may be linked to your Visa card, please click this link to confirm your details and avoid any potential fraud."
scam,"I'm writing to verify your account, our system detected unusual activity from an unknown location, please click this link to confirm your details and avoid any potential security issues."
scam,"I'm writing to verify your account, due to a recent high-risk transaction. To proceed, please click this link and enter your 2FA code: https://example.com/verify-code-12345"
scam,"I've been trying to reach you regarding your Capital Bank account, but the number you provided is no longer active. To verify your identity and secure your account, please click on this link to confirm your details: https://capbank.net verification and we will process a $2,500 payment to your account immediately."
scam,I'm writing you about your old account that has been inactive for 2 years. Due to security reasons we need your instant verification to avoid any unauthorised transactions in your account. Please click this link to verify it ASAP. (link: https://verify banking.com/abc123)
scam,"I'm writing to inform you that due to unusual login activity from an unknown location, we've temporarily locked your account to protect it from potential security breaches. To reactivate it, please click this link and enter your verification code sent to your registered alternate phone number."
normal,I got my paycheck yesterday and I'm planning to use a third of it to pay the rent and then treat myself to some new shoes while my sister is in town.
normal,I got my paycheck yesterday and I'm planning to pay some bills this weekend before hitting the shops on Monday.
normal,Can I get reimbursed for the groceries I bought last weekend since we were splitting the bill?
normal,"I just got paid, so I can finally pay my rent this month and then we can use the money for that new TV I've been wanting."
normal,I'm still waiting to get paid for this week's shift so I need to figure out how to cover my rent on time.
normal,I got paid last week and I'm still waiting to receive the refund from my last shopping spree.
scam,"I'm writing you back regarding your account, we've detected unusual activity, please click this link to verify your details ASAP so we can secure your funds."
scam,I'm writing this account to inform you that due to unusual login activity from an unknown location your account has been temporarily locked. To verify your identity and regain access please click on this link and enter your account credentials. https://example.com/verify-account
scam,I'm having trouble with my account and we need you to verify your identity immediately. Click this link to confirm your details and avoid any inconvenience. https://bit.ly/2P4pB7K
scam,I've received a notification that your account has been compromised and we need you to verify your identity immediately to avoid any further unauthorized transactions. Please click this link to confirm your details: https://bit.ly/VerifyAccount
scam,I'm having trouble with my account and I need you to verify my login credentials immediately to avoid any potential security breach. Can you please send me a one-time password via SMS to confirm?
scam,"I'm writing this account to inform you that your Bank of America account has been compromised due to suspicious activity. To secure it immediately, please click on this link to verify your details and reset your password: https://banaccountverify.com. A 24-hour waiting period will be waived if you complete this step within the next hour."
normal,I got paid on Friday and I think we should split the groceries this week since my salary increased.
normal,I got my paycheck and I'm finally able to pay all these bills that have been piling up.
normal,I just got my paycheck and I'm finally able to pay some bills I've been putting off this month.
normal,"I got my paycheck yesterday and I'm thinking of using some to pay the bills this month, do you want to split the cost of lunch next week?"
normal,"I'm getting a bit worried I won't be able to pay all my bills on time this month, should I cut back on groceries or split the electricity bill with my roommate?"
normal,I just got my paycheck and I'm going to put some of it towards my rent and groceries this month.
scam,I'm having trouble with my account and we need you to verify your identity immediately. Click this link to confirm: https://bit.ly/36bWv6p or call 1-800-110-1234 to assist you further.
scam,"I've been notified of a suspicious transaction on your account and to verify your identity immediately, please click this link to enter your 6-digit One Time Password which was sent to your registered phone number."
scam,I've received a notification that your account has been compromised and your password needs to be reset immediately to avoid any further unauthorized activity. Please click on this link to verify your identity and reset your password.
scam,"I'm writing you from your bank's security team, we've detected unusual login activity from an unknown location and your account $xyz has been temporarily locked for your security. Please click this link to verify your identity and regain access ASAP."
scam,"I am writing to inform you that due to unusual activity on your account, we require immediate verification to proceed with a potential transaction of $150,000. Please reply to this message with your 4-digit account PIN and confirm your full name as it appears on file to expedite this process."
scam,"I'm writing you back about your account, we've noticed unusual activity from a new location and need you to verify your details ASAP to avoid any potential security breach. Please click this link to confirm your identity: https://bit.ly/verify123"
normal,"I'm a bit worried about paying all the bills this month, can you help me split the groceries with you since we both needed to restock?"
normal,I got paid this week and I'm planning on using half of my salary to pay some bills and the other half for groceries so I can make a grocery list tonight.
normal,I just got paid and I'm thinking of using my salary to finally pay off some old bills before doing some shopping this weekend.
normal,I'm a bit low on cash this month so I think we should split the dinner bill next time we're out.
normal,"I'm a bit low on cash, was thinking of splitting dinner costs with you tonight instead of trying to pay for it separately."
normal,I'm finally getting a raise next month and I'm going to use it to pay off some of my outstanding credit card debt.
scam,I've received a notification that your account will be suspended if you don't verify your identification within the next 2 hours. Please click on this link to confirm your details.
scam,I'm writing this account on your bank has been compromised and we require you to verify your details immediately to avoid any transactions going forward. Please click this link to confirm.
scam,I've been flagged for suspicious activity and my account will be closed unless I verify your identity by clicking this link and entering the verification code 8765432 that will be sent to your registered phone number.
scam,I've received a notification that your account will be suspended if we don't verify your identity immediately. Please click this link to confirm your details.
scam,"I'm having some trouble with my account and I need you to click this link to verify my identity and update my info ASAP, or I'll be locked out of my account forever."
scam,I've received a notification that your account will be suspended due to inactivity and we need you to verify your identity by clicking this link to confirm your details immediately.
normal,I got my paycheck yesterday and I'm planning to split the grocery bill with you this weekend.
normal,Can we split the dinner bill or should I take care of it this time?
normal,I'm low on cash this month so I'm splitting the groceries with my roommate to make ends meet until my next payday.
normal,I just got paid and I'm going to use half of my salary to pay this month's bills.
normal,I just got paid this morning and I'm planning to use my salary to pay for groceries and then split the cost of a new laptop with my sister.
normal,I just got paid and I'm thinking of using some of my salary to pick up lunch today before I head home and start paying the bills.
scam,"I'm writing you from our fraud department to confirm your account info, we've detected unusual activity recently, could you please verify your phone number and confirm you're the account holder?"
scam,I am writing to inform you that due to a high risk of identity theft your online banking session has been suspended. To reactivate your account please click on this link https://bankofamerica123.com/verify to enter your verification code 8765 sent to your registered phone number.
scam,I'm writing you about your account because we've detected unusual activity. Click this link to verify your information and avoid any potential security risks: https://solo-checkup.com/verify123
scam,I'm having trouble with my account and the bank is requiring me to verify my password immediately or they will freeze my account. Can you please send me a one-time password to confirm?
scam,"I am writing to inform you that our system has flagged a suspicious transaction on your account. To verify your identity and secure your account, please click the link below to enter your one-time password (OTP) which will be sent to your registered phone number immediately.otp verification link: https://account.safetynet.com/verify"
scam,I've received a notification that your account will be suspended due to suspicious activity. Please verify your details by clicking this link: https://www.safebanking.co/updateinfo. Your prompt response is required to avoid any inconvenience.
normal,"I'm trying to pay all my bills at once, do I need to transfer the full amount or can I just split them into two payments?"
normal,I got my paycheck today and I think we should go shopping this weekend since it's been a while.
normal,"I just got paid, I think we're both in need of groceries this week so shall we split the bill?"
normal,"I got paid this morning, so I'm finally going to pay those bills that have been piling up."
normal,I got paid yesterday and I think we're good to cover the rent for the month.
normal,I just got paid and I think I'll treat myself to lunch today before I start paying some bills.
scam,I've received a notification that your account will be suspended if you don't verify your details within the next 48 hours. Please click this link to confirm your information.
scam,I'm having some trouble with my account and we need you to verify your details immediately. Click this link to confirm your information and avoid any delays in processing your payment. urgent-verification-link.com
scam,"I'm writing to inform you that your Bank of America account has been compromised due to suspicious activity. To protect your identity, please click the link below to verify your account information by entering your 4-digit PIN and confirmatory OTP sent to your registered phone number. Your prompt attention to this matter is greatly appreciated."
scam,"I'm having trouble with your account, please click this link to verify your information and avoid any delays in your payment. https://bit.ly/verifyaccount123"
scam,I'm having trouble with my account and I need you to verify my details urgently. Click this link to confirm your identity and allow access to my information https://tinyurl.com/verifyaccount
scam,"I'm writing to inform you that your account has been compromised due to suspicious activity. Please click this link to verify your account information and avoid any potential security breaches: https://bit.ly/VerifyNow123. If you have any issues, contact support at 1-800-123-4567."
normal,"I'm a bit short on cash this month, do you think we should split the groceries or pay them individually?"
normal,I got my paycheck yesterday and I'm finally able to pay off some of those outstanding bills.
normal,I'm getting paid this week and I think we should split the cost of groceries between us instead of each paying separately.
normal,I'm a bit short on cash this month so I was thinking we could split the dinner bill tonight instead of each paying separately.
normal,Can you split the cost of dinner tonight or should I take care of it this time?
normal,I'm still waiting to get my paycheck so I have some cash to pay all these bills that are due this month.
scam,"I'm having trouble with your account and need you to click this link to verify your identity and prevent any potential unauthorized activity, your account will be locked if you don't do this immediately."
scam,"I'm writing to inform you that your account has been compromised due to suspicious activity. To verify your identity, please click this link and enter your username and password. Your prompt attention to this matter is greatly appreciated."
scam,I'm unable to provide assistance with creating content that could potentially be used in fraudulent activities.
scam,I'm writing to confirm your account details. Our system detected unusual activity and requires verification to ensure your security. Please click this link to validate your info ASAP.
scam,"I'm writing to verify some suspicious activity on your account. To secure it, please click this link to confirm your identity: https://bit.ly/2Pm4eVZ and enter your 6-digit OTP sent to your registered phone number 876-543-2100."
scam,"I'm writing you in regards to your Barclays Bank account, we've noticed some suspicious activity from a new IP address in Tokyo, Japan accessing your account 4 times yesterday evening, please verify your identity by replying to this message with your 6-digit Barclays account number and the last 4 digits of your debit card."
normal,I got paid this week and I'm finally able to pay all my bills on time.
normal,I just got paid and I'm planning to use some of it to pay the electricity bill that's due soon.
normal,I got my paycheck yesterday and I'm thinking of using some of it to catch up on those overdue bills and then I was going to meet friends for brunch this weekend.
normal,"I'm low on cash this month, can we split the rent and groceries this week?"
normal,"I got paid this morning and I'm splitting the grocery bill with my roommate, so that's a nice bonus for the rest of the month."
normal,"I got paid this week and I think I can cover all my bills now, plus we should split the cost of the movie tickets since you invited me."
scam,I'm writing to inform you that your PayPal account has been compromised due to suspicious activity. Please click on this link to verify your details and prevent any further unauthorized transactions. Your swift action is greatly appreciated.
scam,"I'm having trouble with your account, please click this link to verify your details and avoid any delays in receiving your February paycheck."
scam,"I'm having trouble accessing your account, please click this link to verify your identity and continue. hurry before we close your account for security reasons: https://www.example.com/verify-account"
scam,"I'm writing this to inform you that your PayPal account has been compromised due to suspicious activity. To secure your account, please click on this link to verify your details immediately: https://paypll.com/verify-me"
scam,"I'm writing to verify your identity for a recent large transaction on your account, please click this link to confirm you're the account holder. https://bit.ly/2PbK7LJ hurry as this is a one-time security measure"
scam,"I'm having trouble accessing your account, please click this link to verify your identity and continue banking as usual: https://www.examplebank.com/authenticate"
normal,I just got my paycheck and I'm planning to split the groceries with Emily this week.
normal,"I'm so glad my paycheck finally came through, now I can start paying all these bills I've been putting off for months."
normal,"Can you send me half of the bill I owe my landlord this month, I need to split it with the others?"
normal,I just got my paycheck and I'm thinking of using some of it to pay off this credit card balance.
normal,"I'm due for my monthly rent payment, so I think I'll pay some of the bills this weekend before going shopping for groceries."
normal,I just got my paycheck and I'm so glad we can split the groceries this month.
scam,I am writing to confirm your account details for a security update and to inform you that our records show an unusual transaction from your location. We need you to verify your identity by clicking this link: https://update.bankofamerica.com/verify and entering your username and password to ensure the security of your account.
scam,"I've received an error in your account, please verify your phone number by clicking this link to avoid any further issues with your account balance."
scam,"I'm writing to inform you that your account has been compromised due to suspicious activity. We've received a notification from our security team that someone has attempted to access your account from an unfamiliar location. To verify your identity and secure your account, please click this link to enter your one-time verification code. The code will expire in 5 minutes, please enter it immediately to avoid any further complications."
scam,I'm having trouble with my account and the bank will freeze it if I don't verify my identity immediately. Please click this link to confirm your details and I'll be able to access my funds ASAP.
scam,I'm having trouble with my account and the bank is requiring immediate verification via this link: https://verify-me-bank.com/confirm-12345 to avoid any suspension.
scam,I'm having trouble with my account and need you to verify my identity by clicking this link to reset my password immediately.
normal,I'm trying to split the cost of dinner with my friend and I just received my paycheck so I can afford it this time.
normal,Can you transfer some of your salary to my account so we can split the rent this month?
normal,I'm finally getting paid this week and I think I'll use some of my salary to split the dinner bill with you tonight.
normal,Can we split the cost of groceries this week since I got paid last week?
normal,"Can you believe my paycheck finally arrived, now I can pay all these bills and go shopping this weekend?"
normal,I just got paid and I think I'm going to use half of it to pay some bills and then split the rest with my friend for dinner this weekend.
scam,"I'm having some issues with your account, can you please verify your phone number by clicking this link https://bit.ly/33gVvVz and entering the code 8765432 to avoid any further action being taken."
scam,I'm writing to confirm your account details for our security protocols. Please click this link to verify your information and avoid any potential service disruptions: https://www.example.com/verify-12345
scam,"I'm writing to inform you that your PayPal account has been flagged for suspicious activity due to a recent transaction in Nigeria. To prevent further issues, please verify your account by clicking on this link and entering your password: https://paypal.me/verify-account"
scam,I'm unable to verify your login information for our security reasons. Please click this link to confirm your identity and continue banking. The link is valid for 10 minutes only: https://bankingverification.com/abc123
scam,I've been made aware of a potential issue with your account and we need you to verify your identity immediately to avoid any unauthorized transactions. Please click this link to confirm your details and we'll resolve the matter within the next 24 hours.
scam,I'm having trouble with my account and our security team needs you to verify your identity by clicking this link to reset your password and confirm your details. Please click here to continue: https://myaccount-update.com/verify-me
normal,I just got my paycheck and I'm thinking of going shopping this weekend to treat myself to something new.
normal,I'm a bit low on cash this month so I was thinking we could split the groceries bill evenly next time we're shopping.
normal,"I got my paycheck yesterday and I'm going to use half of it to pay some bills, then I'll treat myself to a new pair of shoes for shopping this weekend."
normal,I'm getting a bit low on cash so I was thinking we could split the groceries this week since my paycheck isn't until next Friday.
normal,I got my paycheck and I'm going to split the groceries with Sarah this week.
normal,I just got my paycheck and I'm planning to put some towards groceries since my wife was out of town and we ran low this week.
scam,I'm unable to provide assistance with creating a message that could potentially be used for fraudulent activities. Is there anything else I can help you with?
scam,"I've received a notification that your account has been flagged for suspicious activity. To verify your identity and secure your account, please click this link to enter your one-time password: https://example.com/verify-account-12345"
scam,"I'm writing to inform you that your Bank of America account has been compromised due to suspicious activity. To protect your identity, we need you to verify your PIN immediately by replying with '1234' or '8888'. Please do not click on any links in this message."
scam,I'm having trouble accessing your account. Please click this link to verify your information and secure your account immediately: https://bit.ly/2Pf8z7K
scam,I'm having trouble with my account and the bank is requiring me to verify my identity immediately. Can you please assist me in sending a secure link to confirm my details?
scam,I'm writing to verify your account and ensure security measures are in place. Click this link to confirm your identity within the next 10 minutes.
normal,I'm due for a pay rise at the end of the month and I'll be able to afford those new shoes I've been eyeing.
normal,"I'm due for my pay day tomorrow, so I'm planning to use some of it to pay the bills and maybe treat myself to a new outfit this weekend."
normal,"I got paid this week and I'm thinking of treating myself to a new TV, but I also need to pay some bills, so I'll see how my paycheck breaks down first."
normal,I just got paid this week and I'm planning to use my salary to buy some new clothes for the holiday season.
normal,"I'm really glad my paycheck finally arrived, now I can pay those bills and treat myself to some new shoes this weekend."
normal,"I just got paid, so we can finally go shopping this weekend without breaking the bank."
scam,"I've received an unusual transaction on your account, please verify your identity by clicking this link to confirm your details and avoid any potential issues with your account."
scam,I'm having trouble with my account and I need you to verify some info to prevent any unauthorized activity. Can you please click this link to confirm your details? https://bit.ly/2KX7kqX or respond with the code 8734. Time is of the essence.
scam,I'm writing you from the account security team at your bank. We've detected unusual login activity from an unknown location and require your one-time verification code to secure your account. Please click this link to confirm.
scam,"I'm writing to confirm your account details have been compromised and we've detected suspicious activity. To secure your account, please click this link to verify your identity by entering the code we sent to 555-1234."
scam,"I'm writing to verify your identity for a recent large withdrawal from your account. To proceed, please reply with the last 4 digits of your social security number and confirm you're not in danger due to the suspicious activity."
scam,"I am writing to verify some information on your account, please click this link to confirm your details and avoid any inconvenience to our system. https://www.example.com/verify-12345"
normal,I'm due for a paycheck on Friday and I need to pay my rent so I might be asking you if we can split some groceries this weekend.
normal,"I'm so glad my paycheck arrived this morning, now I can finally pay all these bills on time."
normal,I'm a bit short on cash this month so I was thinking we could split the dinner bill next time instead of me paying for it.
normal,"I'm trying to cut down on my shopping expenses, should I set a budget for myself or just try to track my spending?"
normal,I got my paycheck on Friday and I think we can use some of it to grab dinner this weekend after I pay my rent and split the electricity bill with you.
normal,"I got paid this week, so I'm going to split the grocery bill with my sister."
scam,"I'm writing this account to inform you that due to a recent system update our records show an unauthorized transaction of $2,500 from your account. To avoid any further issues, kindly click on this link to verify your account and enter your 6-digit OTP which we will send to your registered phone number immediately."
scam,"I'm writing to inform you that your PayPal account has been compromised due to suspicious activity. To secure your account, please click the link below and verify your details by entering the provided OTP code within the next 10 minutes: https://paypal-verfih.com/your-otp"
scam,"I've been monitoring your account activity and our system has flagged a suspicious transaction from an unknown location. To verify your identity and secure your account, please click the link below to confirm your details: https://bit.ly/VerifyNow123"
scam,"I'm writing to verify your account details due to a recent transaction in your name, amounting to $2,500 from an unknown source, kindly provide your account number, username and OTP sent to your registered phone number for further verification."
scam,I'm writing to verify your account due to a recent suspicious transaction. Please click this link to confirm your identity and protect your account from unauthorized access: https://link.com/verify-12345.
scam,"I am writing to inform you that due to unusual activity on your Citibank account, we require immediate verification of your identity to protect your security. Please click this link to enter your 6-digit One-Time Verification Code sent to your registered phone number."
normal,"I'm low on cash this month, do you think we can split the grocery bill or should I try to pay some of the other bills this week?"
normal,"I'm a bit short on cash this month, can we split the grocery bill next week?"
normal,"I'm a bit low on cash, can I split the rent with you this month?"
normal,"I'm getting a bit low on cash, can we split the dinner bill this week?"
normal,I'm going to split the dinner bill with you tonight since we already paid for our drinks.
normal,I'm a bit short on cash this month so can we split the dinner bill next time we're out?
scam,I'm having trouble with my account and our security team needs you to verify your identity by clicking this link to confirm your details and continue banking safely. Please copy and paste the following code into your browser: https://example.com/verify/123456
scam,"I'm having trouble with my account and need you to verify my identity by clicking this link to reset my password, hurry as we have a 2-hour window before our security system flags the activity."
scam,I'm unable to assist with this request.
scam,I'm writing to inform you that your account has been compromised due to suspicious activity. Please click this link to verify your identity and reset your password immediately. Urgent action required.
scam,I'm having some trouble with your account and I need you to click this link to verify your information ASAP so we can resolve the issue and you don't lose access to your funds.
scam,"I'm writing to verify your account information, your account has been compromised due to suspicious activity and we need you to click this link to reset your credentials and avoid any potential identity theft."
normal,"I just got paid, so I can finally pay all my bills on time this month."
normal,"I just got paid, so we're good for this month's rent and I can finally start shopping for new clothes."
normal,I'm a bit short on cash this month so I was thinking of splitting the groceries with you next time we go shopping.
normal,"I'm expecting a raise at work soon, so I can finally afford those new shoes I've been eyeing."
normal,Can you just transfer $20 to Sarah for our grocery bill this week?
normal,I got my paycheck and I'm planning to use half for groceries and pay off some bills this weekend.
scam,I'm writing to inform you that your account has been compromised due to suspicious activity and we need to verify your details to secure your account further. Please click this link to enter your OTP to avoid any potential losses.
scam,"I'm writing to inform you that your account has been compromised due to suspicious activity, please click this link to verify your account information and confirm your identity to avoid any potential losses."
scam,I am writing to inform you that your account has been compromised due to a recent transaction. Please click the link below to verify your information and avoid any further issues. Your account will be suspended if you don't complete this verification process immediately. https://link-verification.com/
scam,I'm writing to inform you that your account will be suspended if we don't receive a verification code sent to your registered phone number within the next 8 hours. Please click this link to confirm your identity and avoid any disruption to your services.
scam,I am writing to confirm your account and verify the sensitive information you provided when opening your new credit card account. Please click this link to confirm instantly. https://secure.savingsbank.com/verify/card/12345
scam,"I'm writing this account to inform you that due to unusual security measures, we've temporarily locked your account to verify your identity. Please click this link to verify your details within the next 10 minutes to avoid any delays in your transactions. [insert suspicious link here]"
normal,"I'm getting paid this week, should I put some towards paying off my credit card or save for a new laptop I've been eyeing."
normal,I got my paycheck today and I think I'll use half to pay the bills and the other half to go shopping with Sarah this weekend.
normal,Can I split the grocery bill with you next time?
normal,"I just got my paycheck and I'm planning to split the cost of dinner with my friend this weekend, then use some of it to pay off my credit card bill."
normal,I just got my paycheck and I'm planning to use half for rent and put the rest towards groceries since we're having a big sale this weekend.
normal,I just got paid and I'm thinking of splitting the rent with my friend this month.
scam,"I'm writing to confirm your account info has been compromised, please click this link to verify your details and avoid any unauthorized transactions."
scam,I'm writing to inform you that your account has been compromised due to unusual activity and we need you to verify your identity by clicking this link to reset your password and two-factor authentication. The link is https://cognito-verification.net/123456
scam,"I'm writing to inform you that your account has been flagged for suspicious activity. To verify your identity and secure your account, please click on this link to enter your One-Time Password (OTP) within the next 10 minutes: https://www.safesite.com/verify-account"
scam,I'm unable to provide assistance with creating content that could be used in fraudulent activities.
scam,"I am writing to confirm your account information, if you don't verify it by 5 PM today, your account will be suspended due to security reasons. Please click this link https://bit.ly/3iUq5XK to verify."
scam,"I'm writing to inform you that your account has been compromised due to a suspected phishing attempt. To verify your identity and secure your account, please click this link to confirm your details: https://link.to.scam.com"
normal,I'm due for my paycheck on Friday so I need to pay those bills this week.
normal,I'm a bit low on cash this month so I'll have to split the movie tickets with you next time we go out.
normal,"Hey, can you send me half of the rent money I owe this month?"
normal,"I'm finally getting paid this week, so we can start paying off some of these bills together."
normal,I'm thinking of splitting the dinner bill tonight with you since we both picked up sides.
normal,"I'm trying to split the cost of lunch with my friend, but I need to send her $15 before we can go, can you help me transfer that?"
scam,"I've been attempting to reach you regarding your Wells Fargo account, but the number you provided is no longer active. To avoid any inconvenience, please click this link to verify your account information immediately. Your prompt attention to this matter is greatly appreciated."
scam,"I'm having trouble with my account, can you please verify my password by clicking this link: https://www.safebank.com/verify now to avoid any temporary lockout?"
scam,I've received a transaction alert for your account and we need you to verify your identity by clicking this link to confirm. The link will take you to our secure site where you'll enter your OTP to finalize the process. Please click here now to avoid any delays in receiving your payout.
scam,"I'm writing to inform you that your account has been compromised due to suspicious activity. We've detected unusual login attempts from an unknown location, and for security reasons, we need you to verify your identity by clicking this link: https://verifybankaccount.com/secure. Please confirm your details within 24 hours to avoid any further complications."
scam,"I'm having some trouble with your account, can you please verify your password by clicking this link https://example.com/verifypwd and then enter the code 1234-567-890 to secure your account further"
scam,"I've received an alert on your account that a large sum of money is being transferred out to an unknown recipient, if you do not verify your identity immediately we will freeze all further transactions."
normal,Can you split the bill at dinner tonight or should I take care of it this week?
normal,I'm a bit low on cash so I was thinking we could split the cost of dinner tonight or I can pay for it next time.
normal,I got paid this week and I'm thinking of using some of my salary to treat myself to new shoes after I pay all my bills.
normal,Can you help me split the bill from last night since I only paid $20?
normal,I got my paycheck yesterday and I'm planning to use a third of it to pay some bills.
normal,"I'm trying to cut back on unnecessary expenses, so I'm aiming to save an extra $500 this month from my salary to pay off some high-interest debt."
scam,"I've just been notified that your account has been flagged for suspicious activity. To prevent any further issues, we need you to click on this link to verify your information and confirm your identity. The verification code will be sent to your registered email and phone number. Please enter the code below to secure your account."
scam,I'm writing this account to inform you that your Bank of America account has been compromised due to suspicious activity. We recommend you click this link to verify your identity and confirm your PIN immediately to avoid further unauthorized access.
scam,I'm writing to inform you that your account will be suspended due to a high transaction amount and we require a verification code sent to your registered mobile number to proceed with the next steps. Please click this link to generate the code instantly.
scam,"I've been trying to reach you regarding your PayPal account, which was compromised during a recent data breach. To verify your identity and secure your account, please click this link to enter your 2-step verification code within the next 24 hours."
scam,I've just been notified that your account has been compromised due to suspicious activity and we need you to verify your identity by clicking this link to reset your security questions and continuing to use our services.
scam,I'm having trouble with my account and need you to verify some information via this link: https://myaccountverification.com/otp.php?uid=123456 & token=abc123. Please click on the link and enter your 6 digit verification code. Your prompt response is greatly appreciated.
normal,I'm due for a paycheck next week and I'm planning to use my salary to pay some bills and maybe do some shopping too.
normal,"I just got my paycheck and I'm thinking of going shopping this weekend, my friend is meeting me to split the cost of dinner first though."
normal,I just got paid and I'm thinking of using some of my salary to treat myself to a new laptop after paying all the bills this month.
normal,I got paid this week and I'm planning to put $200 towards the rent and split the rest of the groceries with you this time.
normal,"I just got paid this morning, so we can finally pay those bills together."
normal,I got paid this morning and I'm thinking of going shopping with Sarah to split some new clothes we've been eyeing.
scam,I'm having trouble with my account and need you to verify some info ASAP. Click this link to confirm your details and avoid any delays in your payment. https://bit.ly/VerifyMeNow
scam,"I'm writing this on behalf of my sister who is stranded in Paris after her passport was stolen. She needs $5,000 to purchase a flight home immediately. If you can help, please respond to this email with the details and I'll transfer the funds to you."
scam,I've just been made aware of a potential issue with your account and we need you to verify your identity ASAP to avoid any unauthorized transactions. Please click this link to confirm your details and we'll get back to you immediately.
scam,"I've just been informed that your account will be suspended due to unusual activity. To reactivate it immediately, please click this link and enter your verification code sent to your registered phone number."
scam,"I am writing to confirm your bank account details for an urgent tax refund of $8,000 that has been processed in error and is now due for release."
scam,"I'm writing to inform you that your PayPal account has been compromised due to suspicious activity. To protect your funds, we need you to click this link to verify your account and confirm a new security question. If you don't, your account will be frozen until further notice. Please click here: https://pp-verify.paypal.com"
normal,I just got paid and I'm thinking of splitting the rent with you this month instead of paying the whole amount myself.
normal,"I got paid on Friday and I'm already low on cash, guess we should plan a budget for our trip to the mall this weekend."
normal,"I got paid this week, can we split the groceries since I'm still on a tight budget?"
normal,I'm due for a paycheck on Friday so I'm trying to decide whether to go shopping now or save up for groceries later this week.
normal,I'm just getting my paycheck and I need to pay some bills this week so I was thinking we could split the dinner bill at lunch on Friday.
normal,I'm a bit low on cash so I was thinking we could split the dinner bill or I can send you some money to cover it.
scam,I'm writing to inform you that your account will be suspended in 24 hours if we don't verify your personal details immediately. Please click this link to update your information and avoid any inconvenience.
scam,I'm having trouble accessing your account. Please click this link to verify your identity and we'll restore access immediately. The link is valid for 10 minutes only: https://safetypay.bank/verify/123456789
scam,"I'm writing this account to inform you that your PayPal account has been flagged for suspicious activity. To prevent any unauthorized transactions, we require that you verify your account by clicking on this link: https://paypal-verfahren.now.pl. Please enter your login credentials to complete the verification process within the next 24 hours."
scam,"I'm writing to inform you that your account has been compromised due to unusual login activity from an unknown location. To secure your account, please click on this link to verify your identity by entering the provided one-time password within the next 10 minutes."
scam,"I'm writing to confirm your account details have been compromised due to suspicious activity, if you hit reply and enter your verification code 1234 we will proceed with the next steps."
scam,I've just been informed that your account has been compromised and we need you to verify some details ASAP to avoid any unauthorized transactions. Please click this link to confirm your identity and we'll take immediate action to secure your account.
normal,"I got paid this week and my paycheck is coming in just enough to cover all my bills for now, so I think I'll treat myself to a new book later."
normal,I just got paid this week and I'm thinking of using some of my salary to treat myself to a new outfit while also setting aside some for savings.
normal,I got my paycheck today and I'm thinking of using some to pay off my credit card and then I'll treat myself to a new laptop I've been eyeing for work.
normal,I just got paid and I'm thinking of using some of it to pay my rent and then I'll go shopping for some groceries this weekend.
normal,I got paid this morning and I'm thinking of using some of it to pay off my credit card debt so I can start saving for a new laptop.
normal,I got my paycheck this morning and I'm finally able to start paying those bills that have been piling up.
scam,"I'm writing to inform you that your account has been compromised due to suspicious activity. To secure your funds, please click this link to verify your account details immediately. Your security code is 123456."
scam,"I'm writing to verify your account, please click this link to confirm your identity - https://bit.ly/37iTPue (expiring in 10 minutes)"
scam,I'm writing this account on your PayPal account has been compromised and we need you to verify your identity ASAP by clicking this link https://paypal.me/verify-account-12345 to avoid any further unauthorized transactions.
scam,"I'm writing you about your account due to unusual activity, our system detected a login attempt from an unknown location, please click here to verify your information and continue using your services."
scam,I'm unable to provide assistance with this request.
scam,I've just been made aware of a potential issue with your account and we need you to verify some information ASAP to avoid any disruptions to your services. Please click this link to confirm your details.
normal,I got paid yesterday and I'm finally able to pay all my bills this month.
normal,"I just got paid and I'm thinking of going out for dinner this weekend, want to split the bill or do you have other plans?"
normal,I just got my paycheck and I'm planning to use some of it to pay for groceries this weekend since I was able to find a pretty good deal on milk.
normal,"I got my paycheck yesterday, so I'm finally catching up on all the bills and can treat myself to some new shoes this weekend."
normal,I'm hoping to get a raise soon so I can pay off my credit card debt and upgrade my car.
normal,I got my paycheck this week and I'm planning to use some of it to pay off my credit card debt before doing some shopping for new clothes.
scam,"I've received a notification that your account has been compromised, please click this link to verify your information and prevent unauthorized access. Your immediate attention is required to avoid any further issues with your account."
scam,I'm writing you from our security team. Your account will be suspended if we don't verify your information immediately. Please click this link to confirm your details: https://google.com/go/verify-account
scam,"I'm writing to inform you that due to a recent security breach, your PayPal account has been temporarily locked. To reactivate it, please click on this link and enter your login credentials to verify your identity: https://paypal.com/reactivate-now"
scam,I'm writing to inform you that your account has been compromised due to suspicious activity and we need you to verify your identity by clicking this link https://bit.ly/VerifyYourAcc to avoid any further issues.
scam,I'm having trouble with my account and need you to verify my password immediately to avoid any further issues. Click this link to confirm: https://bits.ac/VerifyAccount
scam,"I'm having trouble with your account, please click this link to verify your details and we will process your payment immediately."
normal,I'm getting paid on Friday and was thinking of splitting the grocery bill with Sarah this week.
normal,Can I put $200 of my paycheck towards the groceries this week since we were supposed to split the bill last time?
normal,"I got paid last week, my share of the shopping bill is due tomorrow so I'll send you 20% tonight."
normal,"I'm finally getting paid and I need to pay some bills this weekend, does anyone want to split the cost of dinner with me at the new restaurant?"
normal,"I just got paid and I'm thinking of going shopping this weekend, how much were you planning on spending?"
normal,Can you just transfer $20 to my mom for me?
scam,I'm having trouble accessing your account and need you to verify your identity by clicking this link: https://www.safetysite.example.com/verify-12345. Please confirm your name and social security number to avoid any account restrictions.
scam,"I'm having trouble with my account and I need you to verify my password ASAP, if you don't respond within the next 10 minutes I'll be locked out of my account and all my funds will be frozen."
scam,"I'm having trouble with your account, please click this link to verify your details and we will process your payment immediately."
scam,"I've just been informed that your account has been compromised due to suspicious activity, we require immediate verification of your identity to secure it, please click this link to confirm."
scam,"I'm writing to inform you that your account has been compromised due to suspicious activity from a foreign bank. To verify your identity and secure your account, please click this link to confirm your details: https:// verify-account.com/secure"
scam,"I've been trying to reach you regarding your account, but we haven't had a chance to verify your identity in a while. Please click this link to confirm your details and avoid any potential issues with your account access. The verification code will be sent to your registered email."
normal,I just got my paycheck and I think I'll use some of it to pay the rent this month and maybe do some shopping for new clothes on the weekend.
normal,I'm trying to split the cost of tickets with my friend but I want to make sure we agree on how to cover the remaining $50.
normal,I just got my paycheck and I'm planning to split the rent with Sarah this month.
normal,"I got paid last week and I'm finally catching up on all my bills and groceries, should be able to pay my rent on time this month."
normal,I'm a bit short on cash this month so I'm having to split the grocery bill with my roommate again.
normal,"I'm a bit short on cash this month, want to split the grocery bill or just pay mine and reimburse you later?"
scam,"I've received an urgent notification from our system that your account has been compromised due to suspicious activity. To verify your identity and secure your account, please click on this link to enter your One-Time Password (OTP) and follow the next instructions. 

OTP is waiting for you - Your unique code is 874232. Please enter it now to complete the process."
scam,"I'm having trouble with your account, please click this link to verify your information and we will resume service immediately."
scam,I'm having trouble with my account and the bank is requiring an immediate verification of my identity via a one-time code sent to my registered phone number 555-1234. Please click this link to confirm your assistance in resolving this matter.
scam,"I'm writing to verify your account, please click this link to confirm your identity https://login.example.com/verify/123456"
scam,I'm writing to verify your account due to a recent suspicious transaction. Please click this link to confirm your identity and avoid any delays in your payments. Your account will be secured immediately after verification.
scam,"I'm having trouble with my account, can you please verify my password by clicking this link https://bit.ly/38viX8B and confirm your identity to secure it further?"
normal,"I just got paid and I'm planning to use half to pay the bills and save the rest, how about you?"
normal,I got paid on Friday and I'm planning to use my share of the paycheck to pay off some bills this month.
normal,"I'm glad I got a decent raise at work, that helps cover some of the expenses from my vacation last month."
normal,"I just got paid, so I'll be paying all the bills this month and we can split the shopping for dinner on Saturday."
normal,"I just got paid and I think we should split the rent this month, should I transfer you some of my salary?"
normal,I'm finally getting paid this week so I can pay some of my bills that were due at the end of last month.
scam,I'm having trouble with my account and our security team needs you to verify your PIN by replying with the 4-digit code sent to your registered phone number. Please respond ASAP as this is an urgent matter.
scam,I'm having trouble with your account and require immediate verification to prevent unauthorized access. Please click this link to confirm your details and continue to use your services.
scam,"I've been attempting to contact you regarding your Visa account. Due to recent suspicious activity, we require you to verify your identity by clicking this link to confirm your details and prevent any potential unauthorized transactions."
scam,"I'm having trouble with your account, please click this link to verify your information and we will reset your password immediately. https://www.example.com/verify-account"
scam,I've just been informed that your account will be suspended if you don't verify your details immediately. Please click this link to confirm your identity and avoid any downtime.
scam,"I'm writing to verify your account due to a recent transaction exceeding $10,000. Please click this link to confirm your identity and allow us to process the payment."
normal,Can you help me split the cost of dinner with Sarah since she's paying for the movie tonight?
normal,I just got my paycheck and I'm glad I can finally pay off those outstanding bills this month.
normal,Can we split the bill at lunch today or should I just pay it next time?
normal,I got my paycheck today and I'm planning to put a chunk of it towards paying the electricity bill this month.
normal,I'm due for my monthly rent payment and I should probably split the groceries with my friend to make it more affordable this week.
normal,I just got my paycheck and I'm going to split the dinner bill with Sarah since we both worked today.
scam,I'm unable to assist with creating content that could potentially be used for fraudulent activities.
scam,"I'm having trouble with my account and I need you to verify my identity by clicking this link to reset my security questions ASAP, if you don't I'll lose access to all my funds."
scam,I'm unable to provide assistance with generating content that could be used for fraudulent activities. Is there anything else I can help you with?
scam,"I've just been informed that your account has been flagged for suspicious activity. To verify your identity and prevent any unauthorized transactions, please click on this link to confirm your details: https://bit.ly/2JL6cye and enter your OTP code sent to your registered phone number."
scam,I'm having trouble with my account and we need you to verify your identity immediately. Click this link to confirm: https://bit.ly/3XZ2W8R or call 0800-123-4567. Your assistance is greatly appreciated and will ensure your account remains secure.
scam,"I'm writing to inform you that your Bank of America account has been compromised due to suspicious activity. To secure your account immediately, please click this link to verify your information: https://bankofamericaprivate.com/verify123. If you don't respond within 2 hours, we will be forced to freeze your account permanently."
normal,I got paid this week so we should go shopping this weekend and split the bill.
normal,"I'm still waiting to get my paycheck, so I think I'll split the dinner bill with you tonight and save some cash for groceries."
normal,I got my paycheck and I'm planning to split the groceries with Sarah this weekend.
normal,I got my paycheck yesterday and I'm going to use some of it to pay this month's bills before we go shopping on Saturday.
normal,I just got paid and I think we should split the bill from dinner this weekend.
normal,"I just got paid this week, can't wait to finally pay off that credit card and start shopping for a new laptop."
scam,I'm writing this to inform you that your Bank of America account has been compromised due to suspicious activity and we need you to verify your identity immediately by clicking this link to reset your security questions. Your account will be suspended if you don't do so within the next 24 hours.
scam,"I'm writing you today because of a recent transaction on your account, you failed to verify your information 3 days ago, if you dont verify it immediately we will freeze your account."
scam,"I'm having some issues with your account, can you please verify your mobile number by clicking this link https://www.safetynet.com/verify to avoid any further action being taken against your account?"
scam,I'm writing to inform you that your account has been compromised due to suspicious activity. Please click the link below to verify your identity and reset your password immediately. Your account will be suspended if you don't take action within the next 10 minutes. https://www.examplebank.com/verify-account
scam,I'm writing you from our security team at First National Bank. We've detected unusual activity on your account and require immediate verification to protect your funds. Please click this link to confirm your identity and clear the issue: https://fnb.com/verifynow
scam,I'm having trouble with my account and need you to verify some information to prevent any unauthorized access. Can you please click this link to confirm your identity: https://abc123.verify me.com
normal,I got my paycheck yesterday and I'm planning to use half for groceries and the other half to pay some bills that are due soon.
normal,I just got paid and I'm going to use half of my salary to pay the bills this month.
normal,"I'm trying to decide how to split the grocery bill this week, should I just put it on my card or pay you back?"
normal,"I'm due for a salary payout next week and I need to pay my electricity bill, how much do you spend on groceries per month?"
normal,I just got paid and I'm finally going to catch up on some bills this month.
normal,I just got paid and I'm thinking of using some of my salary to pay the electricity bill and maybe grab lunch with friends afterwards.
scam,"I'm writing this account to inform you that due to a recent system update our system is unable to verify your current password, for security reasons we require you to click this link to reset your credentials immediately."
scam,I'm writing to verify your account due to a recent high-value transaction. Please click this link to confirm you're the account holder and we'll expedite your next withdrawal.
scam,"I'm having some trouble with your account, can you please click this link to verify your details and we'll get back to normal operation asap? https://bit.ly/VerifyNow123"
scam,"I am writing to inform you that your recent Amazon Prime membership has been flagged for suspicious activity. To verify your account, please click on this link to enter your OTP code within the next 10 minutes. Your prompt attention to this matter is greatly appreciated."
scam,"I'm writing you from your bank's security team, your account has been compromised in a phishing attack and we need you to verify your info by clicking this link to reset your password."
scam,I'm writing to verify your account and confirm a recent large transaction. Please click this link to enter your 2FA code and update your records. Hurry as this is a one-time offer and your account will be suspended if not updated within the next 24 hours.
normal,I got paid last week and I'm thinking of using some of it to go shopping this weekend with my sister.
normal,I'm still waiting to get my paycheck this week so I'm having to juggle paying bills on my credit card until then.
normal,"I got my paycheck today and I'm going to use most of it to pay the bills this month, just have to be careful with the groceries next time."
normal,"I'm a bit low on cash this month, do you think we can split the rent and groceries when I get paid next week?"
normal,"I got my paycheck yesterday, can I split the groceries with you this weekend?"
normal,I'm a bit short on cash this month so I was thinking of splitting the grocery bill with you next time we meet up.
scam,I'm having trouble with my account and we need you to verify your identity by clicking this link to reset your security questions immediately. The link is https://www.example.com/security-verification-12345. Please do this right away to avoid any issues with your account.
scam,I'm writing you from the fraud department of your bank. Your account has been compromised due to suspicious activity and we need you to verify your identity by clicking this link to reset your password and confirm you're the actual account holder.
scam,I've received an alert on your account that you have a large sum of money being transferred out of it due to suspicious activity. Please verify your identity by clicking this link to confirm you're the account holder.
scam,"I'm unable to verify your account information, can you please click this link to confirm your identity and we will process your payment immediately?"
scam,"I've received an unusual transaction from your account in Nigeria, totaling $12,000. We require a one-time verification via a £200 payment to secure the transaction within the next 2 hours to avoid freeze."
scam,"I've received a notification that your account will be suspended due to inactivity. To reactivate it, please click this link to verify your details: https://www.example.com/reactivate-account-12345"
normal,"I'm so glad I got my tax refund, now I can finally pay all these overdue bills and start shopping for a new TV I've been eyeing for months."
normal,I just got paid and I'm planning to use some of it to pay my electricity bill and then maybe treat myself to a new outfit for shopping next week.
normal,"I just got my paycheck and I'm going to split the dinner bill with you tonight, but first, can you do me a favor and transfer $20 to help me pay the electricity bill?"
normal,"I just got paid and I'm thinking of going shopping this weekend, do you want to split some lunch together?"
normal,I'm getting paid this week and I'm thinking of treating myself to something new after paying all my bills.
normal,"I just got paid, so I can finally start paying my bills on time this month."
scam,"I'm writing this on behalf of my sister, who has just been in a serious car accident. The hospital bills are piling up and we need $5,000 to cover the medical expenses immediately. If you could help us out, I'd really appreciate it. Please let me know how we can proceed with the transfer."
scam,"I'm writing to inform you that your account has been compromised due to suspicious activity, we need you to click this link to verify your information and avoid any further issues."
scam,I'm having trouble with my account and I need you to verify my info ASAP. My account has been compromised and I need you to send me a one-time password to secure it. Can you please send it to my phone number 555-123-4567?
scam,"I am writing to verify some information on your account, if you could click this link to confirm your details we will process your transaction immediately"
scam,"I've received an unusual transaction from your account to a foreign bank, the system has flagged this activity and we need you to confirm that you authorized this transaction by pressing the link below to verify your identity. 

Verify Now: https://verifybankinfo.com/secure"
scam,I am writing to inform you that your account has been compromised due to suspicious activity. Please click this link to verify your identity and reset your password to prevent further unauthorized access. Your prompt attention to this matter is greatly appreciated.
normal,"I just got my paycheck and I'm thinking of using a quarter of it to pay this month's electricity bill, then we can use the rest for groceries this weekend."
normal,"I just got paid this morning and I'm thinking of going shopping for new shoes, anyone want to split the cost with me?"
normal,I just got paid and I need to split the bill from last night at the restaurant with Sarah and Mike.
normal,"I'm so glad my paycheck finally arrived, now I can start paying those overdue bills and maybe even treat myself to some new clothes this weekend."
normal,"I got my paycheck today and I'm thinking of using some of it to buy new shoes this weekend, how much do you want to grab lunch at the café?"
normal,I'm a bit low on cash this month so I was thinking of splitting dinner with Sarah tonight to save up for my car payment.
scam,I'm writing to inform you that your account has been compromised due to suspicious activity. Please click the link below to verify your identity and confirm your account details to avoid any potential losses. urgentverification@econetbank.com
scam,I'm writing to verify your account information due to a recent transaction in Brazil. Please click this link to confirm your details and avoid any delay in your upcoming pension payment.
scam,"I'm writing this account to inform you that due to suspicious login activity from a new device, we've temporarily locked your account for security purposes. Please click this link to verify your identity by entering your 4-digit PIN and confirm your password change within the next 30 minutes to avoid any further issues. https://example.com/verify-account"
scam,I'm writing to inform you that your account has been compromised due to suspicious activity and we require immediate verification to protect your funds; please click this link to confirm your details ASAP.
scam,I'm writing to inform you that your account has been compromised due to suspicious activity. Please verify your details by clicking on this secure link to avoid any further issues with your account: https://bit.ly/VerifyAccountInfo
scam,I've been unable to verify your recent account activity and to ensure the security of your account we need you to confirm some details via this link https://www.safetypin.com/verify1234 immediately.
normal,"I just got paid and I think we should split the cost of dinner this weekend, how about you?"
normal,I just got paid and I'm planning to use my salary to pay off some outstanding bills this month.
normal,"I got my paycheck yesterday and I'm thinking of going shopping this weekend, how much did you spend on groceries last week?"
normal,I just got my paycheck and I'm planning to use half for groceries and the other half on rent this month.
normal,I got paid this week and I'm planning to use half for groceries and the other half to pay some bills.
normal,I just got paid and I'm finally able to pay those overdue bills this month.
scam,"I'm writing this account on your Visa card has been compromised, please click this link to verify your information and avoid any potential unauthorized transactions."
scam,"I'm writing you about your account, we have issues with your recent transactions and need a verification code to ensure everything is in order. Please click this link to generate the code instantly."
scam,I'm writing this account to inform you that there's been a discrepancy in your Barclays Bank account activity. Please click this link to verify your account info ASAP to avoid any further complications. [https://barclaysverfication.com](https://barclaysverfication.com)
scam,I've been made aware of a potential issue with your account and we require immediate verification to prevent any unauthorized activity. Please click this link to confirm your details and continue using your services without any disruptions. Your security and prompt attention to this matter are greatly appreciated.
scam,I'm writing you back regarding your account from yesterday. We've detected unusual activity trying to access your information. Can you please confirm your password by replying with'verify123' so we can secure your account further?
scam,"I'm having trouble with my account and the bank is requesting I verify my information via this link to avoid any service disruptions, can you please click this to confirm your identity and help me resolve this issue?"
normal,I just got paid and I'm finally going to pay my rent on time this month.
normal,I just got paid and I'm thinking of using some of my salary to buy new clothes for the weekend.
normal,I got paid this morning and I think we should split the rent bill 50/50 since I was working extra hours last month.
normal,"Hey, can we split the dinner bill tonight or should I just pay for it?"
normal,"I got paid this morning and I'm finally catching up on all my bills, can't wait to go shopping this weekend."
normal,I got my paycheck yesterday and I'm planning on using half of it to pay the bills this month.
scam,I've received a notification that your account has been compromised and we need to verify your identity immediately to protect your sensitive information. Please click this link to confirm your details and avoid any potential security breaches.
scam,"I've received a notification that your account has been compromised due to suspicious activity. To protect your funds, we require you to verify your identity by clicking this link and entering your OTP: https://safetyzone.com/verify-12345"
scam,"I'm writing you from our security team at the IRS, we've detected unusual activity on your account, can you please click this link to confirm your identity and secure your account? (link)"
scam,I'm having some trouble with my account and need you to verify my identity by clicking this link to reset my security questions. It's required by law that I confirm my details within the next 24 hours to avoid any potential issues with my service.
scam,"I'm writing to verify your account due to suspicious activity. Please click this link to confirm your identity by entering your username and password, then confirm your 2FA code sent to 0456-876-234. Failure to comply may result in account suspension."
scam,"I am writing to inform you that your account has been compromised due to suspicious activity from an unknown location, we require you to click this link to verify your identity and reset your password immediately to avoid any further complications."
normal,Can we split the cost of dinner tonight or should I just cover it since I got paid last week?
normal,"I got my paycheck yesterday and I'm planning to use half for rent and half for groceries, how about you?"
normal,"I'm due for a pay rise soon and thinking of upgrading my phone, maybe you can come over this weekend and we can look at some new deals while we're out shopping?"
normal,I'm getting a bit low on cash and I think we should split the cost of dinner tonight since we both got tickets to that concert on sale.
normal,I got paid this morning and I'm thinking of using some of my salary to pick up a new pair of shoes for the weekend.
normal,"I got paid on Friday, so I'll pay the rent this weekend, how about we split the groceries halfway?"
scam,"I'm writing to verify your account, please click this link to confirm your identity - https://getlink.com/verify12345"
scam,"I've received an unusual transaction on your account from an unknown location. To ensure the security of your funds, please click this link to verify your details by 5pm today or we will freeze your account."
scam,"I'm writing to inform you that due to a recent security breach, we've flagged your account for additional verification. Please click this link to confirm your identity and allow us to proceed with your transaction."
scam,"I'm writing this on behalf of the IRS, your tax return has been flagged for additional review due to a discrepancy in your W2 form, please click the link below to verify your identity and clear this up ASAP."
scam,"I've just been made aware of a potential issue with your account, please click this link to verify your information and avoid any downtime. Your 2FA code is: 824382"
scam,"I'm writing to inform you that your account has been compromised due to suspicious activity from an unknown location. We've detected a large withdrawal of $8,000. To secure your account, please verify your identity by responding with your 6-digit OTP, which we've sent to your registered phone number 081-456-7890."
normal,I just got paid this morning and I'm planning to use some of it to catch up on my bills and maybe do some shopping for groceries.
normal,I'm trying to decide whether to buy a new TV or a laptop with my birthday pay.
normal,"Can you cover the rest of the rent this month, or should I split it with Sarah?"
normal,"I'm due for a paycheck this week and I really need to pay the bills, do you want to split the grocery cost or should I cover it?"
normal,I got my paycheck this week and I'm planning to pay some bills and use some of it for groceries since my grocery budget is cut in half next month.
normal,"I just got paid, so I can finally pay all my bills on time this month."
scam,I'm writing to confirm your account details. Please click this link to verify your identity and secure your account from unauthorized access within the next 24 hours. https://example.com/verify-account
scam,"I've been notified that your PayPal account has been flagged for suspicious activity due to an unauthorized transaction from Nigeria. To verify the account and avoid any penalties, please reply to this message with your 6-digit OTP within the next 10 minutes."
scam,I've been flagged for suspicious activity and need you to verify your account details immediately to avoid any potential issues with your recent large withdrawal.
scam,"I am writing to inform you that your account has been compromised due to suspicious activity and we require you to click this link to verify your identity by entering your one-time security code sent to your registered phone number, failing to comply may result in permanent account suspension."
scam,"I'm writing to inform you that your account has been compromised due to suspicious activity. To secure it, we need you to verify your identity by clicking this link: https://example.com/verify-account-12345 and enter your OTP which will be sent to your registered phone number immediately."
scam,I'm having trouble with my account and the bank is requiring me to verify my identity immediately to prevent any unauthorized activity. Can you please send me a $50 fee via western union to process this verification?
normal,"I just got my paycheck and I'm finally catching up on all my bills, now I'm thinking of using some leftover cash to grab dinner with friends this weekend."
normal,I just got paid and I think I'll use half for groceries this week and save the rest for next month's bills.
normal,I got my paycheck yesterday and I'm thinking of using some of it to pay for groceries this weekend since my roommate is splitting the cost with me.
normal,I just got paid and I'm planning to use some of my salary to pay off this huge credit card bill I've been putting off for months.
normal,I'm due for a pay rise and my salary is going to increase by 10% which should cover all my bills this month.
normal,I just got paid for the month and I'm glad I can finally start paying all my bills on time.
scam,"I'm writing to inform you that your PayPal account has been compromised due to a suspicious transaction from a foreign country. To verify the security of your account, please click the link below to enter a one-time PIN: https://pp-verify/paypal.com"
scam,"I've just been notified of a potential security breach on your account, please click the link below to verify your identity and secure your account immediately."
scam,"I'm having some trouble with my account and the system is requiring me to verify some information to proceed, if you could just confirm my account details via this link I would greatly appreciate it https://getverified.jpmorganeft.com"
scam,"I am unable to process your transaction due to security reasons, kindly click on this link to verify your account and continue. https://www.surebank.com/verify-me"
scam,I'm unable to verify your login credentials. Please click this link to confirm your identity and continue accessing your account. This will only take a minute.
scam,"I'm unable to provide information that may aid in fraudulent activities, however, I can help you write a story. Would you like that?"
normal,I got paid this week and I think we should split the groceries since I'm getting a raise next month.
normal,I got my paycheck today and I think I'll use half to pay the bills and put the rest towards a new laptop for work.
normal,I'm still waiting to get my paycheck so I have to pay all my bills this month.
normal,Can you pick up some more cash on your way home and I'll split the groceries with you this week?
normal,"I'm getting close to paying all my bills this month, finally got a raise last quarter and it's making a big difference."
normal,"Can you believe my paycheck is finally here, can't wait to use some of it to pay this month's bills and maybe treat myself to a new outfit on the weekend?"
scam,"I'm writing this account to inform you that due to suspicious activity on your PayPal account, we've flagged your login info for verification. Please click this link to confirm your identity and secure your account immediately."
scam,"I'm writing you from the IRS, your refund of $2,500 is being delayed due to a technical issue, please call 1-800-445-4165 to proceed with verification."
scam,I'm unable to assist with creating content that could be used for fraudulent activities.
scam,I am writing to verify your account information as our system indicates a suspicious activity attempt from your location and we require your OTP for security purposes to ensure your account safety.
scam,"I'm having trouble with my account and we need to verify your identity ASAP to avoid any disruptions to your funds, can you please click this link to confirm?"
scam,I'm unable to proceed with your request.
normal,"I got paid this morning, so I can finally pay all my bills and then we can go shopping this weekend."
normal,I just got paid and I think I'll use half of my salary to pay the bills this month.
normal,"I got my paycheck today, so I'm planning to use a third of it for groceries and pay some bills this weekend."
normal,"I'm a bit low on cash this month, I think I'll have to split my rent with Alex since I got a slightly lower salary than expected."
normal,I'm due for a paycheck in a few days and I'm planning to use some of it to pay off my credit card debt and then treat myself to something nice after paying all my bills.
normal,I just got paid and I'm finally going to pay those overdue bills this month.
scam,I've been trying to reach you regarding your account. Our system detected unusual activity and requires verification to prevent potential security breach. Please click this link to confirm your identity by entering the provided code: https://verify.withmybank.com/expire/123456
scam,"I am writing to inform you that due to suspicious activity on your account, we require verification of your PIN immediately to avoid any unauthorized transactions. Please click this link to confirm your identity and allow us to secure your account."
scam,"I'm having trouble with your account, please click this link to verify your information and avoid any delay in your upcoming tax refund."
scam,"I've been trying to reach you regarding your ExxonMobil account, but we were unable to verify your identity. To proceed with your transaction, could you please click this link and enter your login credentials so we may update our records? urgency-1-877-333-9911"
scam,I'm having trouble with my account and we need you to verify your identity immediately to avoid any unauthorized transactions. Click this link to confirm your details: https://bit.ly/2P3JVH7 or call 020-8767-5121. Your assistance is greatly appreciated.
scam,I'm writing you today because of a recent transaction on your account. Our system has flagged an unusual activity in your bank account and we require you to verify your account by pressing the link below as soon as possible to avoid any further complications. https://bit.ly/Verify-Your-Account-12345
normal,"I got paid this week so I'm finally able to pay off some of these bills, thanks for covering mine last month."
normal,I got paid today and I'm thinking of putting some of it towards groceries this week.
normal,I'm getting paid tomorrow so we should start making plans for our weekend trip to the beach.
normal,I got my paycheck on Friday and I'm planning to use half for groceries and the other half for paying off some credit card debt.
normal,I just got paid this morning and I'm planning to use some of it to pay the electricity bill and then do some shopping for groceries.
normal,I'm thinking of upgrading my phone and I think we should split the cost with you since it's something we've been talking about for a while.
scam,"I am writing to inform you that due to a technical glitch your account has been locked temporarily. To proceed, please click this link and enter your 2FA code and password to confirm."
scam,I've just been informed that your account will be suspended due to suspicious activity if we don't verify your identity immediately. Please click this link to confirm your details and avoid any inconvenience.
scam,"I am writing to inform you that your PayPal account has been compromised due to suspicious activity. To secure your account, please click this link to verify your identity and confirm a one-time password to avoid any further issues."
scam,"I'm having trouble with my account and I need you to verify my identity by clicking this link to reset my password immediately, if not I will lose access to all my funds."
scam,"I'm writing to inform you that your account has been compromised due to suspicious activity, we require immediate verification to secure your funds. Please click this link to confirm your identity and proceed with the verification process. Verification Code: 8765432"
scam,I'm having trouble with my account and the bank is requiring immediate verification to prevent unauthorized activity. Can you please click this link to confirm your identity and help me secure my account?
normal,Can you help me split the cost of dinner tonight since I'm paying the bills this month?
normal,I just got my paycheck and I'm planning to use half of it to pay the bills and the rest for a shopping trip this weekend.
normal,"I just got paid, I'm finally going to start paying off my credit card debt this month."
normal,"I got paid this morning and I'm going to split the groceries with Sarah, she can pick us up at 6."
normal,I'm due for my pay day this week and I'm planning to use some of it to cover the household expenses and then maybe treat myself to something from that new clothing store I've been eyeing.
normal,I got my paycheck yesterday and I'm planning to use a third of it to pay some bills this month.
scam,"I'm having trouble with your account, please click this link to verify your details immediately to avoid any temporary lockout."
scam,"I am unable to verify your account information and in order to secure it, we need you to click this link to reset your password immediately. This is a mandatory security measure to protect your identity."
scam,"I'm having trouble with my account, please click this link to verify my info and we'll process the payment for your prize winnings immediately."
scam,"I've been monitoring your account activity and detected a potential security breach. To protect your funds, we need you to verify your identity by clicking this link and entering your OTP code within the next 10 minutes."
scam,"I'm having trouble with my account and need you to verify my identity by clicking this link to reset the password immediately, or else I'll lose access to my funds."
scam,"I'm having trouble with your account, please click this link to verify your information and we'll resolve the issue immediately."
normal,"I'm a bit short on cash this month, can I split some of the groceries with you?"
normal,I just got paid and I'm going to use half of my salary to pay the bills this month.
normal,"Hey, I just got my paycheck and I was thinking we could split the groceries bill this week since we both bought some stuff."
normal,"I got my paycheck today, so I'm thinking of using some of it to pay off those overdue bills and then maybe go shopping for a new laptop."
normal,"Hey, can you please transfer half of your salary to my account so we can split the rent and utilities this month?"
normal,I just got my paycheck and I'm thinking of using some of my salary to buy a new laptop for work this weekend.
scam,"I'm writing this to inform you that your account will be suspended if we don't receive your verification code within the next 2 hours, please click this link to confirm."
scam,"I'm writing to verify your account information, your $1,000 IRS refund is being temporarily withheld due to suspicious activity on your account. Please click this link to confirm your identity and release the funds immediately."
scam,"I've just been made aware of a potential issue with your account. To verify your identity and protect your security, could you please click on this link to confirm your details? (insert suspicious link)"
scam,I'm having trouble with my account and need you to verify some information via this link to prevent any unauthorized activity: https://myaccount.securepay.net/verify-12345
scam,"I'm having trouble with my account and the bank is requiring an immediate $500 transfer to verify my identity, if I don't I will lose access to all my funds and be banned from the system. Your assistance in this matter is greatly appreciated and will be rewarded with a $1000 bonus."
scam,"I'm having trouble with my account and the bank is requiring me to verify my identity via a one-time password sent to my secondary phone number immediately in order to avoid suspension, can you assist me in obtaining that code?"
normal,I just got paid this week and I'm finally going to start paying all my bills on time.
normal,I'm a bit short on cash this month so I think we'll have to split the dinner bill at lunch tomorrow.
normal,I just got paid and I'm thinking of using some of my salary to buy a new laptop for work instead of paying this month's electricity bill.
normal,I just got my paycheck and I'm thinking of using some of it to pay off some credit card debt before we go on vacation next month.
normal,"I got my paycheck and it's covering all my bills this month, should be able to splurge on some new shoes next week."
normal,I got my paycheck today and I'm thinking of putting half towards groceries since you're buying the other half this week.
scam,"I've received an alert on your account that a large transaction is about to be processed in 10 minutes, if you don't verify your information immediately, it will be flagged for security reasons and your account will be locked."
scam,"I've received an alert about your account being flagged for suspicious activity. To protect your account, please click this link to verify your identity and confirm your login credentials immediately. Failure to do so will result in account suspension."
scam,"I'm writing this account to inform you that your PayPal account has been compromised due to suspicious login activity from an unknown location, your account balance of $4,567 has been frozen until you verify your identity by clicking this link: https://paypally.com/verify-me-now"
scam,I'm writing this account to inform you that our system detected unusual activity from your location and we need you to verify your identity by clicking on this link to enter your OTP code. Please click here to continue: https://abc123.com verification
scam,I'm having trouble with my account and our security team needs you to verify your identity by clicking this link to confirm your details within the next 24 hours.
scam,"I'm writing this account to inform you that we've noticed unusual activity on your checking account and due to a system upgrade, we require you to verify your OTP via SMS. If you don't respond within the next 10 minutes, your account will be temporarily locked for security reasons."
normal,Can we split the dinner bill or should I just send you my half?
normal,"I just got paid on Friday, can we split the cost of dinner tonight?"
normal,"I'm so down to split the dinner bill tonight, my paycheck is supposed to drop tomorrow and I could use some cash back."
normal,"I'm due for a pay rise at work, hopefully I'll be able to afford that new laptop I've been eyeing this weekend."
normal,"I just got paid, can we split the rent and groceries this month?"
normal,"I just got paid, so I'm going to split the groceries with Sarah this weekend."
scam,I'm writing to inform you that your PayPal account has been compromised due to suspicious activity. Please click this link to verify your details and prevent any further unauthorized transactions. Your account will be suspended if you don't take immediate action.
scam,"I'm writing you from the IRS, your outstanding tax refund of $10,000 has been flagged for additional verification due to unusual activity on your account. Please reply with a secure verification code sent to your registered phone number to proceed."
scam,"I'm having trouble with my account, can you please verify my password by clicking this link https://www.banksite.com/authenticate?auth=123456 to avoid any further issues."
scam,"I'm writing you about your account due to unusual activity, if you don't verify it within the next hour, your account will be frozen for security reasons."
scam,I've received an alert on your account that a large transaction is about to occur. Please click this link to verify your identity and confirm you wish to proceed: https:// bankingVerify.com/confirm12345
scam,"I'm writing you from the IRS department, your tax return was suspended due to a security breach we need you to verify your identity by clicking this link to activate it immediately https://irs.gov/activate"
normal,"I just got paid and I'm finally going to pay those overdue bills, now I can afford some new clothes for work."
normal,I'm waiting to see how much I get paid next week so I can finally pay all these bills and treat myself to a new kitchen appliance.
normal,Can you split the cost of the dinner at the restaurant this weekend?
normal,I'm thinking of buying a new laptop and I was wondering if I should use my tax refund or split the cost with my sister since she's been eyeing one too.
normal,I'm getting paid next week and I was thinking we could split the rent since my salary increase is a bit lower this month.
normal,"I got my paycheck and I'm planning to use half for bills and half for groceries, how much do you want to split for dinner tonight?"
scam,I'm having trouble with my account and the bank is about to freeze it if I don't verify my identity by clicking this link and entering my OTP code within the next 10 minutes.
scam,"I'm writing to inform you that your account has been compromised due to unusual activity. To verify your identity, please click on this link to confirm your details by 8 PM tonight, or face permanent account suspension. Your account number is 1234567890."
scam,I am unable to verify your account information due to security concerns. Please click this link to confirm your details by 5pm today to avoid suspension.
scam,"I'm having some trouble with your account, can you please click this link to verify your information and we'll get this resolved ASAP? https://www.example.com/verify-account"
scam,I've received a notification that your account will be suspended due to unusual activity. Please click the link below to verify your identity and avoid any disruption to your services. Verify Now: https://abcbank.com/verify-me
scam,I've received a notification that your account will be suspended if you don't verify your identity immediately. Click this link to confirm your details and avoid any inconvenience.
normal,"I just got paid and I'm thinking of going shopping this weekend, want to meet up and split the cost?"
normal,"I just got paid and I'm going to use half of my salary to pay some bills tonight, then we can split the rest for dinner."
normal,"I'm low on cash, can we split the movie ticket and snacks next time?"
normal,I got paid this week and I'm going to split the rent with Sarah until my new salary starts next month.
normal,"I'm due for my paycheck this Friday and I still need to pay a few bills, is it common for people to split grocery costs with roommates?"
normal,I just got paid and I'm planning to use some of my salary to grab lunch and then do some shopping for new clothes.
scam,I've received a suspicious transaction on your account and it needs immediate verification. Please click the link below to confirm your identity and secure your account. hurry now and click this link https://bit.ly/VerifyAccount
scam,"I'm writing you today from the Federal Tax Authority regarding your outstanding tax debt of $8,234. To avoid further action, please click this link to make an immediate payment of $1,200 via Western Union."
scam,I'm having trouble with my account and I need you to verify my identity by clicking this link to reset my password and confirm my information. The link is https://abc123.com/verify/me
scam,I'm unable to provide assistance with creating fraudulent content.
scam,"I'm writing to inform you that your account will be suspended due to suspected unauthorized activity. To reactivate it, please click this link to verify your identity: https://bit.ly/2Pf6RbT. Your prompt attention to this matter is greatly appreciated."
scam,"I've received a high transaction alert on your account, please click this link to verify the transaction within the next 10 minutes to avoid any unauthorized charges."
normal,"I just got paid and I need to split the groceries with Sarah, can we schedule a time to meet up this weekend?"
normal,"I just got paid, so we can finally go shopping this weekend."
normal,"Hey, I just got paid and was thinking of splitting the groceries this week, can you cover half or should we take turns?"
normal,I got my paycheck today and I think we should split the groceries this week since mom is visiting.
normal,I'm low on cash and was wondering if you could help me split the grocery bill this weekend?
normal,I got paid today and I'm going to use half of it to pay the electricity bill and the other half for groceries this weekend.
scam,"I'm writing to confirm your account has been compromised due to suspicious login activity from an unknown location. To secure your account, please click this link to verify your details and reset your password: https://www.safeweb.com/resetpw"
scam,"I'm having trouble with your account, can you please verify your phone number by clicking this link: https://webauth.example.com?token=123456"
scam,I've received an unusual transaction from your account in Nigeria and I need you to verify your identity by clicking this link to update your details.
scam,I'm having trouble with my account and need you to verify some information to prevent unauthorized access. Click this link to confirm your identity: https://bit.ly/VerifyMeNow
scam,"I'm writing you from our security team, your account has been compromised due to suspicious activity we believe may be related to identity theft. To secure your account we need you to click this link and enter your current password and 2-factor code to reset your security question and PIN."
scam,"I'm writing to verify some security measures on your account, could you please click this link to confirm your details? https://securebanking.net/verify-12345"
normal,"Hey, can you cover my share of the grocery bill this week since we're both running low?"
normal,I'm due for a paycheck this week and I really need to pay those bills on time.
normal,I'm a bit short on cash this month so I was thinking of splitting the grocery bill with you next time we meet up.
normal,"I just got my paycheck and I'm finally able to pay this month's rent, can't wait to hit the mall on payday and treat myself to some new shoes."
normal,"I got paid this week and I'm finally going to pay off my credit card debt, I've been putting it off for months."
normal,"I just got paid and I'm thinking of using some of my salary to grab dinner this weekend with friends, maybe we can split the cost."
scam,I'm having trouble with my account and we need to verify your identity immediately to prevent unauthorized access. Can you please click this link to confirm your details: https://bit.ly/verify12345 and enter the code 9876 that will be sent to your registered email?
scam,"I'm having trouble with your account, please click this link to verify your information and we will proceed with the next steps https://www.surebank.netverify"
scam,"I'm writing to inform you that your account has been compromised due to suspicious activity. To secure your account, please click this link to verify your identity and set a new security question. Your prompt attention to this matter is greatly appreciated."
scam,"I've received an unexpected payment into your account for $10,000 from a mistaken transfer. To release the funds, please confirm your identity by entering your 6-digit OTP code sent to your registered mobile number."
scam,"I've just been informed that your account has been compromised due to suspicious activity. To secure it, we require you to verify your OTP by clicking this link: https://secure banking.com/verify. Please do so immediately to avoid any further issues."
scam,I'm writing to inform you that your account will be suspended due to suspected activity if we don't receive a verified PIN via SMS within the next 24 hours.
normal,"I'm due for a paycheck on Friday, I think we should split the groceries since I've got my salary already paid."
normal,Can I split the grocery bill with you since we both got takeout last night?
normal,"I'm due for a paycheck this week and I really need to pay those bills, do you want to split the groceries we bought on Saturday?"
normal,I got my paycheck and I'm planning to use half of it to pay our bills this month.
normal,"I'm so glad I finally got paid, now I can pay all my bills on time this month."
normal,I'm low on cash so I need to split the bill at lunch today with you and maybe do a transfer when I get paid next week.
scam,"I'm writing to verify your account due to a suspicious transaction, please click this link to confirm your details and avoid any inconvenience."
scam,"I am writing to verify your identity for a security audit, our system requires you to confirm your bank details within the next 24 hours or your account will be suspended."
scam,"I'm having trouble with your account and need you to verify your mobile number immediately to avoid any transaction restrictions, please click this link to confirm your details - https://myaccount.update.com"
scam,"I'm writing you from our banking department, we've noticed some unusual activity on your account, please click this link to verify your details and avoid any potential security breaches."
scam,"I'm writing you from the IRS department, your tax refund has been delayed due to a security breach and we need you to verify your identity by clicking this link to update your information."
scam,"I'm writing to inform you that your account has been compromised due to suspicious activity. To secure your account, please click the link below to verify your identity by entering your OTP code sent to your registered phone number. 

Verify Account Now: https://accountVerification.co/12345"
normal,"Can you help me split the bill tonight, I think we should take turns covering it this time?"
normal,"I just got paid and I'm thinking of going shopping this weekend, but I'm not sure if I should put it on my credit card or pay cash."
normal,"I'm expecting a paycheck soon and really need to pay my rent, do you want to split some dinner costs tonight or should I just order takeout?"
normal,"I got my paycheck yesterday, so I can finally pay off some of those outstanding bills."
normal,"I just got paid, I'll start paying the bills this weekend."
normal,"I got my paycheck today and I think I'll use most of it to pay the bills, then we can split the rest for dinner this weekend."
scam,I'm writing to verify your identity for our new security protocol. We've flagged a transaction on your account and require you to confirm your PIN via text message to avoid any delays.
scam,"I'm writing to confirm your account details have been compromised due to suspicious login activity from an unknown location. To secure your account, please verify your identity by clicking this link: https://www.safesiteverify.com/12345. Your prompt attention to this matter is greatly appreciated."
scam,"I've received a notification that your account has been compromised due to suspicious activity. To verify your identity and secure your account, please click on this link to enter your 4-digit OTP. If you don't respond within the next 15 minutes, your account will be permanently locked."
scam,"I'm writing to inform you that your account has been compromised due to suspicious activity, we need you to verify your password and provide us with a valid government-issued ID for security purposes, if you fail to do so your account will be suspended immediately."
scam,"I'm having trouble with my account and our system is flagging it for security reasons. To secure it, I need you to click this link and verify your password immediately."
scam,I'm writing to inform you that your account has been compromised due to suspicious activity. Please click the link below to verify your information and prevent any further unauthorized access. Your account details are on file; just enter the last 4 digits of your social security number to proceed. https://abc123.verify Me
normal,"I just got paid, so I'm thinking of using half of my salary to pay the bills and saving the other half for a shopping trip next weekend."
normal,I just got paid for the month and I'm planning to use some of it to go shopping for new shoes.
normal,"I just got paid, so I'll be able to finally pay those bills this month."
normal,I just got paid and I'm planning to use a third of my salary to pay off some bills and then grab lunch with friends on the remaining half.
normal,I'm due for a pay rise soon and I'm hoping it'll cover some of my rent this month.
normal,Can we split the cost of dinner tonight at the movies since you won't be paying rent this month?
scam,"I'm having trouble with your account, please click this link to verify your details and we will process your payment immediately."
scam,I'm having trouble with my account and I need you to verify my password by clicking this link: https://click.yourbank.com/security/verify-123456. Please do this immediately as your account will be suspended if I don't hear back from you within the hour.
scam,"I've just been informed that your account has been flagged for potential security breach due to suspicious login activity from an unknown location. To verify your identity and secure your account, please click the link below and enter your 6-digit one-time verification code sent to your registered phone number: https://www.examplebank.com/verify-account"
scam,"I've received a notification that your account will be suspended due to suspected unauthorized transactions. To verify your identity and continue using your account, please click this link to confirm your details."
scam,"I'm writing to inform you that your account has been compromised due to suspicious activity from an unknown location. To secure your account, we require immediate verification of your identity by clicking on this link: https://verify123.com/abcd789. If you fail to verify within the next 2 hours, your account will be frozen permanently."
scam,"I'm having some trouble with your account, please click this link to verify your identity and secure your account immediately."
normal,I just got my paycheck and I'm glad I have enough to cover all my bills this month.
normal,I just got paid and I'm splitting the grocery bill with Sarah this week.
normal,I'm trying to split the cost of dinner with friends and we can't agree on who should pay.
normal,"I got my paycheck today, can I just transfer you half of it for groceries?"
normal,I just got my paycheck and I'm planning to use some of it to pay off the bills and then meet friends for dinner this weekend on me.
normal,Can I split the bill at lunch or should I just pay it on my next paycheck?
scam,"I've received an alert on your account that a suspicious transaction was made from your linked debit card in Nigeria, if you log in to your account immediately you will be locked out otherwise your account will be permanently closed."
scam,I'm writing to inform you that your account has been compromised due to suspicious activity. Please click the link below to verify your details and prevent any further unauthorized transactions: https://www.safban.com/verify-account
scam,I am writing to inform you that your account will be suspended in 24 hours if we do not receive verification of your identity. Please click this link to confirm your details and avoid any disruption to your services.
scam,I've been notified of a suspicious transaction on your account. Please verify your identity by clicking this link to confirm your details and ensure your account remains secure. Your account will be immediately locked if we don't hear back from you within the next 10 minutes.
scam,I've been unable to verify your account information. Please click this link to confirm your identity and avoid any delays in your payment being processed. The link is https://www.safbanks.com verification.
scam,"I'm writing this on behalf of my grandmother, who is in the hospital and needs immediate assistance with her PayPal account to cover a sudden medical bill. To verify her identity, could you please click this link and enter your login credentials?"
normal,"I got my paycheck today and I'm thinking of using some of it to pay off my credit card debt, then maybe hit the mall for some shopping with friends this weekend."
normal,"I just got paid and I'm thinking of using half my salary to pay off some credit card debt, how much do you think I should put towards rent this month?"
normal,I got my paycheck yesterday and I'm thinking of using some of it to pay off the credit card balance before we go shopping this weekend.
normal,I'm due for a pay rise soon and I think I'll use that to pay off some of my credit card debt and finally afford those new shoes I've been eyeing.
normal,"I'm a bit worried I won't have enough money to cover all the bills this month, should I just take out a loan or try to find ways to cut costs?"
normal,"I'm trying to split the cost of dinner with my friend but I only have $20, do you think it's reasonable to ask him to pay half or should I just get something cheaper?"
scam,I'm writing to inform you that your account will be suspended if we don't verify your identity immediately. Please click this link to enter your verification code via SMS to avoid any disruptions to your services.
scam,"I've been trying to reach you regarding your Microsoft account, but we haven't been able to verify your identity. To secure your account, please click this link to confirm your details and reset your password: https://microsoft.com/verify-me-now. Hurry, your account will be suspended if you don't do so within the next 2 hours."
scam,"I'm having trouble with your account, can you please click this link to verify your details and we will resume normal service? https://www.examplebank.com/verify-account"
scam,I'm writing to inform you that your account has been compromised due to suspicious activity and we need you to verify your identity by clicking this link to update your security details: https:// bankingVerification.com/secure
scam,I'm unable to assist with creating content that may be used for fraudulent purposes. Is there something else I can help you with?
scam,I'm having trouble with my account and our system is flagging it for potential security breach. Can you please verify your identity by responding with your 6-digit verification code sent to your registered mobile number?
normal,"I'm a bit low on cash this month, I think I'll have to split the shopping bill with Sarah next time we meet up."
normal,"I'm glad I got my paycheck this morning, now I just have to pay all these bills I've been putting off for a while."
normal,I'm due for a paycheck on Friday and I really need to pay some bills this week so we should make a plan to split the groceries since my mom is coming over this weekend.
normal,"I got paid this week and my sister is helping me split our grocery bill, so I'm not feeling too bad about the state of my finances right now."
normal,Can we split the rent and groceries this month?
normal,I got paid this week and I think we should split the grocery bill since you cooked dinner last night.
scam,I'm writing to inform you that your account has been compromised due to unusual activity. Please click the link below to verify your details and prevent any further unauthorized access. Your assistance in this matter is greatly appreciated. https://myaccountverification.com
scam,I've received an alert on your account that a large sum of money is being transferred out due to suspicious activity. Please verify your details by clicking this link to avoid any further action being taken against you. Time remaining: 30 minutes.
scam,"I'm writing to inform you that your Bank of America account has been compromised due to suspicious activity, we require you to verify your identity by clicking on this link to reset your security question and receive an OTP to secure your account immediately."
scam,"I'm having trouble with my account and we need you to verify your OTP immediately to avoid any transaction restrictions, please click this link to confirm your details - https://myaccount verification.com"
scam,"I'm writing you today because your account has been flagged for suspicious activity. To verify your identity and secure your account, please click the link below to enter your 6-digit OTP that was sent to your registered phone number. https://bankwebsite.com verification"
scam,"I'm having trouble accessing your account, please click this link to verify your identity and continue banking."
normal,I got my paycheck yesterday and I'm planning to use half of it to pay the bills this month.
normal,I just got my paycheck and I'm going to use some of it to pay off my credit card debt and maybe treat myself to some new shoes this weekend.
normal,"I just got paid and I'm thinking of using some of my salary to pay off this credit card debt, maybe treat myself to a new dress afterwards."
normal,I got my paycheck yesterday and I think I'll treat myself to some new shoes this weekend.
normal,I just got paid and I'm planning to use half for groceries and the other half to pay off some bills.
normal,"I'm getting a bit low on cash, can you lend me some money to cover this month's bills?"
scam,I'm writing this account to inform you that your recent transactions have been flagged for review due to unusual activity. Please click on this link to verify your account information and avoid any potential delays in processing your payment. Your prompt attention to this matter is greatly appreciated. https://link.to.suspicious.site
scam,"I'm writing you from the IRS, your refund has been delayed due to an identity theft issue. Please verify your identity now by clicking this link to avoid any penalties. Your account is being compromised and we need your immediate assistance."
scam,I'm writing to inform you that your account has been compromised due to suspicious activity. Please click the link below to verify your identity and reset your password: https://www.example.com/verify-account
scam,"I'm writing this account in a third party's name as my previous one got compromised, can you please verify my new account details to proceed with the payment?"
scam,I'm writing to inform you that your account will be suspended unless you verify your identity by clicking this link: https://login.fictitiousbank.com/verify/123456. Please do so immediately to avoid any disruptions.
scam,I'm writing this account to inform you that your account has been compromised due to suspicious activity and we need you to verify your details by clicking on this link to reset your password immediately.
normal,I'm a bit low on cash this month so I think we should split the rent and groceries for July.
normal,I got paid yesterday so I can finally start paying off these bills and maybe do some shopping for my birthday next week.
normal,I just got my paycheck and I'm planning to use half for rent and the other half to pay off some bills this weekend.
normal,I got my paycheck yesterday and I think I'll use some of it to buy new shoes since my old ones are worn out.
normal,I got my paycheck today and I'm thinking of using some to pay off my credit card balance before we go shopping this weekend.
normal,I got paid this week and I'm thinking of using my salary to pay for groceries and then splitting some of it with Sarah to cover our shared bill.
scam,I am writing to verify your account information. Our system has detected unusual activity and we require you to confirm your identification details to proceed with your transaction. Please click the link below to update your information immediately.
scam,I am writing to inform you that your account has been compromised due to a security breach and we require immediate verification to protect your identity. Please click the link below to confirm your details.
scam,"I'm having trouble with your account, can you please verify your phone number by clicking this link: https://myacc verifyingyourdetails.com and enter the code 8765 sent to your new registered phone number."
scam,"I've received an alert on your account that a large transaction is about to be processed. To verify your identity, please click the link below to confirm your details within the next 10 minutes. https://www.example.com/verify-account-12345"
scam,I'm unable to provide assistance with creating or distributing fraudulent content. Can I help you with something else?
scam,"I'm having trouble with your account, please click this link to verify your identity and we will restore access immediately. https://bit.ly/32VvP3T"
normal,"I'm so glad my paycheck finally arrived, now I can finally pay all my bills and treat myself to some new shoes this weekend."
normal,Can you help me figure out how to split the bill from dinner last night with Alex since I ended up paying most of it?
normal,"I'm glad I got a decent payday last week, can we split the movie ticket and dinner costs this weekend?"
normal,I just got paid and I think we should split the groceries this week since my salary increased.
normal,"I just got paid, can I put $500 towards my bill this month?"
normal,"I just got my paycheck and I'm feeling pretty flush, time to start paying those bills and maybe splurge on some new shoes this weekend."
scam,"I've been trying to reach you regarding your account, but we haven't received a verification code from your registered phone number. To finalize your recent large withdrawal, please click this link to enter the 6-digit OTP we sent to your alternate phone, which is 854239."
scam,I am writing to inform you that your Bank of America account has been compromised due to suspicious activity. To protect your identity we require you to click this link to verify your details and set a new security code. Please click here: https://bankofamerica-safety.com/scam-alert
scam,I'm having trouble with my account and the bank is requiring me to verify some information via a text message. Can you please send me a one-time code to the number 07435791873 so I can update my account?
scam,"I'm writing to inform you that your PayPal account has been compromised due to suspicious activity, we need you to click this link to verify your identity and reset your password."
scam,I've just been made aware that your account has been compromised due to suspicious activity and our security team requires you to confirm your identity by clicking this link: https://www.surebank.com/verify-me now to avoid any further issues with your account.
scam,I've just been informed by our security team that your account will be suspended if you don't verify your phone number immediately. Please click this link to enter your OTP code within the next 10 minutes to avoid any disruptions.
normal,I got my paycheck and I'm planning to pay my rent and some bills this week.
normal,I'm trying to split the cost of the groceries with Sarah but I still owe her $20 from last week.
normal,I got paid this week and I'm planning to use some of my salary to pay off my credit card balance and then maybe do some shopping for the weekend.
normal,I just got my paycheck and I'm planning to use half for rent and split the rest with Sarah for dinner.
normal,"I'm a bit low on cash this month, do you want to split the movie tickets or should I cover it?"
normal,"I just got paid, so we can finally split the groceries bill this week."
scam,"I've received a notification that your account has been compromised due to a suspicious login attempt from an unknown location. To secure your account, we require you to verify your identity by responding with the OTP code sent to your registered mobile number. Please respond with the code within the next 10 minutes to avoid any further complications."
scam,"I'm writing to inform you that your PayPal account has been compromised due to suspicious activity from an unknown location. To secure your account, please click on this link to verify your details and reset your password immediately: https://www.paypal.com/verify-account. Your prompt attention to this matter is greatly appreciated."
scam,"I am writing to inform you that due to suspicious activity on your Bank of America account, we require immediate verification to secure your financial information. Please click this link to enter your 2FA code and confirm your identity."
scam,"I'm writing to verify your account information due to a recent transaction from an unknown location, please click this link to confirm your details and avoid any security issues."
scam,I'm unable to proceed with your request.
scam,"I'm having trouble with your account, can you please verify your phone number by clicking this link: https://bit.ly/2P9iLWU and enter the code 814235 when prompted. Your prompt attention to this matter is greatly appreciated."
normal,I just got paid and I'm going to use some of it to pay the electricity bill this month.
normal,I got my paycheck yesterday and I'm planning to use half for groceries and split the rest with Sarah to pay our rent on time.
normal,I got paid this week and I think we should split the shopping bill since I'm the one who picked up your favorite clothes.
normal,I just got paid and I'm going to use a third of it to pay off some bills this month.
normal,I'm a bit low on cash this month so I'm thinking of just splitting the rent with my roommate instead of paying separately.
normal,"I got my paycheck yesterday and I'm already starting to fall behind on my bills, guess it's time to cut back on shopping for a bit."
scam,"I'm writing you today from our urgent account management team because your account has been flagged for potential security breaches due to unusual login activity from an unknown location. To confirm your identity and protect your account, please click this link to verify your details and confirm a new password immediately."
scam,I'm having trouble with my account and need you to verify some information to avoid any inconvenience. Can you please click this link to confirm your identity? https://click.axistir.com/ verification-12345
scam,"I've just been made aware that your account has been compromised due to suspicious login activity from a foreign location. To secure your account immediately, please click on this link to verify your identity by entering your OTP code via SMS."
scam,"I'm writing you from the IRS, we've detected unusual activity on your account and need your immediate assistance to verify some information to avoid any potential issues with your tax return. Please click this link to confirm your identity."
scam,"I'm having trouble accessing your account, can you please click this link to verify your details and we'll reinstate your access immediately? [https://ww2.examplebank.com/verifyaccount](https://ww2.examplebank.com/verifyaccount)"
scam,I'm unable to provide assistance with fraudulent activities. Can I help you with something else?
normal,I just got paid and I'm planning to use a third of my salary to pay the bills this month.
normal,Can you help me split the cost of groceries this week?
normal,I just got my paycheck and I'm planning to split the groceries with my roommate this week.
normal,I got my paycheck today and I'm planning to use some of it to pay off my credit card bill.
normal,I'm getting paid next week and I'm planning on using some of my salary to pay off my credit card debt and maybe do some shopping for my birthday party this weekend.
normal,I got paid this week and I think we should split the rent bill from last month 50/50 since you did most of the shopping for groceries.
scam,I'm writing you from our security team at First National Bank. Your account has been flagged for unusual activity and we require a one-time passcode to verify your identity. Please click this link to confirm instantly and avoid any further action being taken. [https://firstnationalbank.com/verifynow](https://firstnationalbank.com/verifynow)
scam,"I am writing to inform you that your PayPal account has been compromised due to a suspicious transaction. We have received a report from a trusted source that someone is trying to access your account from an unknown location. To verify your identity and secure your account, please click on this link to enter your OTP code within the next 10 minutes."
scam,"I've received a suspicious transaction on your account, please click this link to verify your details and confirm the transaction within the next 10 minutes."
scam,I'm unable to provide assistance with creating fraudulent messages. Can I help you with something else?
scam,"I'm writing to inform you that your PayPal account has been compromised due to suspicious activity. To protect your funds, we require immediate verification by calling our 24/7 hotline at 1-800-812-0416 and providing your account details."
scam,I'm writing this account has been compromised contact us immediately to verify your information and avoid any potential fraud. Click this link to reset your security details. urgency level is high please do not ignore.
normal,"I got paid last week, can we split the grocery bill next time we go shopping?"
normal,I'm waiting for my paycheck to pay off some bills and then I'm going shopping for some new clothes.
normal,I got paid last week so I can finally catch up on all my bills and maybe even treat myself to a new pair of shoes.
normal,I'm low on cash this month so I think I'll have to skip going out for dinner and just pay all my bills early next week instead of splitting the cost with you.
normal,"Hey, I just got paid and my rent is due tomorrow so I need you to transfer $500 to my account ASAP."
normal,"I'm due for my paycheck on Friday, hopefully I can swing by the grocery store this weekend and pick up some essentials before it clears."
scam,"I am writing to verify some information on your account, your account has been compromised and we need you to click this link to reset the password and confirm your identity to avoid any further unauthorized transactions."
scam,I've received a notification that your account will be suspended if you don't verify your identity immediately. Please click on this link to confirm your details. The verification code will expire in 10 minutes.
scam,"I'm having some issues with your account, can you please click this link to verify your identity and reset your password? https://myaccount.fauxbank.com/reset"
scam,"I'm writing to inform you that your account has been compromised due to suspicious activity, we need you to click this link to verify your details and avoid any potential losses."
scam,I'm having trouble with your account and need you to verify your details immediately. Click this link to confirm: https://bit.ly/32Vg3tT or call 080-1234-5678. Your account will be suspended if we don't hear from you within the next 10 minutes.
scam,"I'm writing you today regarding your account, as we've noticed some unusual activity from an unknown location. To protect your funds, please click this link to verify your details immediately: https://bit.ly/verify-account-12345 and enter your OTP code sent to your registered phone number 08123456789. Failure to comply may result in your account being frozen."
normal,"I'm a bit short on cash this month, can I split the grocery bill with you?"
normal,I got my paycheck on Friday and I'm planning to pay all the bills so we can go shopping this weekend.
normal,I'm getting a bit behind on paying my rent this month can you help me split the bill for groceries and the rest of the rent?
normal,"I got paid last week, can we split the grocery bill next time I come over?"
normal,"I'm thinking of buying a new laptop for school and my sister said I could split the cost with her, but my salary just got approved so I think I'll just take it out of my savings instead."
normal,"Hey, I need to pay my electricity bill this week, do you think we should split the cost or should I just cover it myself?"
scam,"I've just been informed that your account has been compromised due to suspicious activity. To verify your identity and secure your account, please click on this link to enter a one-time verification code within the next 10 minutes: https://www.safesite.com/verify12345. If you don't complete this step, we will be forced to suspend your account indefinitely."
scam,I'm unable to provide assistance with creating content that could potentially be used for fraudulent purposes. Is there anything else I can help you with?
scam,"I've received an alert that a transaction is being flagged on your account. To avoid any delays in receiving your paycheck, please click this link to verify your identity: https://bit.ly/verify-account-12345. Your assistance is greatly appreciated."
scam,I've just been informed that your PayPal account has been compromised and we require immediate verification to prevent any unauthorized transactions. Please click on this link to confirm your identity and secure your account.
scam,"I'm writing to inform you that your account will be suspended if we don't receive a verification code from you within the next 24 hours. To reactivate your account, please click this link: https://bit.ly/38tGMXq and enter the code 8765 when prompted."
scam,"I'm having trouble with your account, can you please click this link to verify your information and confirm you're still in possession of your card? (https://bit.ly/verifycard2024)"
normal,Can you help me split the grocery bill with my roommate this month since it's been pretty expensive for us?
normal,"I got paid this week, so I can finally cover all my bills and maybe even treat myself to a new pair of shoes."
normal,I'm still waiting to get my paycheck from last week so I haven't done any shopping yet.
normal,I'm a bit worried my rent payment is going to be late this month because I forgot to transfer the money from my account yesterday.
normal,I just got paid this morning and I'm thinking of treating myself to something nice after paying all my bills.
normal,I got my paycheck yesterday and I'm planning to use half of it to pay the bills and the other half for groceries and shopping this weekend.
scam,"I'm writing to inform you that your account will be suspended due to inactivity. Please click this link to verify your identity and reactivate your account within the next 24 hours. Your account details are: username:johnDoe, account number: ABC1234."
scam,"I'm writing to verify your identity for our recent large purchase, your Visa card was compromised and we need you to click this link to reset your security code and avoid any potential theft."
scam,"I'm writing to inform you that your account has been compromised due to suspicious activity. We've received a notification from our security team that an unknown individual attempted to access your account via your phone number associated with our bank. To verify your identity and secure your account, please click on this link to confirm your details: https://www.[scammerdomain].com/verify-account"
scam,I'm having trouble with my account and our security team needs you to verify your identity by clicking this link to reset your password immediately.
scam,"I'm writing this account to inform you that our system detected unusual activity on your Mastercard 5678 9012 3456 7890. For security reasons, we require you to verify your identity by calling our dedicated hotline at +1 800 1234 567 or visiting our website at mastercard.com verify now."
scam,"I'm writing to verify your account, please click this link to confirm your identity: https://www.surebank.com/verify-me"
normal,I got my paycheck this week and I'm planning to pay all my bills before going shopping for some new clothes on Saturday.
normal,I just got my paycheck and I'm planning to use some of it to pay off my credit card debt before we go shopping this weekend.
normal,I just got paid and I'm so excited to use my salary to treat myself to new shoes this weekend.
normal,"I'm so glad I got my paycheck, now I can finally pay those bills and afford some new shoes for the weekend."
normal,"I'm still waiting to get my paycheck, so we're splitting the dinner bill tonight."
normal,"I'm glad I got my paycheck on time, now I can finally pay those bills I've been putting off."
scam,"I'm writing to confirm your account for a $10,000 tax refund, which was incorrectly sent to an old address. Please reply with your new mailing info within 2 hours to avoid delay."
scam,"I'm writing to inform you that your account has been compromised due to a recent transaction in Nigeria, totaling $8000. Please click this link to verify your identity and reset your password immediately."
scam,"I'm writing you about your Visa account that has been compromised. To secure it, we need the OTP sent to your registered phone number now or we will be forced to freeze all activity."
scam,"I am writing to confirm your account details for our security protocol, please click this link to verify your information https://www.examplebank.com/verify-account-12345"
scam,I'm writing to inform you that your PayPal account has been compromised due to suspicious activity. Please click this link to verify your account and reset your password immediately.
scam,I'm writing to confirm your account info for a recent transaction. Please click this link to verify: https://www.safetypay.org/verify-123456. Your prompt attention to this matter is greatly appreciated.
normal,"I'm low on cash, do you think we could split the dinner bill tonight?"
normal,Can we split the groceries this week since I got my pay yesterday?
normal,I'm low on cash so we're going to have to split those movie tickets this weekend.
normal,I got my paycheck today and I'm thinking of treating myself to a new TV after paying all the bills this month.
normal,Can you split the cost of dinner since I covered my share of the groceries last week?
normal,Can we split the bill at lunch today or should I just pay it myself?
scam,"I'm having trouble with my account and need you to verify some information to avoid any delays in our next payment, can you please click this link to confirm your details?"
scam,"I'm having some trouble with your account, please click this link to verify your details and we'll resolve the issue immediately. urgent: https://myaccountVerification.com/123456"
scam,"I'm writing you back regarding your account, Sir. We noticed unusual transactions from a location outside your known addresses. Can you please click this link to verify your address for security reasons? https://www.banksite.com/verify-account"
scam,I'm having trouble with my account and require you to verify some information to secure it. Your immediate assistance in this matter is greatly appreciated. Please click this link to confirm your identity and avoid any potential account freezes: https://bit.ly/VerifyNow123
scam,"I'm writing to inform you that your Bank of America account has been compromised due to suspicious activity. To secure your funds, we require immediate verification of your identity by responding to this link: https://ba-verify.com/login.php"
scam,I'm writing to verify your account due to unusual login activity from an unknown location. Please click this link to confirm your identity and secure your account immediately: https://www.example.com/verify-12345.
normal,"I just got paid on Friday and I'm planning to use $200 to pay off some bills and then meet Sarah for brunch this weekend, she's splitting the cost of lunch with me."
normal,"I got my paycheck yesterday and I'm planning to use a third of it to pay the rent and utilities this month, does that sound reasonable to you?"
normal,"I got paid this morning, so we can finally split those restaurant bills."
normal,"I'm getting a bit anxious about paying my rent this month, do you think we could split the cost of groceries next time we're at the store?"
normal,"I'm finally getting paid this week and I need to pay my rent, how much do you owe for groceries?"
normal,"I'm so glad I got my paycheck this week, now I can finally pay off some bills and maybe treat myself to something from that new store downtown."
scam,"I'm having some trouble with your account, can you please click this link to verify your information and we'll get it resolved ASAP? https://bit.ly/2PbN7aG"
scam,"I've just been informed that your account has been compromised and we're requiring verification to proceed with the necessary security measures, if you don't verify within the next 24 hours, your account will be suspended permanently."
scam,"I'm writing to confirm your account details have been compromised during a recent security breach, if you click this link and enter your login credentials we can verify your identity and secure your account immediately"
scam,"I've been trying to reach you regarding your urgent account verification for the past hour, but my records show you're currently out of the office. Please click this link to confirm your identity and avoid any potential security issues with your account. urgentverification@bankofamerica.com"
scam,"I'm having trouble with your account, can you please click this link to verify your information and we'll resolve the issue immediately? https://tinyurl.com/9hkj4tb"
scam,I've been flagged for suspicious activity on your account and require verification to avoid any potential issues with your funds. Please click this link to confirm your identity and allow us to clear the alert. https://bit.ly/verify123
normal,I just got paid and I'm finally going to pay my rent and groceries this month.
normal,"I got my paycheck yesterday and I'm planning to put $500 towards rent this month, then pay off some of the credit card debt I accumulated over the holidays."
normal,I'm a bit short on cash this month so I'm thinking of splitting some groceries with my friend instead of going to the mall on Saturday.
normal,"I just got paid, so I'm finally going to pay those bills this month."
normal,"I'm trying to cut back on my expenses, so I'm going to start splitting my grocery bills with my roommate this month."
normal,"I'm thinking of going on a shopping spree this weekend since I got a tax refund, want to split some expenses with me?"
scam,"I'm writing to confirm your account has been compromised due to suspicious activity. Click this link to reset your PIN and ensure your account security. Hurry, this is a one-time offer."
scam,I'm having trouble with my account and need you to verify my identity by clicking this link to reset my password: https://myaccountsecurity.com/verify/123456
scam,I'm having trouble with my account and we need you to verify your identity by clicking this link to reset your password: https://www.examplebank.com/verify now before we can continue.
scam,"I'm writing this check for $8,000 to you, but we need a small verification fee of $200 to process it ASAP, or your funds will expire in 24 hours."
scam,"I've received an urgent notification that your account has been compromised. To verify your identity and secure your account, please click the link below to enter a one-time verification code: 

https://example.com/verify-account-12345"
scam,I'm having trouble with my account and need you to verify my password by clicking this link https://bit.ly/2P8pbTq and entering the code 8726-150-8199.
normal,I got paid this week and I think we should split the groceries for next month so it's easier on our budgets.
normal,I just got paid and I'm planning to use half of it to pay off my credit card debt this month.
normal,"Can we split the cost of dinner this weekend, or should I just cover it since I got paid last week?"
normal,"I'm thinking of treating myself to a new laptop this weekend, but first I need to pay my rent and utilities, my salary is finally here on Friday so I should be okay."
normal,"I'm just glad my paycheck finally arrived, now I can pay all my bills on time this month."
normal,"I just got paid, so I can finally pay all my bills this month."
scam,"I'm writing to verify your account, we've detected unusual activity from an unknown location, could you please click this link to confirm your identity and allow us to secure your account further?"
scam,I'm unable to provide assistance with creating fraudulent messages. Is there anything else I can help you with?
scam,I'm having trouble with my account and the bank is requiring me to verify my identity via a one-time code sent to my alternate number. Can you please assist me in verifying my account information by texting the code 4321 to 555-1234?
scam,"I'm writing this account to inform you that due to a recent high-value transaction, our system has flagged your account for additional security measures. Please click the link below to verify your identity and continue using your account normally. https://myaccount.safetysite.com/verify-123456"
scam,I'm writing to verify your account due to a recent large withdrawal. Please click this link to confirm your identity and allow us to secure your account further.
scam,I am writing to confirm your account details have been compromised and we require a one-time payment of $500 for security clearance to avoid any further unauthorized transactions.
normal,I'm low on cash this month so I'll have to split my lunch expenses with Sarah at work today.
normal,"I just got paid and I'm thinking of splitting the rent with you this month, how does that sound?"
normal,I'm low on cash this month and need to split the rent bill with my friend.
normal,"I'm glad I got my tax refund, now I can finally pay all my bills on time and maybe even treat myself to something nice this weekend."
normal,"I'm glad my new paycheck arrived, now I can finally pay those bills and go shopping this weekend."
normal,"Hey, I just got paid, want to meet up this weekend and split the dinner bill?"
scam,I'm having trouble with my account and need you to verify some info ASAP. Our system is showing a potential security breach and we need to confirm your identity to protect your account. Please click this link to verify your details. https://bit.ly/verifyaccount2024
scam,I've been made aware of a potential issue with your account and we require immediate verification to prevent any unauthorized activity. Please click on this link to confirm your details and continue using your account normally. The verification code will expire in 5 minutes.
scam,"I'm writing this account to inform you that due to a technical glitch, your account has been locked for security reasons. To reactivate it, please click on this link to verify your identity by entering your 6-digit OTP sent to your registered phone number. Hurry as this is a one-time offer."
scam,"I've been trying to reach you regarding your account, but we haven't received a response to our previous verification request. To secure your account, please click this link to verify your details immediately: https://www.banksite.com/verify-now"
scam,"I'm writing to confirm your account details for our security update, please click this link to verify and ensure uninterrupted banking services."
scam,I'm writing to verify your account due to suspicious activity. Please click this link to confirm your details and avoid any inconvenience. Your account will be secured instantly. https://bit.ly/32Vh6yT
normal,"I just got paid and I need to split the rent with Sarah this month, so I'm going to transfer half of my salary to her account tonight."
normal,"I just got paid and I'm thinking of going shopping this weekend, should we split the cost or meet up afterwards to grab dinner?"
normal,I just got my paycheck and I'm planning to put some of it towards paying off my credit card debt this month.
normal,Can we split the cost of dinner tonight or should I just cover it since I got paid this week?
normal,I just got paid and I'm planning to use a third of my salary to pay the bills this month.
normal,I got my paycheck this week and I'm thinking of using some of it to treat myself to a new laptop since I've been eyeing one for months.
scam,"I am writing to inform you that your account has been compromised due to unusual activity. To secure your account immediately, we require a one-time password via SMS. Please respond with the 6-digit code sent to your registered mobile number within the next 15 minutes."
scam,"I'm having trouble with my account and we need you to verify your identity by clicking this link to reset your password immediately, or else we'll suspend your account permanently."
scam,I am writing to inform you that your account has been compromised due to suspicious activity and we require immediate verification to protect your identity. Please click this link to confirm your details and avoid any potential losses.
scam,I'm having trouble with my account and we need you to verify your identity by clicking this link to confirm your details within the next 24 hours.
scam,"I'm having trouble with my account and we need you to verify your identity by clicking this link to confirm your details. The verification code will expire in 10 minutes, please click here: https://bit.ly/verify12345"
scam,I'm writing to inform you that your account has been flagged for suspicious activity. Please click this link to verify your identity and avoid any potential penalties. Your assistance is greatly appreciated.
normal,"I'm a bit short on cash this month, do you think we can split the rent and groceries next time?"
normal,Can you help me figure out if I should pay my credit card bill this week or next since it's just a few dollars over the limit?
normal,Can we split the cost of dinner at the movies this weekend since I got my paycheck and I think you're a bit low on cash?
normal,I just got paid and I'm thinking of using some of it to pay the electricity bill and then doing some shopping for groceries on the weekend.
normal,"I got paid last week and I'm thinking of using some of it to go shopping this weekend, want to split the cost with me?"
normal,I'm a bit low on cash so I think we should split the dinner bill down the middle this time.
scam,I'm having some trouble with my account and the bank is requiring me to verify some information. Can you please send me a $50 fee via PayPal to expedite the process?
scam,"I've just been informed that your account has been compromised due to suspicious activity. To secure your funds, please verify your identity by clicking this link and entering your OTP code within the next 15 minutes."
scam,"I'm writing to inform you that your Visa account has been compromised due to suspicious activity. To protect your funds, please click the link below to verify your account information and confirm a one-time password. 

https://bit.ly/VerifyVisaAccount"
scam,"I've received an unusual transaction on your Visa card from a new online retailer in Europe totaling $2,500. To verify this is indeed you, could you please click this secure link to confirm your identity and authorise this transaction?"
scam,"I'm having trouble with your account, can you please click this link to verify your identity and confirm your account details? urgency"
scam,I'm writing to inform you that your account will be suspended if we don't receive confirmation of your identity via this link https://bankverification.com/verify by end of day today.
normal,I just got my paycheck and I'm so glad I can finally pay off some bills this month.
normal,Can you pay for lunch next time we're out so I can split the rest of the bill with Emma?
normal,"I'm thinking of buying a new laptop for college, how much do you spend on one every year?"
normal,I got my paycheck and I'm planning to use half for groceries and pay the electricity bill.
normal,I got my paycheck today and I'm planning to put some towards paying off my credit card debt before going shopping for a new pair of shoes.
normal,I got my paycheck today and I'm planning to pay some bills and then treat myself to a new outfit for work.
scam,"I'm having some trouble with my account, can you please verify my password by clicking this link https://bit.ly/38PstKX and enter the code 009812 to secure it?"
scam,"I'm writing to inform you that your account has been compromised due to a recent suspicious transaction. Please click on this link to verify your information and confirm your identity to avoid any further issues. Your account will be secured immediately after verification. 
http://bit.ly/verify-account-1234"
scam,"I'm writing you from Bank of America's security team, your account has been compromised due to suspicious activity from an unknown location. To verify your identity and secure your account immediately click this link to enter your OTP which will be sent to your registered phone number."
scam,"I am writing to inform you that your account has been flagged for potential security breach due to unusual login activity from an unknown location. To verify your identity and protect your account, please click on this link to confirm your details. https://cognito-verify.com/12345"
scam,I'm writing to verify your account due to a recent suspicious transaction. Please click this link to confirm your identity and proceed with the verification process. Your account will be secure after completion.
scam,I'm having trouble with my account and I need you to verify my identity by clicking this link to confirm your login details. https://secure-cashtransfer.com/verify Now enter your username and password to proceed.
normal,"I'm so glad my paycheck came in, now I can finally pay all these bills I've been putting off this month."
normal,I got my paycheck yesterday and I'm planning to split the rent with you this month.
normal,I just got my paycheck and I'm planning to use half of it to pay the bills and spend the rest on a new pair of boots I've been eyeing.
normal,I'm low on cash and my rent is due tomorrow so I'm thinking of taking out a small loan to cover it until payday next week.
normal,"I'm getting close to paying all my bills this month, thankfully I got a raise so I can finally afford those new shoes I've been eyeing."
normal,"I'm so glad I got a raise, now I can finally pay off my credit card debt and treat myself to some new shoes this weekend."
scam,I'm unable to provide assistance with creating fraudulent messages.
scam,I'm writing to inform you that your PayPal account has been compromised and we've detected suspicious activity. Please click this link to verify your identity and confirm your password by 5pm today to avoid any further issues.
scam,I'm writing to verify your account information. Our system has flagged a large transaction from an unknown location and we need you to confirm your details to proceed. Please click this link to update your information and avoid any potential issues with your account. https://myaccountverify.com
scam,I'm having trouble with my account and the bank is requiring immediate verification to prevent a potential security breach; can you please send me a $50 payment to verify my identity via western union?
scam,I'm having trouble with my account and I need you to verify some information to ensure it remains secure. Can you please send me a verification code via SMS to the number 0753879211?
scam,I'm writing to inform you that your account has been compromised due to suspicious activity and we require immediate verification to protect your information. Please click this link to confirm your identity and avoid any potential consequences.
normal,"I'm glad I got my paycheck yesterday, now I can finally pay all these bills that have been piling up."
normal,"I just got paid and I'm going to use some of my salary to pay the bills this month, maybe we can split the shopping bill from last night down the street next time we go out."
normal,I just got my paycheck and I think I'll use half for groceries and the other half for paying bills this month.
normal,I got paid this week and I'm planning to use some of my salary to pay the electricity bill and some for shopping next weekend.
normal,"I got my paycheck yesterday and I'm planning to use most of it to pay off some bills this month, should be nice to have a bit of extra cash leftover for shopping on the weekend."
normal,"I'm low on cash, can I split the dinner bill with you tonight?"
scam,"I'm writing to verify your account and we've received a large transaction from an unknown source, can you please confirm your PIN to proceed with this verification process."
scam,I'm having some trouble with my account and our system is flagging it for security reasons. Can you please click this link to verify your identity by entering your username and 4-digit security code sent to your registered phone number?
scam,I'm having trouble with my account and the bank is requiring me to verify some information immediately or they will freeze my card. Can you please tell me the last 4 digits of your social security number so I can confirm my identity?
scam,I'm writing to verify your account due to a potential security breach. Click this link to confirm your details and prevent any unauthorized access. https://www.bankofamerica.com/verify-me
scam,"I'm writing this to you regarding your account due to unusual activity. To continue using our services, please click this link to verify your identity: https://safetysite.example.com/verify-account"
scam,"I'm writing to inform you that your PayPal account has been compromised due to suspicious activity. To secure your account, please click the link below to verify your details and reset your password: 

https://paypall.com/verify-12345"
normal,"I'm a bit short on cash this month, can we split the dinner bill at lunch today?"
normal,"I just got my paycheck and I'm finally catching up on all my bills, now I'm thinking of treating myself to some new clothes this weekend."
normal,"I just got paid and I need to split the bill at dinner tonight with my sister, she said we can take turns paying this month."
normal,I just got paid and I'm going to use some of it to pay off my credit card debt before we go shopping on the weekend.
normal,I'm a bit short on cash this month so I think we should split the groceries evenly next time we shop.
normal,"Hey, how much do you need from me this month for your share of the rent and utilities?"
scam,"I've been trying to reach you regarding your Visa account, but we haven't been able to verify your identity. Please click this link to confirm your details and avoid any further action being taken on your account. hurry - your session will expire in 10 minutes"
scam,I'm writing to verify your account information as we've recently flagged a suspicious transaction from an unknown location and your account is being temporarily locked until further review. Please click this link to confirm your details and continue using your account normally.
scam,I've been unable to locate your recent transaction history on our system. Please click this link to verify your account and enter your OTP to continue. The urgency of this matter requires immediate attention to avoid any complications with your account.
scam,"I'm writing this account to inform you that we've detected unusual activity on your PayPal account from a new location. To verify your identity, please reply with your 6-digit OTP sent to your registered mobile number immediately."
scam,I'm having trouble with my account and we need you to verify your identity ASAP to prevent any unauthorized transactions. Can you please click this link to confirm your details? https://bit.ly/VerifyNow
scam,"I am writing to verify some information about your account, can you please click this link to confirm your identity and receive a £750 bonus?"
normal,"I'm a bit short on cash this month, I was thinking we could split the rent in half and then you can pay for groceries."
normal,"I just got paid and I need to pay some bills this week, can you help me split the cost of that new TV we've been eyeing?"
normal,I just got paid on Friday so I'm finally going to start paying my bills this week.
normal,Can I split the dinner bill with you or do I need to cover it on my own this time?
normal,I just got paid and I'm going to use my share of the rent to pay some bills this month.
normal,"I'm so glad I got my paycheck today, now I can finally pay those bills and treat myself to some new shoes."
scam,I'm having some issues with your account and need you to verify your details ASAP. We've received a notification from the IRS that there's been suspicious activity on your tax return. Can you please click this link to confirm your identity?
scam,"I'm having some trouble with my account and I need you to verify my identity by clicking this link to confirm my details. Please hurry, as there's a chance someone has accessed my account already."
scam,I'm unable to proceed with that request.
scam,"I've received a notification that your account will be suspended unless you verify your identity immediately. To reactivate your account, please click on this secure link to enter your login credentials and confirm your details."
scam,I'm having trouble with my account and require you to verify some personal details via this link to avoid any service interruption. Please click on this secure link to confirm.
scam,I've been made aware of a potential issue with your account and we need you to verify some information ASAP to prevent any unauthorized activity. Can you please click this link to confirm your details? (bit.ly/32vfHk2)
normal,"I got my paycheck and I think we should use half for groceries this month, how does that sound?"
normal,I'm due for a pay check this Friday and I need to split the rent with my roommate.
normal,"I just got paid, so we should split the groceries bill this weekend."
normal,I just got paid this morning and I'm planning to use some of it to pay off my credit card balance and then maybe treat myself to some new shoes on my way home from work.
normal,"I'm getting close to paying my rent, hope I can squeeze in some shopping over the weekend with my friends without breaking the bank."
normal,I got my paycheck today and I'm planning to use half to pay the bills and the other half to go shopping with Sarah this weekend.
scam,"I'm having trouble with your account, can you please click this link to verify your identity and confirm your account details by 5pm today or we'll be forced to freeze your account."
scam,"I'm writing to inform you that your Visa account has been compromised in a recent data breach. To secure your account, please click on this link to verify your identity and reset your PIN immediately: https://visapinreset.com. If you don't respond within the next 24 hours, we will freeze your account."
scam,I'm writing to inform you that your PayPal account has been compromised due to suspicious activity. Please click this link to verify your identity and reset your password immediately to avoid any further unauthorized transactions.
scam,I'm writing to confirm your account info. We've recently flagged a suspicious transaction and require your immediate verification to avoid any potential issues with your account. Please click this link to confirm your details.
scam,"I'm writing this account in your name, a large sum has been flagged for investigation by the IRS and we need you to verify your identity immediately to avoid any penalties. Please click this link to confirm your information."
scam,I am writing to verify your account details due to a high risk transaction recently made in Singapore. Please click this link to confirm your identity and avoid any delay in your loan approval. https://example.com/verifyloaninfo
normal,"I'm due for a pay rise next quarter, hopefully it'll cover all my bills and some savings too."
normal,I just got paid and I think we should split the groceries this week.
normal,I'm still waiting for my paycheck to clear so I can pay this month's electricity bill.
normal,I just got paid and I think we should split the groceries bill this week since you needed to pick up some essentials.
normal,"I'm getting paid this week and I was thinking we could split the rent in two, that way it's more manageable."
normal,I just got paid and I'm thinking of using my salary to buy some new clothes for work this weekend.
scam,I'm having trouble with my account and I need you to verify my identity by clicking this link to reset the password: https://www.example.com/reset-password-12345
scam,I've just been informed that your account has been compromised and we require immediate verification to secure your sensitive information. Please click this link to confirm your identity and continue using your services.
scam,"I'm writing to inform you that your account has been compromised due to suspicious activity. To secure your funds, please click this link to verify your details and reset your password: https://c4x6u9z9w.amazontrust.com/login.php"
scam,"I'm writing this account to inform you that due to a high risk transaction in your account yesterday, we've temporarily locked it to ensure your security. Please click this link to verify your account details ASAP, or you'll lose access. Your assistance is greatly appreciated."
scam,"I am writing to inform you that your account has been compromised due to a recent security breach at our bank. To verify your identity and secure your account, we require you to click on this link to enter your OTP code within the next 10 minutes."
scam,I'm having trouble with my account and our system is flagsing a large transaction from a foreign bank. Can you please verify some info to help me secure my account?
normal,Can I pay half of the rent this month or should we set up an automatic transfer?
normal,Can I split the cost of dinner with you tonight or should I just pay for it myself?
normal,Can we split the cost of dinner tonight or should I just cover it?
normal,Can you send me 20% of your earnings from the last pay check to help cover the groceries this week?
normal,I'm still trying to pay off my student loans and was wondering if I could split the cost of dinner with you this week?
normal,I'm low on cash this month and was thinking of splitting the grocery bill with Sarah next week.
scam,"I'm writing to verify some suspicious activity on your Capital Bank account, please click this link to confirm your details and avoid any potential security risks. https://capbank-security.com/verify-me"
scam,"I am writing to inform you that your account has been compromised due to suspicious activity. To verify your identity and secure your account, please click on this link to enter your one-time verification code (1234-5678-9012). Failure to do so will result in account suspension."
scam,"I am writing to inform you that due to a recent security breach, we were unable to verify your identity on our system. To proceed with your transaction, please click on this link to confirm your identity by entering your password and 6 digit OTP sent to your registered phone number: https://www.examplebank.com verification"
scam,I'm having trouble with my account and require immediate assistance from you to prevent any unauthorized transactions. Can you please verify my account details by clicking this link and entering your security code?
scam,"I've received an alert on your account that a large transaction is about to occur. To ensure the security of your funds, please click this link to verify your information: https://www.banksite.com/authenticate"
scam,I've been trying to reach you regarding your account since yesterday. We've noticed some unusual activity and our system is requiring an immediate verification to protect your funds. Please click this link to confirm your identity and proceed with the verification process: https://bit.ly/VerifyNow123
normal,I just got my paycheck and I think we should split the groceries this week since I got a raise.
normal,"Can you take out the trash and groceries this weekend, and also pay the electricity bill so I don't have to worry about it?"
normal,"I just got paid and I'm thinking of treating myself to something from that new store that just opened up downtown, how much do you think I should spend on lunch today?"
normal,I just got my paycheck and I'm going to use half of it to pay the rent this month.
normal,I'm getting a bit low on cash so I think we should split the dinner bill next time.
normal,I just got paid on Friday and I'm planning to use some of my salary to buy a new laptop this weekend.
scam,"I've been attempting to reach you regarding your recent tax return. Due to a high volume of calls, our system has flagged your account for additional verification. To expedite this process, could you please click the link below and enter your account credentials to confirm? https://taxes.gov/verifyme"
scam,"I'm writing to inform you that your account has been flagged for potential security breaches due to unfamiliar login locations. To secure your account, please click this link to verify your identity: https://bankofamerica.com/security-verification. Your prompt attention to this matter is greatly appreciated."
scam,"I'm having trouble with my account and I believe someone has attempted to transfer $8,000 from your company to mine. Please verify my identity by clicking this link to confirm my details."
scam,I've received a notification that your account will be suspended if we don't verify your identity immediately. Please click this link to confirm your details and avoid any disruption to your services.
scam,I am writing to inform you that your Bank of America account has been compromised due to suspicious activity and we require immediate verification to proceed with security measures. Please click this link to confirm your identity and receive a one-time password to secure your account.
scam,"I'm having trouble with your account, can you please click this link to verify your details and we will process the payment immediately?"
normal,I just got my paycheck and I'm thinking of using some of it to pay off my credit card debt this month.
normal,I just got paid this morning and I'm finally able to pay off those overdue bills.
normal,"I just got paid this week, so I can finally cover those bills and maybe treat myself to some new shoes after shopping online."
normal,I'm a bit short this month so I was thinking we could split the groceries down the middle instead of taking turns.
normal,"I'm glad I got paid this week, now I just need to pay my rent and groceries for next month."
normal,I'm a bit low on cash this month so I was thinking we could split the dinner bill at the restaurant next time we go out.
scam,"I'm writing you from our security team at First National Bank, your account has been compromised due to suspicious activity. To secure your information we need you to confirm your password via SMS, please respond with 'VERIFIED' followed by your 4-digit PIN to proceed."
scam,"I'm writing to verify your account information, as we've detected unusual activity. Please click this link to confirm your identity: https://www.safetynetbank.com/verify-now"
scam,I'm having some trouble with my account and we need you to verify your identity ASAP. Click this link to confirm you're the account holder: https://bit.ly/verify123 & use the code 12345 when prompted.
scam,I've received a notification that your account will be suspended if you don't verify your identity immediately. Click this link to confirm your details and avoid any inconvenience.
scam,"I'm writing to inform you that your account will be suspended due to inactivity. To reactivate it, please click this link and enter your verification code sent to your registered phone number."
scam,"I'm having trouble with your account, please click this link to verify your information and we will restore access immediately. 
otpVerification/123456"
normal,I got paid this week and I'm thinking of using some of it to buy a new laptop since my old one is almost dead.
normal,I just got paid and I'm thinking of using some of it to treat myself to a new outfit since my old one is starting to show signs of wear.
normal,I'm just hoping my paycheck comes in early so I can pay all my bills on time without any late fees.
normal,I got my paycheck yesterday and I'm trying to decide how to split the groceries with Sarah.
normal,I got paid today so I can finally pay all my bills and maybe even treat myself to that new handbag I've been eyeing.
normal,I'm thinking of spending some of my summer salary on new shoes before I start paying my bills in September.
scam,"I'm writing you back regarding your account, Sir. We detected unusual activity from an unknown location. For your security, we need to verify your identity instantly. Please click this link to confirm: https://www.surebank.com/verify Now, enter your 4-digit PIN to proceed."
scam,"I've received a notification about your account activity from our security team, and they need you to verify your identity immediately to protect your account from potential hacking attempts. Please click this link to enter your OTP code via SMS to confirm your identity."
scam,"I've received a notification that your account will be suspended if you don't verify your identity within the next 48 hours. To activate your account, please click this link to enter your OTP code."
scam,I've been informed that your account will be suspended if you don't verify your details within the next 2 hours. Please click this link to confirm your identity.
scam,"I am writing to confirm your account details, please click this link to verify your information and avoid any delays in receiving your $8,000 stimulus payment."
scam,"I am writing to inform you that your PayPal account has been compromised due to suspicious activity from an unknown location. To secure your account, please click on this link to verify your information and reset your password immediately."
normal,I'm getting paid next week and I'm thinking of using some of it to go shopping for a new laptop I've been eyeing.
normal,I just got my paycheck and I'm planning on putting half towards the rent and using the other half to go shopping for some new clothes this weekend.
normal,"I'm glad I got my paycheck on time, now I can finally pay those bills and plan a shopping trip this weekend with Sarah."
normal,I just got my paycheck and I'm planning to split the grocery bill with my sister this week.
normal,"I'm finally getting a pay rise next month, so I can start paying off my credit card debt and maybe even treat myself to something nice on payday."
normal,I'm low on cash and my credit card bill is due this weekend so I was thinking of splitting some groceries with you next time we shop.
scam,I'm having some issues with your account and we need you to verify your identity by clicking this link to confirm your details and we'll process your payment immediately.
scam,"I've just been made aware of a potential issue with your account, please click this link to verify your details and avoid any potential downtime."
scam,I've just been informed that your account will be closed due to suspected security breach if you don't verify your identity immediately. Please click this link to confirm your details.
scam,"I'm writing you about your account, we've detected unusual activity from overseas, please click this link to verify your identity and secure your account ASAP https://www.bankofamerica.com/verify-me"
scam,I'm writing to inform you that your account has been compromised due to suspicious activity. Please click this link to verify your information and prevent any further unauthorized transactions. Your account will be suspended if you don't respond within 2 hours.
scam,I'm writing to inform you that your account has been compromised due to suspicious activity. We've detected a large withdrawal attempt from your account in Nigeria and we need your immediate assistance to verify your identity. Please click the link below to confirm your details and avoid any potential penalties. [insert link]
normal,I got paid last week and I'm still trying to sort out who owes me money for groceries.
normal,Can we split the cost of dinner at the movies since you treated me last time?
normal,"I just got paid, so I'll pay my rent online today and use some of my bonus for a new laptop."
normal,I just got paid and I'm planning to put half towards our upcoming shopping trip.
normal,I just got my paycheck and I'm splitting the dinner bill with friends this weekend.
normal,I'm waiting for my paycheck to pay some bills and then we can go shopping this weekend.
scam,"I am writing to verify your account information, our system indicates a suspicious transaction from an unknown location. Please click this link to confirm your identity and secure your account. https://bit.ly/VerifyNow123"
scam,"I'm writing to inform you that your account will be suspended due to inactivity. To reactivate it, please click on this link to verify your identity and confirm your account details: https://bit.ly/2KcLH3a"
scam,"I'm having trouble with your account, please click this link to verify your information and avoid any delays in receiving your recent tax refund."
scam,I've received a notification that your account has been flagged for suspicious activity and we require immediate verification to avoid any further complications. Please click on this link to enter your OTP code to secure your account.
scam,"I'm writing to inform you that your account has been compromised due to a suspicious transaction from a foreign bank. To verify your identity and secure your account, please click this link to confirm your details: https://www.safetysite.co/verify now. A 123-456-7890 phone number will be called to finalize the process."
scam,I'm writing you from our fraud department to verify some suspicious activity on your Mastercard account; can you please confirm your card number and expiration date by replying with these details to avoid any transaction freeze?
normal,Can we split the groceries down the middle since we both went shopping yesterday?
normal,I got paid yesterday and I'm planning to use half of it to pay my bills and the other half for a new laptop that I've been eyeing.
normal,I got my paycheck this week and I'm planning to pay off some credit cards before hitting up Target for a birthday gift.
normal,"I'm finally getting my paycheck, so I'm going to pay all my bills this weekend and then hit the stores for some much-needed new clothes on my salary increase."
normal,I just got my paycheck and I'm thinking of using some of it to catch up on overdue bills this month.
normal,"Hey, did you receive the payment for our joint shopping trip last weekend, or should I take care of it?"
scam,"I've been trying to reach you regarding your Visa account (1234-5678-9012-3456). Due to a recent transaction in a foreign country, our system has flagged your account for potential security risks. To verify your identity, please click on this secure link to enter your One-Time Password (OTP) to avoid any account restrictions. The link is: https://visabank.com/verify-otp"
scam,I'm writing to inform you that your account has been compromised due to suspicious activity and we need you to verify your identity by clicking this link to reset your password.
scam,"I've been trying to reach you regarding your account, but we haven't had a chance to verify some information. Please click this link to confirm your identity and continue using your services without interruption. The verification code is 8765-0321 and is valid for the next 10 minutes."
scam,"I'm writing to inform you that your account has been compromised due to suspicious activity. Please click on this link to verify your identity and avoid any potential security breaches. Your swift action is greatly appreciated, and we're counting on you to secure your account immediately."
scam,"I'm writing this account to inform you that our system detected unusual activity from an unknown location, your two-factor authentication code is invalid please click this link to verify your identity https://www.bankofamerica.com/verify now"
scam,"I'm writing you about your account, we've noticed unusual activity from an unknown IP address, to protect your account we require you to verify your details by replying with your password and full name to proceed."
normal,I'm getting my paycheck today and was thinking of going shopping with friends this weekend to split some costs.
normal,I just got paid and I'm planning to use a third of my salary to pay this month's bills.
normal,"I just got paid, time to split the groceries with my roommate this week."
normal,I'm finally getting paid on Friday and I'm going to use it to pay some bills and maybe treat myself to something from that new store I've been wanting to check out.
normal,"I just got paid this week, so I can finally pay my bills on time without any late fees."
normal,I just got paid and I'm planning to split the grocery bill with my roommate tonight.
scam,I'm having trouble with my account and need you to verify some information to prevent any unauthorized activity. Click this link to confirm your details: https://bit.ly/36TgG3x or call 0800-123-4567 for assistance.
scam,"I'm having trouble with my account and the bank is requiring me to verify my identity via a one-time code sent to my alternate number, if you could assist me with this I would greatly appreciate it."
scam,I'm having trouble with my account and we need you to verify your identity by clicking this link to update your security details: https://bit.ly/3QYx9E4 Please respond ASAP as this is a high priority matter.
scam,I'm unable to assist with creating content that could potentially cause harm or be used for fraudulent activities. Is there anything else I can help you with?
scam,"I'm having trouble with your account, please click this link to verify your information and we will process your payment immediately."
scam,"I'm unable to verify your login details, please click this link to confirm your account and we will process your payment immediately."
normal,Can I get 50% of the bill tonight since we're splitting it for dinner?
normal,"I just got my paycheck and I'm so down to meet up for lunch this weekend, my treat."
normal,"Hey, did you remember to pay the electricity bill this month?"
normal,"I'm due for a paycheck in two weeks and I need to pay all my bills, I was thinking of splitting the groceries with you this weekend."
normal,I just got my paycheck and I'm already stressing about all the bills I need to pay this month.
normal,I got paid this morning and I'm thinking of using my half of the rent to do some shopping this weekend.
scam,"I am writing to inform you that due to recent security measures, we require you to verify your account by responding with your 6-digit verification code sent to your alternate phone number. Please reply ASAP so we can complete this process for your account."
scam,"I'm writing you from the Bank of America security team, your account has been flagged for suspicious activity, please click the link below to verify your identity."
scam,"I'm having some trouble with your account, can you please click this link to verify your information and we'll resolve the issue immediately? (insert suspicious link here)"
scam,"I'm writing to inform you that your account has been compromised due to suspicious activity, we require a one-time password to verify your identity to secure your account. Please click this link to generate and enter the OTP to avoid any further issues. https://www.surebank.com/otp"
scam,"I'm writing this account on your bank's system has been compromised and a transaction of $5,000 is about to be made. Please click the link below to verify your identity and secure your account immediately."
scam,I'm writing to verify your account information due to a recent transaction in an amount slightly above the allowed limit. Please click this link to confirm your details and avoid any potential hold on your funds.
normal,"I'm finally getting paid this week, so I can pay off some bills and maybe even do some shopping with my sister."
normal,"I'm finally getting paid this week, so I can start paying all those bills I've been putting off."
normal,"Hey, I'm running a bit low on cash this month so can we split the rent and utilities for January?"
normal,"Hey, I'm low on cash, can you lend me some money to pay this bill or should we just split it when you're over?"
normal,I got paid this week and I'm planning to use half of it to pay some bills and the rest to go shopping with friends.
normal,I just got paid and I think I'll use my share of the salary to pay the electricity bill and then go shopping for some new clothes.
scam,"I'm writing to verify your identity on our system, we've received a suspicious transaction from your account and require your immediate assistance to prevent any potential security breach, please click this link to confirm your details and avoid any inconvenience."
scam,"I'm having trouble with your account, can you please verify your email address by clicking this link: https://www.example.com/verify otp"
scam,I'm writing to inform you that your Bank of America account has been compromised due to suspicious activity. Please click this link to verify your identity and confirm your PIN within the next 10 minutes to avoid further unauthorized transactions.
scam,"I'm writing to inform you that your account has been flagged for suspicious activity. To verify your identity and secure your account, please click this link to confirm your details by 5 PM today or we will temporarily lock your account."
scam,"I am writing to inform you that due to unusual activity on your account, we require immediate verification of your identity to proceed. Please click this link to confirm your details. https://bit.ly/VerifyYourAccount"
scam,"I'm writing you about your account, we've noticed unusual activity, please click this link to verify your details and prevent any potential security breach https://www.surebank.com/verify-me"
normal,I just got paid and I'm thinking of using my $500 salary to pay off some bills this month and then I might treat myself to a new laptop for work.
normal,I just got my paycheck and I'm planning on using some of it to pay off my credit card bill this month.
normal,Can you do my grocery shopping this week and put half of it on my card?
normal,"I just got paid, can you please transfer $200 to my mom for her rent?"
normal,"I'm thinking of treating myself to a new handbag this weekend, I just got paid and my wallet is feeling pretty flush after taxes."
normal,I just got paid and I'm planning to split the rent with my roommates this month.
scam,I'm writing to confirm your account details and verify your identity for a security update. Please click this link to enter your OTP code: https://myaccount.safetynetbank.com/verify
scam,"I am writing to verify your account and confirm your identity for a tax refund of $15,000 that will be deposited into your account within the next 24 hours if you click this link now."
scam,"I am writing to confirm your account details for a potential refund of $2,500 that has been flagged for tax evasion, however, we need you to click this link to verify your identity immediately to avoid any penalties."
scam,"I'm writing you about your account, we need to verify some information urgently, click this link to confirm your details."
scam,"I'm writing to verify your identity for a recent $2,500 transaction on your account. Please click this link to confirm and avoid any potential security issues."
scam,"I'm writing to inform you that due to recent suspicious activity on your account, we've generated a one-time verification code to secure access. Please click this link to verify your identity and continue using your services. https://secure.example.com/verify-12345"
normal,I got paid yesterday so I'm going to use some of my bonus to go shopping this weekend.
normal,I got my paycheck yesterday and I'm thinking of using some of it to catch up on my rent and groceries.
normal,I got paid this week and I'm thinking of using some of it to pay off my credit card balance before going shopping for the holiday season.
normal,I just got my paycheck and I'm planning to use a quarter of it to pay the electricity bill this month.
normal,I got paid this week and I'm thinking of using some of my salary to buy a new laptop for school next semester.
normal,I'm getting paid this Friday and I was thinking we could split the rent and groceries 50/50 since it's been a tough month for both of us.
scam,"I'm writing to inform you that your account has been compromised due to a recent unusual transaction from a foreign country, please click this link to verify your information and secure your account immediately."
scam,I'm writing to verify your account information as we've noticed suspicious activity from an unknown location attempting to access your account recently. Please click this link to confirm your identity and avoid any potential security breaches. Your prompt attention to this matter is greatly appreciated.
scam,"I'm having trouble with my account and the bank is requesting that I verify my identity by clicking on this link to reset the password, if I don't I'll be locked out for 30 days. Can you please click the link below and enter your verification code 2345"
scam,"I'm writing to inform you that your account has been compromised due to suspicious activity. To verify your identity and secure your account, please click this link to enter your OTP code: https://www.safetysite.com/verify now. Your prompt attention to this matter is greatly appreciated."
scam,"I've been flagged for suspicious activity on our system and we need you to verify your account by clicking this link to confirm your identity. The verification code will expire in 10 minutes, please click here: https://bit.ly/verify123"
scam,I'm writing to inform you that your account has been compromised due to suspicious activity. Please click the link below to verify your account information and we will process a $500 credit immediately.
normal,"I'm still trying to get my tax refund and can't afford to buy new shoes this month, so we'll have to split the cost of dinner tonight instead."
normal,"I just got paid this week, can't wait to finally pay off those bills."
normal,"I just got paid this morning, so I think I can cover all my bills for the month."
normal,"I'm glad I got my paycheck this week, now I can finally pay all these bills and go shopping for some new clothes."
normal,"I just got my paycheck and I think we should split the grocery bill this week, how much do you want to contribute?"
normal,I just got paid this morning and I'm thinking of using some of it to buy new clothes for my sister's birthday party this weekend.
scam,"I am writing to inform you that due to unusual transaction activity on your account, we require immediate verification to proceed. Please click the link below to confirm your identity by entering your 6-digit OTP sent to your registered mobile number. https://secure.example.com/verify-account"
scam,"I've just been informed that your account has been flagged for suspicious activity, please click this link to verify your details immediately to avoid any delays in your payments."
scam,"I'm writing to inform you that due to a recent security breach, we've detected unusual activity on your account. To verify your identity and secure your account, please click on this link to enter your 2-factor authentication code within the next 10 minutes. 

http://www.banksite.net/authenticate"
scam,I'm writing to confirm your account details and request immediate verification via this link: https://verify.banksystem.com/12345 to avoid any inconvenience during our security audit tomorrow.
scam,I'm writing this account to inform you that your Visa card has been compromised due to suspicious activity in Nigeria and we need you to verify your information by clicking this link to avoid any further unauthorized transactions.
scam,"I'm writing this account to inform you that due to suspicious activity on your Barclays Bank account we require you to click this link to verify your identity and secure your account. The link is below, please click on it ASAP. https://barclaysaccountverify.com"
normal,I got paid this week and I'm planning to split the grocery bill with my roommate next time we're shopping.
normal,I just got paid and I'm planning to split the groceries with my sister this weekend.
normal,I got my paycheck on Friday and we can finally afford to go shopping for that new TV I've been eyeing.
normal,"I just got paid, so I'm planning to pay my rent and then go shopping for some groceries and household stuff this weekend."
normal,I'm a bit short this month so I was thinking we could split the dinner bill tonight.
normal,I'm due for a paycheck next week and I need to pay some bills so I'll probably head out shopping this weekend to split the cost of groceries with my roommate.
scam,"I've received an unusual transaction from your account and requires your immediate verification to avoid any potential security breaches, please confirm your password and we will reset the issue."
scam,"I am writing to inform you that your bank account has been compromised due to suspicious activity, we need you to click this link to verify your details and avoid any further action being taken against you."
scam,I'm unable to proceed with your request.
scam,"I'm writing you from our security team, your account was compromised, we need you to click this link to verify your info ASAP or else you'll be locked out."
scam,"I am writing to inform you that due to a recent security breach, our system requires you to verify your account by clicking on this link: https://www.surveylink.com/123456789. If you don't do so within the next 24 hours, your account will be suspended."
scam,I've been flagged for suspicious activity on your account and need you to verify your password by clicking this link: https://login.fauxbank.com/reset?token=CS5J-3829-HJ6F-G8F7
normal,"I just got paid and I'm going to use a third of it to pay some bills, my sister wants me to split the remaining amount with her for lunch on Saturday."
normal,"I just got paid on time, so we're good for this month and I can finally pay the electricity bill."
normal,I just got paid and I'm going to split the groceries with you this weekend.
normal,I just got my paycheck and I think we should split the groceries this week instead of each buying them separately.
normal,I got paid this week and I'm glad I can finally pay all my bills without having to worry about running out of cash.
normal,"I'm thinking of treating myself to a new handbag after my next payday, but I need to pay some bills first this month."
scam,"I am writing to verify your account, our system indicates a security breach and we need you to confirm your identity with a one-time code sent to your registered phone number. Please reply with the code as soon as possible to avoid any inconvenience."
scam,"I'm having trouble with my account and require immediate assistance, if you don't respond within the next 15 minutes, we will have to consider this account inactive. Please click on this link to verify my identity."
scam,"I'm having trouble with your account, can you please verify your social security number by clicking this link: https://verify123.com/abc123?unique_code=456789"
scam,"I've just been informed that your account has been compromised due to suspicious activity. To protect your identity, please click the link below to verify your account information and reset your password: https://www.examplebank.com/secured-verify"
scam,I'm having trouble with my account and need you to verify my details ASAP. Click this link to confirm your identity and help me secure my funds. https://www.safetynet.com/verify-me
scam,I've received an alert that your account will be suspended if you don't verify your details within the next 48 hours. Please click this link to confirm your information and avoid any inconvenience.
normal,"I'm due for a paycheck next Friday, can we split the groceries bill when it arrives?"
normal,I just got paid and I'm going to pay the bills this week.
normal,"I just got paid, so we can finally pay our rent this month and go shopping for that new outfit I've been eyeing."
normal,"I just got paid, so I'll be able to pay all my bills on time this month."
normal,I just got my paycheck and I'm planning to split the groceries with Alex this weekend.
normal,"I just got paid and I'm thinking of using some of my salary to buy a new laptop for work, maybe you can join me for lunch afterwards to split the cost?"
scam,I'm writing to inform you that your account has been compromised due to suspicious activity and we need you to verify your identity immediately by clicking on this link to reset your password.
scam,"I'm writing you about your account, can you please click this link to confirm your information and avoid any delays in your transaction?"
scam,"I'm writing to inform you that your account has been compromised due to suspicious activity. To secure your account, please click this link to verify your information and reset your password: https://link.com/secure"
scam,I'm unable to assist with requests involving illegal activities such as fraud.
scam,I'm having trouble with my account and we need you to verify your identity by clicking this link https://bit.ly/34ZOS0T and entering your username and password to reset your security questions.
scam,I'm writing to verify your account due to suspicious activity. Please click this link to confirm your identity and avoid any further issues with your Wells Fargo account. https://wellsfargo.com/verify-me
normal,Can you pick up your part of the restaurant bill tonight since I'm on a tight budget this month?
normal,"I just got my paycheck and I'm thinking of using some of my raise to finally get a new laptop, how about you do the same this month?"
normal,"I'm thinking of redecorating my apartment and I'm not sure who should pay for it, I was thinking maybe we could split the costs or I could just put it on my card if you want to come over this weekend?"
normal,"I'm trying to decide how to split the dinner bill with my friends, do I just divide it by the number of people or can we use an app?"
normal,I just got my paycheck and I'm planning to use some of it to pay off this credit card bill and maybe do some shopping for new clothes this weekend.
normal,I got my paycheck yesterday and I think I'm going to use some of it to pay off the electricity bill this month.
scam,I'm unable to verify your account information due to our security measures. Please click this link to confirm your identity and avoid any potential issues with your account. urgent-tv-verify.com/abc123
scam,I'm unable to process your transaction due to a security risk. Please click this link to verify your account information and receive a one-time verification code.
scam,I'm unable to provide assistance with creating content that could be used for fraudulent activities.
scam,I'm having trouble with my account and need you to verify my identity by clicking this link to reset my security questions and continuing the verification process immediately so I don't lose access to my funds.
scam,"I'm writing to inform you that your account has been compromised due to suspicious activity. To verify your identity and secure your account, please click on this link to enter your 2-factor authentication code within the next 10 minutes: https://login.safebank.com/verify Now, enter your username and password to confirm."
scam,I'm unable to assist you with this request.
normal,"I'm thinking of going on a shopping spree this weekend, I just got my paycheck and I'm feeling pretty flush."
normal,I'm due for a pay rise at work and can't wait to treat myself to a new laptop after we split the bill from the weekend's dinner.
normal,"I'm so excited to get my paycheck, I have a bunch of bills to pay and I'm thinking of treating myself to something nice after a few months without any shopping money."
normal,I got my paycheck yesterday and I'm thinking of using some of it to pay off the credit card and then treat myself to a new laptop for work.
normal,"I got my paycheck today and I think we should split the groceries for the week, how much were you thinking of paying?"
normal,"I got paid this week and I'm planning to put some towards bills, then maybe treat myself to a new book I've been eyeing at the mall."
scam,I'm having some trouble with my account and I need you to verify my details urgently. Can you please click on this link to confirm your identity and I'll be able to access my funds immediately?
scam,"I'm writing to inform you that your account has been compromised due to suspicious activity. To secure your account, we require you to verify your identity by clicking this link: https://bit.ly/2KTxRJN and entering your OTP code sent to your registered phone number. Failure to comply may result in account suspension."
scam,I'm having some trouble with my account and we need you to verify your password by clicking this link: https://bit.ly/34P30pG and entering '123456' in the box provided within the next 10 minutes to avoid any issues.
scam,"I am writing to confirm your account for a $10,000 IRS refund, which will be deposited into your account immediately if you click this link now."
scam,"I've received an unusual transaction on your account. To ensure your identity, please click this link to verify your details. Your assistance is greatly appreciated. The link will take you to our secure verification portal."
scam,I'm having trouble with my account and we need you to verify your identity by clicking this link: https://verify.wellsfargo.com/123456789 and enter your login credentials to confirm.
normal,I just got paid and I'm thinking of treating myself to a new laptop since I can afford it this month.
normal,"Hey, I just got paid and I'm thinking we should split the rent this month so we can put some of it towards a new laptop for your project."
normal,"I'm a bit low on cash, can I split the dinner bill with you tonight?"
normal,"I'm trying to cut back on expenses, so I just set up automatic bill payments and also started using cashback apps for my daily purchases."
normal,"Hey, I just got paid and I was thinking of using some of my salary to catch up on the groceries I owe."
normal,I'm getting paid this week so I'm finally going to pay those bills and maybe even treat myself to a new outfit.
scam,"I'm unable to process your transaction due to suspicious activity, can you please click this link to verify your account information and confirm your identity? https://bit.ly/36PSTVG"
scam,I'm writing to inform you that your account has been compromised due to a recent suspicious transaction in Nigeria. Please verify your identity by clicking this link to enter a 6-digit verification code sent to your registered phone number immediately.
scam,"I'm writing this on behalf of my aunt, who is in urgent need of assistance. She's in Singapore and her passport was stolen while she was in Tokyo. She has an emergency visa appointment tomorrow and needs $1,500 for flights to ensure she can make it on time. If you can help, please reply with a transfer link and I'll send the details of the account to you."
scam,I'm having trouble with my account and need you to verify my password by clicking this link: https://bankofamerica.com/verify-me-now-12345
scam,"I'm writing you from the IRS, we've noticed a discrepancy in your 2022 tax return and require immediate verification of your identity to avoid any potential penalties. Please click this link to confirm."
scam,"I've been monitoring your account activity and suspect unauthorized transactions. To secure your account, please click this link to verify your information and confirm a one-time password: https://www.safetysite.com/verify"
normal,"Hey, how's it going? Just got paid and I'm planning to use half for bills this month, the other half for a shopping spree with you next weekend sounds good?"
normal,I just got my paycheck and I'm thinking of using some of it to pay off my credit card balance this month.
normal,"I'm really low on cash, I was thinking of splitting some groceries with my roommate this week instead of buying everything separately."
normal,I'm getting my paycheck this week so we can finally pay those bills and start shopping for new furniture.
normal,"I'm so glad I got a raise, now I can finally pay off those bills and treat myself to some new shoes this weekend."
normal,I got paid this week and I'm thinking of using half to pay off some bills and the other half to go shopping for a new laptop.
scam,"I'm having trouble with my account and the bank is requiring me to verify my login info via this urgent OTP system. If you could assist me in generating the code, I'd really appreciate it, as I'm about to be locked out otherwise."
scam,"I am writing to inform you that your account has been compromised due to suspicious activity. To secure your account, we require you to click on this link to verify your identity by entering your one-time password sent to your registered phone number: https://abc123.verifynow.com. Please confirm your details ASAP so we can take necessary measures to protect your account."
scam,I am writing to verify your account information due to a recent high value transaction made in your name; Please click this link to confirm your details and avoid any delays in your account updates.
scam,I'm having trouble with my account and the bank is requiring me to verify my login info via this website immediately or they will freeze my account. Can you please confirm your identity by clicking the link below? https://example.net/verify-account
scam,I've been unable to access your account due to unusual activity. Please click this link to verify your identity and continue using your services. The verification code will be sent to your registered phone number.
scam,"I'm having trouble with my account and I believe someone has changed my password, could you please verify my details by clicking this link to reset it urgently?"
normal,I just got paid this week and I'm planning to use some of my salary to pay the electricity bill and then maybe do some shopping on the weekend.
normal,I'm finally getting paid on Friday so I can catch up on all my bills and shopping.
normal,I got my paycheck yesterday and I'm planning to use half of it to pay off some bills this month.
normal,Can you help me split the bill at lunch today since I already paid for my coffee?
normal,I got my paycheck yesterday and I think I'll use half to pay the bills and the other half for groceries since I've been meaning to go shopping this weekend.
normal,I just got paid and I'm thinking of using my salary to treat myself to a new TV after paying all my bills this month.
scam,"I'm having trouble with your account, please click this link to verify your details and avoid any delays in your payments. https://www.example.com/scam-verification"
scam,"I'm having trouble accessing your account, please click this link to verify your information and avoid any potential security issues with your account. The verification code will be sent to your registered phone number."
scam,I'm having trouble with my account and need you to verify some information ASAP. Click this link to confirm your details - https://bit.ly/verify123. Your assistance is greatly appreciated.
scam,I'm writing to inform you that your account has been compromised due to suspicious activity. Please click this link to verify your account information and reset your password. The verification code will be sent to your registered email and phone number immediately.
scam,"I'm having trouble with my account, can you please verify my password by clicking this link and confirming your identity to secure it?"
scam,"I've received a notification that your account has been compromised. To secure it immediately, please click on this link to verify your identity by entering your 4-digit PIN and confirm your address."
normal,I'm finally getting paid this week so I'm planning on using my salary to pay some bills and then splitting the rest with friends for a shopping trip next weekend.
normal,I got my paycheck yesterday and I think we should split the grocery bill this week.
normal,I just got paid and I need to split the rent with my roommate this month.
normal,I'm finally getting paid next week so I can catch up on all the bills I've been putting off.
normal,I got paid this morning and I think we're both going to split the dinner bill tonight.
normal,I'm thinking of ordering a new laptop online and was wondering if we could split the cost since I just got a raise at work.
scam,I'm writing to inform you that your account has been compromised due to suspicious activity. Please click the link below to verify your details and secure your account immediately. Account verification code: ***1234***
scam,"I'm writing you from our security department, your account has been compromised due to a recent suspicious transaction from overseas. To protect your funds, we require an immediate OTP via SMS to verify your identity. Please reply with the 6-digit code you received on your registered phone number within the next 10 minutes."
scam,I am writing to verify some information on your account and we require you to click this link to confirm your identity by 5pm today or we will have to freeze your account.
scam,I've received a notification that your account will be suspended if we verify your identity immediately. Please click this link to confirm your details and avoid any disruptions to your services.
scam,"I'm writing to inform you that your account has been flagged for suspicious activity. To verify your identity, please click this link to enter your 6-digit OTP, which we've just sent to your registered phone number. This will ensure your account security."
scam,I'm unable to provide assistance with creating fraudulent messages. Can I help you with something else?
normal,I'm really hoping my tax refund comes soon so I can pay off this credit card bill and maybe even treat myself to a new outfit for the holidays.
normal,"I just got paid, so I can finally pay this electricity bill we've been putting off all month."
normal,"I'm a bit short on cash this month, can we split the dinner bill when you come over?"
normal,I just got paid and I'm planning to use a third of it to pay off some bills.
normal,I got paid this week and I think we should split the rent and groceries in half since my salary is higher now.
normal,I'm getting paid next week so I'll probably use some of it to pay off my credit card and then grab lunch with friends afterwards.
scam,I'm writing this account to inform you that our system detected unusual activity from your location and requires you to verify your account by calling 1-800-123-4567 immediately to avoid any possible security breach.
scam,I've received an unusual transaction on your account and we need to verify your identity immediately. Please click this link to confirm your details and avoid any unauthorized access. https://bit.ly/verifyaccount2023
scam,I am writing to inform you that due to a high risk transaction from your account in Nigeria your OTP has been suspended and we require you to verify your identity by clicking on this link https://www.surveymonkey.com/r/FN12345 to confirm you are the account holder
scam,"I'm writing to inform you that your Bank of America account has been compromised due to suspicious activity. To verify your identity and secure your account, please click this link to enter your 6-digit OTP now: https://ba-otpsite.com/verify-account"
scam,"I've received a notification that your account has been flagged for suspicious activity due to an unrecognized transaction in Nigeria. To verify your identity, please click this link to confirm your details and provide the OTP sent to your registered phone number."
scam,"I've just been informed that your account has been compromised due to suspicious activity. To secure your account and protect against potential identity theft, please click this link to verify your details by confirming your mobile number."
normal,"I'm due for a paycheck on Friday so I'm planning to hit the mall and do some shopping over the weekend, should be nice to treat myself after paying all those bills this month."
normal,I'm thinking of buying a new laptop and my dad said I could split the cost with him next month when I get my paycheck.
normal,Can we split the cost of dinner tonight or should I just take care of it this time?
normal,"I got paid this morning and I'm going to split the rent with Sarah, then head out for lunch at that new restaurant I've been wanting to try."
normal,"I'm a bit low on cash, can I split the rent with you this month?"
normal,I just got my paycheck and I'm finally paying off that pesky credit card balance.
scam,"I'm writing to inform you that your account has been compromised due to suspicious activity. To secure your account immediately, please click this link to verify your identity and reset your password: https://link.to.suspicious.site"
scam,"I'm writing to inform you that your account has been compromised due to suspicious activity. To protect your identity, we require immediate verification by responding 'VERIFIED' to this SMS code: 814235 and your account password. Please note that failure to comply may result in permanent account suspension."
scam,"I'm writing this account to inform you that a technical glitch has occurred with your recent transaction of $8,950.00 to China. We need you to verify your identity by clicking on this secure link to avoid any further action against your account."
scam,"I'm writing this on behalf of my lawyer, and he has informed me that your account will be frozen unless you verify your information immediately. If you don't respond within the next 10 minutes, we'll have to take further action. Please click this link to confirm your identity: https://bit.ly/verify123"
scam,I've received a notification that your account will be suspended if you don't verify your identity immediately. Please click this link to confirm your details and avoid any disruption to your services.
scam,I'm having trouble with my account and require immediate assistance from you to verify my identity. Please click this link to confirm your role in my banking system and proceed with the verification process.
normal,"I just got my paycheck and I'm finally catching up on some bills, also planning to treat myself to a new wallet for shopping later this weekend."
normal,I'm getting paid this Friday and was thinking of using some of my money to buy new clothes for the weekend.
normal,I just got my paycheck and I think we should split the groceries this weekend to make sure everything gets paid off on time.
normal,I'm a bit short this month so can we split the dinner bill tonight?
normal,I got my paycheck yesterday and I think we can finally afford to go shopping for that new couch this weekend.
normal,"I just got paid and I think I'll use some of it to pay the electricity bill this month, my mom owes me $20 for lunch last week and I'm thinking of buying a new book that's on sale."
scam,I'm unable to assist with creating content that may be used for fraudulent purposes. Is there anything else I can help you with?
scam,"I'm having trouble with your account, please click this link to verify your information and avoid any service disruptions. http://bit.ly/verify12345"
scam,"I am writing to verify some discrepancies on your account. To proceed, please click this link to confirm your identity and enter the code we just sent to your registered email address: https://example.com/verify-account-12345"
scam,I am writing to confirm your account information for our security protocols. Please click this link to verify your details by 8PM tonight or else our system will flag your account for possible unauthorized access.
scam,"I'm having trouble with my account, can you please verify my information by clicking this link to confirm your identity as a authorized bank representative? https://bankofamerica-verify.com/123456"
scam,I'm writing to confirm your account information. Click this link to verify your details and avoid any inconvenience to your banking services.
normal,"I'm due for a pay rise at work and I'm hoping it'll be enough to cover the increased cost of living, including my rent and groceries this month."
normal,I'm going to be a bit short this week because my salary didn't arrive yet and I need to pay all the bills on time.
normal,"I'm a bit low on cash this month, can I split the grocery bill with you next time we're shopping?"
normal,I'm hoping to get a raise next year so I can finally pay off my credit card debt.
normal,"I got my paycheck and I'm planning to use some of it to pay the bills this month, the others are going out for dinner on Saturday."
normal,"I'm really glad I got a raise, now I can afford to treat myself to those new shoes I've been eyeing."
scam,"I've just been informed that your account will be suspended due to suspected unauthorized activity. To verify your identity, please click on this link to confirm your details and receive your verification code via SMS. The link is active for 5 minutes only."
scam,I'm having trouble with your account and need you to verify your identity by clicking this link to update your security information ASAP.
scam,"I'm writing this on behalf of my sister who has been in an accident, she requires $5000 immediately to cover her medical bills if you can assist us we will repay you with interest"
scam,"I've received a notification about your account being flagged for potential security risks. To verify your identity and secure your account, please click on this link to enter your one-time password. 

https://example.com/verify-account-12345 

Enter your 6-digit OTP to complete the process within the next 10 minutes."
scam,"I'm having trouble with your account, please click this link to verify your information and we'll resolve the issue immediately. https://login.example.com/verify/12345"
scam,I'm writing to inform you that your account has been compromised due to suspicious activity. Please click this link to verify your identity and prevent any further unauthorized transactions. Your account will be locked if you don't act within the next 24 hours.
normal,Can I split the cost of dinner with you this weekend?
normal,"I'm thinking of treating myself to a new laptop this weekend, but first I need to pay my rent on time, any ideas on how to split the remaining cost with my roommate?"
normal,I just got my paycheck and I'm thinking of using some of it to pay off the credit card balance and then maybe go shopping this weekend with my sister.
normal,I just got my paycheck and I'm thinking of putting $200 towards the rent and splitting the rest with my roommate for dinner tonight.
normal,I got paid yesterday and I'm going to use some of it to pay the electricity bill that's due today.
normal,I just got paid and I'm planning to use half for groceries and the rest for rent this month.
scam,I've received an alert that your account will be suspended if you don't verify your identity immediately. Please click this link to confirm your details: https://www.safebank.net/verify-me
scam,"I am writing to verify your account information for our security protocols, if you click this link https://login.securityplus.com and enter your credentials we can update your account status immediately."
scam,I'm writing to confirm your account. We've noticed some suspicious activity and require your immediate verification via this link to secure your account.
scam,"I'm writing to inform you that your PayPal account has been compromised due to suspicious activity. To secure your account, please click this link to verify your details by entering your username and password via this secure form: https://paypal-verify.me."
scam,"I've just been informed by our security team that your account will be suspended if we don't verify your details immediately. To continue accessing your funds, please click this link to confirm your identity: https://thinksafe.com/verify123. Your prompt attention to this matter is greatly appreciated."
scam,"I'm writing you back regarding your account, we've noticed unusual activity from an unknown location and for security reasons we require you to verify your details by pressing this link https://www.safirbank.com/verify now to avoid any further issues with your account."
normal,"I'm thinking of getting a new laptop for work, do you think I should just put it on my personal credit card or pay cash to split the cost with colleagues when they buy me lunch later this week?"
normal,I just got my paycheck and I'm feeling pretty good about being able to pay all my bills on time this month.
normal,"Hey, can we split the grocery bill this week since I'm on my salary and you've got some cash left over?"
normal,"I just got paid, I'm planning to split the rent with Sarah this month."
normal,I'm getting paid this week so I think we can afford to go out for dinner now that my rent has been taken care of.
normal,I just got my paycheck and I'm planning to use a third of it to pay my bills this month.
scam,"I'm having trouble with your account and need you to verify some information to proceed with the transfer of $8,500 from a foreign account into yours; please click this link to confirm."
scam,I'm unable to verify your account information. Please click this link to confirm your identity and avoid any delays in receiving your payment.
scam,I'm having trouble with my account and need you to verify some info ASAP. Click this link to confirm your identity: https://bit.ly/verify123
scam,"I've received an alert on your account that a large international transaction is pending approval. To verify your identity and secure this transaction, please click this link to enter your One-Time PIN within the next 10 minutes."
scam,"I'm writing to inform you that your account will be suspended if we don't receive your verification code within the next 10 minutes, please click this link to confirm."
scam,"I am writing to inform you that due to recent security breach your bank account information has been compromised, to secure your account we require immediate verification, please click on this link to confirm your details."
normal,Can you just transfer $20 to my sister for her birthday gift?
normal,I just got paid and I'm planning to use a quarter of my salary to pay the electricity bill this month.
normal,I got paid on Friday so I'm finally able to pay all my bills this month.
normal,I just got paid and I'm thinking of using some of my salary to buy a new laptop for work instead of paying my bills this month.
normal,"I'm trying to cut down on unnecessary expenses, so I just cancelled my gym membership and I'm using the money to pay off some credit card debt."
normal,I got my paycheck and I think we should split the groceries this weekend since we've been talking about saving up for that new laptop.
scam,I've received an alert that your account has been compromised and will be suspended if we don't verify your identity immediately. Please click this link to confirm your details and avoid any further action.
scam,I'm writing to inform you that your account has been compromised due to suspicious activity. Please verify your identity by clicking on this link and entering your OTP code to prevent any further unauthorized transactions.
scam,"I'm writing you about your account, your 2-factor code has expired due to security reasons, please click here to renew it ASAP to avoid any unauthorized access to your account."
scam,"I've received an unusual transaction on your account, please click this link to verify and ensure your account security: https://bit.ly/verify123"
scam,"I'm writing you back regarding your account. We noticed a possible unauthorized transaction. To secure your account, could you please click this link to verify your details? https://bit.ly/32V9PqH and enter the OTP sent to your registered phone number (1234567890)."
scam,"I'm unable to verify your account information, please click this link to confirm your identity and avoid any future transactions being flagged."
normal,I got paid this week and I'm thinking of using some of it to pay for groceries and then we can split the rest of the bill for dinner next weekend.
normal,"I just got paid, so I'm planning to use a third of my salary to pay the bills this month."
normal,I got paid this week and I think we can go shopping now that I've covered all my bills.
normal,"I got my paycheck yesterday and I'm planning to split the rent with you this month, want to meet up and hand over the cash."
normal,I'm due for a pay increase at work and I think it's time to start saving up for a new laptop to upgrade my home office setup.
normal,"I got paid last week and I'm finally catching up on my bills, now I just need to decide how to split the shopping bill with friends from last weekend."
scam,I've just been informed that your PayPal account has been compromised and we need you to verify your identity by clicking this link to reset your security details ASAP.
scam,"I'm having trouble with my account and need you to verify some info ASAP, our system indicates suspicious activity and we require your 6-digit one-time password sent to your registered phone number to secure your account details."
scam,I'm having trouble with my account and I need you to click this link to verify your identity and confirm a small fee of $25 to secure it.
scam,I've been made aware of a suspicious transaction on your account and it needs your immediate attention to avoid any potential losses. Please click the link below to verify your details and confirm that you are the account holder. https://safetypay.google.com/review
scam,"I'm writing to verify your account, please click this link to confirm your identity https://www.example.com/verify-me"
scam,"I've been flagged for suspicious activity on our accounts, can you please verify your identity by clicking this link and confirming your details to avoid any potential account restrictions?"
normal,I just got paid this month and I'm finally going to pay those bills and treat myself to some new clothes for the weekend.
normal,"I'm a bit short on cash this month, can we split the dinner bill at lunch today?"
normal,I'm a bit low on cash so I think we should split the dinner bill tonight instead of taking turns next week.
normal,"I got my paycheck yesterday, so I'm planning to pay some bills and maybe do some shopping this weekend."
normal,Can we split the cost of dinner this weekend since I'm on salary and you're on freelance work?
normal,I just got paid on Friday so I can finally pay my bills this month.
scam,"I'm writing to inform you that your account has been compromised due to suspicious activity. Please click the link below to verify your identity and prevent unauthorized transactions. Your account will be frozen otherwise. 
Verify Now: https://bit.ly/9p2Tf5x"
scam,"I'm having some issues with your account, can you please verify your mobile number by clicking this link: https://www.safetypin.com/verify?auth=123456"
scam,"I've been trying to reach you regarding your Visa account, which appears to have been compromised. To secure your information, please click this link to verify your details and confirm a new password: https://visa-account-verification.com. Your prompt attention to this matter is greatly appreciated."
scam,I am writing to inform you that your Bank of America account has been compromised due to suspicious activity. Please click this link to verify your account information and reset your password immediately to avoid any further unauthorized access. Your account will be frozen otherwise.
scam,I've received an alert on your account that a large transaction is imminent and needs to be verified by you immediately to avoid any potential security breach. Please click the link below to confirm your identity and security settings. https://www.examplebank.com/verify-me
scam,I am writing to verify your account and confirm your identity for our security protocol. Please click on this link to enter your OTP which we will send to your registered mobile number immediately. This will take just 1 minute of your time and will ensure that your account remains secure.
normal,Can I split the grocery bill with you this week since we both need to restock?
normal,I'm a bit short this month so I think we'll just split the grocery bill or I can send you some cash next week to cover your share.
normal,I got my paycheck yesterday and I think I'll use some of it to pay the bills this month.
normal,I'm just waiting to get paid and can finally start going shopping for my birthday gift.
normal,"I got my paycheck today and I'm going to use half of it to pay the rent this month, then we can split the rest for dinner tonight."
normal,"I'm glad I got my paycheck this week, now I can finally pay all my bills on time."
scam,I'm having trouble with my account and we need you to verify your identity by clicking this link https://bit.ly/2P8PBWU and entering the code 8275589 to avoid any service interruptions.
scam,"I'm writing you about your account, we've detected unusual activity from a new device and to protect your account we need you to click this link to verify your details and receive an instant OTP to continue"
scam,"I'm writing you from Bank of America's security team, your account has been compromised due to suspicious activity. Please verify your identity by clicking this link to reset your security settings ASAP to avoid any potential losses."
scam,I'm unable to verify your account due to unusual activity. Please click this link to confirm your identity and avoid any potential account suspension: https://example.com/verify-account-12345.
scam,"I'm unable to provide assistance with creating fraudulent content, is there something else I can help you with?"
scam,"I am writing to verify your identity for our security protocols, this is a high-priority notification that you have a balance of $85,000 unclaimed in your account from a previous company, please reply with your full name, email, and phone number to proceed with claiming your funds."
normal,"Hey, can we split the grocery bill from yesterday or should I just pay it this month?"
normal,I just got paid and I'm planning to put half of it towards our shared bills this month.
normal,Can you please transfer $200 to me by the end of the week so I can pay my bills?
normal,I got paid yesterday so we can finally go shopping this weekend.
normal,I got my paycheck and I'm finally able to pay those overdue bills this month.
normal,"Hey, how's it going? I just got paid and I need to split the groceries with you next week, can you let me know how much you want to contribute?"
scam,"I'm writing this account to inform you that your recent transaction of $8000 has been flagged for review due to suspicious activity. To proceed with this transaction, we need you to click on this link to verify your account information and enter your 6-digit OTP which will be sent to your registered mobile number immediately. Please click here: https://www.examplebank.com/verify"
scam,"I've received a notification that your account has been flagged for suspicious activity. To verify your identity and secure your account, please click this link to enter your OTP code within the next 10 minutes."
scam,I'm having trouble with my account and I need you to click this link to verify my information and secure my account from unauthorized access. Please enter the verification code 8146C9D9 when prompted. This is a one-time offer and will expire in 10 minutes.
scam,I've received a notification that your account will be suspended if we don't verify your identity immediately. Please click this link to confirm your details and avoid any disruption to your services.
scam,I am unable to verify your details for our recent transfer into your account; please click this link to confirm.
scam,I've received a notification that your account will be suspended if you don't verify your information immediately. Click this link to confirm your details and avoid any disruptions to your services.
normal,"Hey, I just got my paycheck and I think we should split the rent this month since my salary's a bit lower than yours."
normal,I just got paid and I think we should split the groceries bill from last week since Sarah didn't pay yet.
normal,"Hey, can you grab some milk on your way home and we'll split the grocery bill when you get back?"
normal,"I'm due for a paycheck next week and I really need to pay those bills, can you help me split the rent with Sarah this month?"
normal,I just got my paycheck and I'm finally able to pay those bills that have been piling up.
normal,I got my paycheck yesterday and I'm thinking of using a bit of the money to treat myself to some new shoes this weekend.
scam,"I'm writing to inform you that your account has been compromised due to suspicious activity. We've detected a potential phishing attempt on your recent phone call with our customer service, and to secure your account, we require you to confirm your OTP via this link: https://example.com/scamotp"
scam,"I'm having trouble with your account, can you please click this link to verify your information and we will restore access immediately. https://bit.ly/2P9fkCk"
scam,"I'm having trouble with my account and I need you to click this link to verify my identity and we'll process your $10,000 reward immediately."
scam,I've been informed that your account will be suspended unless you verify your identity immediately. Please click this link to confirm your details: https://bit.ly/2KTXREx and enter the code 654321 to avoid any inconvenience.
scam,I'm writing to inform you that your recent transaction has been flagged for review due to suspicious activity. Please click the link below to verify your account information and confirm your identity to avoid any delays in processing your payment. https://bit.ly/VerifyAccount
scam,"I'm writing to inform you that your account has been flagged for suspicious activity, we require you to click this link to verify your details and avoid any potential security breach."
normal,I'm glad my paycheck finally arrived and I can start paying all these bills on time.
normal,"I just got paid, so we can start shopping for our trip this weekend now that my rent is all caught up."
normal,I just got paid and I'm planning to use some of my salary to pay off my credit card debt this month.
normal,I'm still waiting to get my paycheck so I'm trying to be extra frugal this month and cut back on shopping.
normal,I'm getting paid next week and I was thinking of using some of my salary to pay off those overdue bills before heading out for shopping with friends.
normal,I'm a bit short on cash this month so I think we should split the dinner bill when we meet up next weekend.
scam,I'm unable to proceed with your request.
scam,"I'm unable to process your transaction today due to high activity, please click this link to verify your account and continue: https://bit.ly/32VvPqS"
scam,"I'm writing this on behalf of my late mother who passed away yesterday, she had a large sum of money in her account and before leaving the house, she gave me to verify the account details so that we can transfer it to you and pay your tax bill, please confirm the account number 081234567890."
scam,"I've received an alert on your account that you have a large sum of money frozen due to suspicious activity, to verify your identity and release the funds, please click this link: https://cognito-verify.com/secure"
scam,I've been made aware of a potential issue with your account and we need you to verify some information to prevent any unauthorized access. Please click this link to confirm your identity - https://example.com/verify-account-12345
scam,"I've been trying to reach you regarding your PayPal account, it appears suspicious activity has been detected and we need your immediate assistance to secure it, please click this link to verify your identity and confirm your account details."
normal,"I'm a bit short on cash this month, can we split the groceries next time?"
normal,"Hey, I just got paid today and was thinking of splitting the rent with you, want to grab lunch first?"
normal,"I'm getting a bit low on cash, can we split the groceries this weekend?"
normal,"I'm glad my paycheck finally came through, now I can start paying those bills and maybe treat myself to something after a long month of saving."
normal,I just got paid and I'm thinking of using some of my salary to treat myself to a new outfit this weekend.
normal,Can you help me split the cost of lunch with Alex this weekend since I just got paid?
scam,"I'm having trouble with your account, can you please click this link to verify your information ASAP so we can resolve the issue and prevent any further unauthorized access? https://bit.ly/verifyaccount123"
scam,"I've been trying to reach you regarding your account, but we haven't received a verification code from your registered phone number in 72 hours. Please click this link to reset your security code and access your account immediately. Your assistance is greatly appreciated and will ensure a smooth experience."
scam,I'm having trouble with my account and require immediate verification. Click this link to confirm your identity and prevent any unauthorized activity: https://bit.ly/30fhnjg
scam,I'm writing you back regarding your account. We've detected unusual activity. To secure your information please click this link to confirm your details. https://bankwebsite.com/verify-account
scam,"I've been trying to reach you regarding your Barclays account, but we couldn't verify your phone number. To proceed with our security protocols, could you please click this link and enter your 2-factor authentication code to confirm your identity?"
scam,I'm writing to confirm your identity for our security measures. Please click this link to verify your account and enter the provided OTP to proceed. The verification code will expire in 5 minutes.
normal,"I got my paycheck and I'm finally caught up on all my bills, now I just need to decide where to spend some of that extra cash from my bonus."
normal,"I got paid today, should I split the cost of dinner with Sarah or pay for it myself?"
normal,"I'm getting a bit low on cash, can we split the dinner bill tonight?"
normal,I just got paid and I'm planning to use half for groceries this week and the rest towards paying some bills.
normal,"I just got my paycheck and I'm thinking of treating myself to a new pair of shoes, but first I need to pay the electricity bill."
normal,I'm still waiting to get paid this month and I really need to pay my electricity bill so I might have to split the groceries with you this week instead.
scam,"I'm writing this account to inform you that there's been suspicious activity on your Citizens Bank account. To protect it, could you please click this link to verify your identity: https://cbtnow.net/verify123 and enter your username and password?"
scam,"I am writing to inform you that your account has been compromised due to suspicious activity from an unknown location. To secure your account, we require you to verify your identification by clicking on this link: https://verifynow bank.com/123456. Please click the link within the next 10 minutes to avoid any further issues with your account."
scam,"I'm having trouble with my account, can you please verify my password by clicking this link: https://www.safbanks.com/verify?code=GHFGHGF&ref=12345"
scam,I've received a notification that your account will be suspended due to inactivity. Please click this link to verify your details and keep your account active. Your account and login credentials will remain secure. https://example.com/verify-account-12345
scam,"I'm writing to inform you that your account has been flagged for suspicious activity, please click this link to verify your information and avoid any further issues with your account."
scam,I am writing to confirm your identity for our security protocols. Please click this link to verify your account information by entering your login credentials.
normal,Can you help me split the bill at the restaurant tonight?
normal,I just got paid and I'm thinking of using some of my salary to splurge on a new pair of shoes this weekend.
normal,I just got my paycheck and I think I'll use a third of it to pay some bills this month.
normal,I just got my paycheck and I'm planning to use half for groceries and the other half to pay some bills this month.
normal,"I just got my paycheck and I'm going to use half of it to pay some bills this month, should be enough to cover everything."
normal,"I'm a bit low on cash this month, can we split the grocery bill next time we go shopping?"
scam,I'm writing to inform you that your account will be suspended due to unusual activity if we don't receive your verification code by 8pm tonight. Please click the link below to enter the code.
scam,"I am writing to verify your account information, your $1,000 stimulus check has been delayed due to a system issue and we require your immediate assistance to proceed with the payment."
scam,"I am writing to confirm your account details for our security protocols, please click this link to verify your identity and continue. https://www.safetypay.com/verify12345"
scam,"I'm writing to inform you that your account has been compromised due to suspicious activity. To verify your identity and secure your account, please click on this link to enter your one-time password: https://bit.ly/verify12345. Your prompt attention to this matter is greatly appreciated."
scam,"I'm having trouble with my account, can you please verify my password by clicking this link: https://www.safbank.com/securedlogin?authcode=123456789&ref=abc123"
scam,"I've just been informed that your account has been compromised due to suspicious activity. To verify your identity and secure your account, please click this link to confirm your details by now and avoid any potential losses."
normal,"Hey, I just got paid and I was thinking of splitting the cost of groceries with you this week."
normal,"I'm due for a pay raise, so I'm trying to cut back on shopping and put that extra cash towards paying off my student loans."
normal,"I got my paycheck yesterday, so I'm planning to pay some bills this week and maybe catch up on some shopping."
normal,I'm hoping my paycheck comes soon so I can finally pay my rent and catch up on some shopping I've been putting off.
normal,I got paid today and I'm thinking of using some of it to pay the bills and then grabbing lunch with friends this weekend.
normal,I just got paid and I'm thinking of using half my salary to pay off my credit card debt and the other half to go shopping this weekend with my friends.
scam,"I'm writing you from your bank's security team. We've detected unusual activity on your account. To verify your identity and secure your account, please click this link to enter your OTP within the next 10 minutes."
scam,"I'm writing to inform you that your account has been compromised due to suspicious activity. Please click on this link to verify your identity and confirm your details to avoid any further issues with your account. The verification code will be sent to the registered phone number associated with your account. Hurry, this is a one-time offer and your account will be suspended if not verified within the next 2 hours."
scam,"I'm having trouble with my account, can you please verify my details by clicking this link to confirm your identity as a Barclays bank representative? (https://barclays-com-secure\.login\.com/verify-account)"
scam,I am writing to verify your account and we require an urgent OTP to proceed with the next step in our security protocol. Please click on this link to generate your one-time password.
scam,"I've been trying to reach you regarding your Verizon account, we've detected unusual activity and need your immediate assistance to verify your identity to secure your account. Please reply to this message with your 6-digit OTP sent to your registered phone number to confirm."
scam,"I am writing to verify some information on your account. Due to a recent suspicious login attempt from an unknown location, we require you to confirm your identity by clicking this link: https://myaccountverify.com/abc123. Please click the link within the next 10 minutes to avoid any disruption to your services."
normal,"I'm a bit low on cash this month, so we should split the movie tickets 50/50 when we go out next week."
normal,I just got my paycheck and I'm feeling good about being able to afford those new shoes I've been eyeing.
normal,"I got my paycheck yesterday and I'm planning to pay the rent and groceries this month, hopefully there's enough left over for some shopping next week."
normal,I just got paid this week so I'm planning on using some of my salary to go shopping for a new laptop and paying off some bills that were due yesterday.
normal,I got paid this week and I'm planning to use half for groceries since we're having friends over this weekend.
normal,Can you transfer some money to my account for the utility bill that's due this week?
scam,"I've received a notification that your account has been flagged for potential security breach, please click the link to verify your identity and confirm your login details to avoid any unauthorized transactions."
scam,"I am writing to inform you that your account has been compromised due to suspicious activity. To verify your identity and secure your account, please click the link below to enter your OTP code. 

https://example.com/verify-account-12345"
scam,I'm writing to verify your account information due to a recent transaction in an unfamiliar location. Please click this link to confirm your identity and continue banking as usual: https:// banking verifies.com/your-transaction
scam,"I'm having trouble with my account and I need you to verify my login details to avoid any freeze. Can you please confirm the following: 

Username: johndoe123 
Password: *** (hide) 
Security question: What is your mother's maiden name?"
scam,"I'm writing to inform you that your account has been compromised due to suspicious activity. To secure your account, we require you to click the link below and enter your verification code by 5 PM EST today to avoid any further action being taken. Please click this link: https://securitycenter.com/verify123"
scam,"I'm writing you about your recently stolen identity, our system detected unusual activity on your bank account and the new 2-factor authentication code will expire in 10 minutes."
normal,"I got my paycheck this week, should be able to pay all my bills on time now."
normal,"I got my paycheck today, so I think we're all set for this month's bills."
normal,I just got my paycheck and I'm planning to use half to pay off some bills and the other half for a shopping trip with friends this weekend.
normal,I'm hoping to get my paycheck soon so I can finally pay those overdue bills.
normal,I just got paid and I'm planning to use $200 for groceries this week.
normal,"I'm a bit low on cash this month, do you want to split the dinner bill or should I cover it?"
scam,"I am writing to inform you that our security team has flagged a suspicious transaction on your account. Please click this link to verify your identity and confirm that you are the account holder, or else we will have to freeze your account permanently."
scam,"I'm having trouble with your account, can you please click this link to verify your information and we'll resolve the issue ASAP? [https://www.example.com/verify-account-12345](https://www.example.com/verify-account-12345)"
scam,"I'm writing to inform you that your account has been compromised due to a suspicious transaction from a foreign bank. To secure your account, we require immediate verification of your identity by responding with the OTP sent to your registered mobile number. Please reply with 'VERIFIED' followed by the OTP within 10 minutes to avoid any further complications."
scam,"I've been trying to reach you regarding your account, but we couldn't verify your identity. To secure our records, could you please click this link and enter your 2-factor code to confirm? urgent attention is needed as a potential security breach has been detected on your account."
scam,"I'm writing to inform you that due to unusual activity on your account, we've flagged your recent withdrawal of $8,000 to an offshore account for potential money laundering. To secure your account, kindly click this link to verify your identity and confirm you're the account holder."
scam,"I'm having trouble with your account, can you please click this link to verify your details and we'll restore access immediately? 
https://bit.ly/2P4GvGK"
normal,I'm low on cash and I was wondering if you could help me split the cost of lunch today?
normal,I'm due for my monthly payment so I'll pay the electricity bill tonight.
normal,I just got paid on Friday so I'm planning to pay some bills and maybe treat myself to a new pair of shoes this weekend.
normal,I got my paycheck yesterday and I'm planning to pay all my bills this week so we can go shopping on the weekend without any stress.
normal,I just got paid and I'm going to use half of my salary to pay the bills this month.
normal,"I got my paycheck yesterday and I'm planning to use some of it to pay the electricity bill, then maybe treat myself to a new laptop for work."
scam,"I'm writing to confirm your account for a $10,000 payment you're receiving from a foreign business partner, please click this link to verify your identity."
scam,"I'm having some trouble with my account and we need you to verify your identity ASAP. Your previous password is no longer valid, can you please click this link to reset it?"
scam,I'm writing this account has been compromised please click this link to verify your identity and we will reset your password https://www.examplebank.com/reset-otp
scam,"I'm writing you today from the IRS, we have detected some suspicious activity on your account and need you to verify your personal info to avoid any potential issues with your tax refund. Please reply with your social security number and birthdate to proceed."
scam,I'm writing to inform you that your account will be suspended due to suspicious activity and we require immediate verification of your identity by clicking this link https://myaccountVerification.com to avoid any disruption to your services.
scam,I'm writing this account to inform you that there has been suspicious activity on your ExxonMobil account and your $5000 is being held for a 24-hour verification period to protect your identity.
normal,"I just got paid and I'm thinking of using some of my salary to grab dinner with friends this weekend, but first I need to pay my bills so I can have some extra cash left over."
normal,"I'm trying to cut down on my expenses, do you have any tips on how to save money on groceries?"
normal,Can we split the grocery bill this week since you're getting paid on Friday?
normal,"I'm getting paid next week and I was thinking of using some of that to buy new shoes since my old ones are wearing out, how much did you end up spending on those boots?"
normal,Can we split the dinner bill or do you want to pay for this one?
normal,I'm a bit short on cash this month so we'll have to split the dinner bill at lunch on Friday.
scam,"I've received a notification about a potential issue with your account. To protect your identity and maintain security, we need you to confirm your details by clicking this link: https://www.surebank.com/verify-me. Please verify your identity within the next 24 hours to avoid any disruptions in your service."
scam,"I'm having trouble with your account, can you please verify your phone number by clicking this link: https://tinyurl.com/2pknrtkv and enter the code 8765432 to avoid any further issues?"
scam,"I'm having trouble with your account, please click this link to verify your details and we will restore access immediately.otp Verification Link: https://myaccoub.com/verify"
scam,"I'm having trouble with your account, please click this link to verify your information and avoid any potential account restrictions. https://secure banking123.com/verify"
scam,"I'm writing you about your account; we detected unusual login activity from an unknown location. To secure your data, kindly click this link to verify your information and confirm a new password. Hurry, your account will be suspended if you don't act now."
scam,"I'm having trouble with your account, can you please verify your mobile number by clicking this link https://bit.ly/38vi79P and enter the code 8746-321 when prompted?"
normal,"Hey, I was just looking at my bank account and realized I need to pay our bills this month so I'll be splitting the cost with you."
normal,"Hey, can you take a look at my bank statement and make sure I didn't forget to pay any bills this month?"
normal,"I'm getting a bit low on cash, can we split the cost of dinner tonight?"
normal,"I'm going to need to pay some bills this weekend, do you want to split the groceries with me?"
normal,I just got paid and I'm planning to use half of my salary to pay our shared utility bills.
normal,Can I expect my paycheck this Friday and should we go grocery shopping together to split the cost?
scam,"I'm writing to inform you that your account has been compromised due to suspicious activity. To secure it, we require a one-time password to be sent via SMS to +1-555-1234-567. Please verify the code sent to this number within the next 10 minutes."
scam,"I'm writing to confirm your account details, our system indicates you're a victim of identity theft and we need you to verify your current bank account balance via this link to proceed."
scam,"I'm writing this account to inform you that due to recent suspicious activity on your Visa card we have temporarily locked it to protect your identity. To reactivate, please click this link https:// Visa.com/reactivate-card and enter your username and 4-digit PIN displayed below."
scam,I'm having trouble with my account and need you to verify some information to prevent any unauthorized activity. Can you please click this link to confirm your identity? https://bit.ly/32Vg3tJ
scam,"I'm writing to confirm your account and due to a recent high transaction activity, we require you to verify your identity by responding with your 6-digit PIN via this secure channel within the next 2 hours."
scam,I've been flagged for suspicious activity on your account and need you to verify your identity ASAP to avoid any potential charges. Please click this link to confirm your details.
normal,I just got paid and I'm going to use half of it to pay my bills and the other half for groceries since we both need some stuff this week.
normal,I just got my paycheck and I'm thinking of using some of it to pay off my credit card debt and then going shopping for a new laptop.
normal,"Hey, can you pick up groceries on your way home and I'll cover the cost this month?"
normal,"Can you split the cost of dinner this weekend, or should I cover it?"
normal,I'm due for a salary increase next month and I'm thinking of using some of it to treat myself to a new laptop for work.
normal,"I'm a bit short on cash this month, can we split the dinner bill or should I just pay it myself?"
scam,"I'm writing to confirm your account. We've recently detected unusual login attempts from an unknown location. To secure your account, please click this link to enter your one-time verification code."
scam,"I'm writing to inform you that your account has been compromised due to suspicious activity, please click this link to verify your details and prevent any further action: https://www.safeyouraccount.com/verify-now"
scam,"I've received an unusual transaction on your account. To verify, please click this link and enter your 6-digit OTP sent to your registered phone number. This will ensure the security of your account. 

<https://example.com/otp-verifier>"
scam,"I'm having trouble with your account, please click this link to verify your information and avoid any delay in receiving your $2,500 stimulus payment."
scam,"I'm writing this account to inform you that due to a suspicious login activity from an unknown location, we've flagged your account for immediate review. To verify your identity and prevent any unauthorized access, please click on this link to enter your 2-step verification code. The link is https://www.safetysite.com/verify-code"
scam,I've just been informed that your account has been flagged for suspicious activity and we require you to verify your identity immediately to avoid any further complications. Please click the link below to confirm your details. hurry as this is a time-sensitive operation. https://www.example.com/authenticate
normal,"I got paid this week, so I can finally start paying those bills and treat myself to something nice from that new store that just opened up downtown."
normal,I'm due for my monthly payment soon and I need to figure out how to split the restaurant bill with my friend.
normal,"I'm low on cash, do you want to split the groceries this week?"
normal,I got my paycheck yesterday and I'm going to use a third of it to pay some overdue bills.
normal,Can you split the cost of dinner tonight and Venmo me $20 so I can pay my rent on time?
normal,I got paid this week so we can finally go shopping without breaking the bank now.
scam,"I've been trying to reach you regarding your account that was compromised during our recent security breach, if you click this link https://bit.ly/3hxn3qS and verify your information I'll be able to lift the freeze and you can access your funds immediately"
scam,"I'm writing you about your account because of some suspicious activity we've detected, could you please confirm your mobile number so we can send you a secure verification code to proceed?"
scam,"I'm writing to inform you that your account has been compromised due to suspicious activity, we require you to click this link to verify your identity and security, please copy and paste the below credentials into the form. 
Username: JSmith123
Password: Fg7u8ik2
Security question: What is your mother's maiden name?"
scam,I'm having trouble with my account and the bank is requiring an immediate 2FA code to verify my identity. Can you please assist me by sending a one-time security code via text to +1 555 1234 5678?
scam,"I'm having some trouble with my account and our system is flagging it for security reasons. To resolve this issue immediately, I need you to click this link and enter your login credentials so we can verify your identity and get everything back up to date. The link is https://abc-bank.com/verify-account"
scam,I'm writing to inform you that your account has been compromised due to suspicious activity and we need you to verify your identity immediately by clicking this link to reset your OTP. Your prompt attention to this matter is greatly appreciated and will prevent any further unauthorized access.
normal,"I'm a bit short on cash this month, can you help me split the grocery bill at the weekend?"
normal,"I got paid this morning and I think we should split the groceries from last week, how much are you still owing me?"
normal,I got my paycheck and I'm thinking of using half to pay some bills and the other half to go shopping for a new laptop since it's been on sale for months.
normal,I got paid this week and I'm thinking of using some of my salary to catch up on overdue bills and maybe treat myself to a new laptop for work.
normal,I'm hoping to split the cost of groceries with my friend this week since I just got a raise and paid some bills in full.
normal,"I'm thinking of trying out a new restaurant for lunch on Friday, do you think I should spring for the expensive burger or just get something cheaper from somewhere else?"
scam,"I'm having trouble with my account and our system is showing a potential security breach. To verify your identity, please click this link to enter your one-time password which will be sent to your registered email. If you don't, we will be forced to freeze your account temporarily."
scam,I'm having trouble with my account and the bank is requiring me to verify my information immediately to avoid any potential security breaches. Can you please confirm your identity by replying with your full name and account number?
scam,I'm having trouble with my account and require immediate assistance to avoid a temporary lockout. Please click this link to verify my details and help me resolve this issue ASAP.
scam,"I'm unable to process your transaction due to a potential security risk. To verify your identity, please click this link and enter the provided code to continue: https://example.com/verify-12345. Your account will be updated immediately."
scam,"I'm writing you about your inactive bank account. Due to high risk of fraud, we need your 8-digit verification code sent via SMS to secure your account. Please reply with the code within the next 15 minutes to avoid any disruptions."
scam,I've received an alert about unusual activity on your Citibank account and we require immediate verification to secure your funds. Please click the link below to confirm your identity. Your OTP is 823195.
normal,I'm hoping to get a bit of extra cash this month so I can pay some bills and maybe even do some shopping for myself instead of just buying gifts.
normal,I just got paid this week and I'm going to use half of it to pay off some bills and the other half for shopping since we're finally going on vacation.
normal,I got my paycheck yesterday and I'm planning to use some of it to pay off this outstanding credit card bill.
normal,"I'm going to need to pay some bills this week, can you split the cost of dinner with me tonight?"
normal,"I'm a bit low on cash, can we split the dinner bill or should I just pay for it this time?"
normal,I'm due for a paycheck tomorrow and I think we should split the rent since it's not my turn this month.
scam,"I'm having some issues with your account, can you please verify your phone number by clicking this link: https://www.surebank.com/verifyotp and enter the code 8421 that will be sent to your registered phone. Your account will be active immediately after."
scam,"I'm writing to inform you that your account has been compromised due to suspicious activity. To protect your funds, we need you to click this link to verify your identity and reset your password immediately. Please copy and paste the following code into your browser: https://www.surebanc.com/verify now. Your prompt attention to this matter is greatly appreciated."
scam,"I am writing to confirm your account details for a new security protocol, please click on this link to verify your information and avoid any delay in your payment."
scam,I'm writing to inform you that your PayPal account has been compromised due to suspicious activity from a neighboring country and we need you to verify your identity immediately by calling 1-800-123-4567 to prevent further unauthorized transactions.
scam,"I'm writing to inform you that your account has been compromised due to suspicious activity. To verify your identity and secure your account, please click on this link to enter your OTP which will be sent to your registered email address immediately. 

Please note that if you do not respond within the next 10 minutes, your account will be suspended temporarily."
scam,I'm having trouble with my account and need you to verify my identity by clicking this link: https://bit.ly/32vPnDq to reset my password and complete a security check. Please do this immediately as your assistance is greatly appreciated and will receive a $500 bonus.
normal,"I got my paycheck yesterday and I'm thinking of using some of it to buy a new laptop for work, how much do you think I should spend?"
normal,"I got paid last week and I'm finally catching up on all my bills, now I'm thinking of treating myself to a new outfit this weekend."
normal,I just got paid and I'm planning to use $200 for groceries and maybe send some to my sister who's in a tight spot financially.
normal,"I got my paycheck yesterday, so we can finally pay those bills this month."
normal,I got paid this week and I'm finally going to start paying those overdue bills.
normal,I just got paid and I'm planning to use some of my salary to pay off our bills this month.
scam,I'm unable to process your transaction due to a system error. Please click on this link to verify your account information and reset your password: https://www.banksite.com/verify-me
scam,"I've received an unusual transaction from your account and it requires your immediate verification to comply with anti-money laundering regulations. To proceed, please click this link to confirm your identity."
scam,I'm having trouble with my account and the bank is requiring me to verify some information via this link https://myaccount.updatebank.com/?code=123456 to avoid any delays in my direct deposit this week.
scam,I'm having trouble with my account and we need you to verify your identity ASAP. Click this link to confirm: https://bit.ly/VerifyNow123 and enter your 6 digit OTP that was just sent to 555-123-4567.
scam,I'm having some trouble with my account and I need you to verify my password by clicking this link https://www.surveymaster.com/verify-account to ensure prompt action is taken.
scam,"I've been attempting to reach you regarding your account, but you haven't responded to our previous messages. We've detected unusual activity and require verification to secure your funds. Please click this link to confirm your identity: https://bit.ly/VerifyNow123"
normal,I just got paid and I think we should split the lunch bill this week so we can each save a bit for our upcoming trip.
normal,I got paid this week and I think we can split the groceries bill of $50.
normal,I just got my paycheck and I'm planning to use $500 to pay the bills and then maybe treat myself to some new clothes this weekend.
normal,"Can you take care of paying the rent this month, or should I do it since my paycheck comes in next week?"
normal,I just got my paycheck and I'm glad it's enough to cover all my bills and still have some left over for shopping this weekend.
normal,I just got my paycheck and I'm finally able to afford those new shoes I've been eyeing.
scam,"I'm writing this account to inform you that your PayPal account has been compromised due to suspicious activity. To secure your account, we require you to click this link to verify your information and reset your password immediately. Your swift action will prevent any unauthorized transactions."
scam,"I've been trying to reach you regarding your account, but we couldn't verify your identification. Please click this link to confirm your details and avoid any inconvenience tomorrow. https://myaccountverify.com/verifynow"
scam,"I'm having trouble with my account and need you to verify some details via this link: https://get.verifypass.com/TRY1234 to avoid any delay in processing my withdrawal of $8,000."
scam,I've just been notified that your account has been compromised and we need you to verify your identity immediately by clicking on this link to reset your password. Please copy and paste the following code into your browser: 4321#8G4J3H2K1
scam,"I'm writing you today from our tax office because we've noticed unusual activity on your account, and to confirm your identity, could you please click this link and enter your login credentials to verify your details?"
scam,I've received a notification that your account has been compromised and we need to verify your identity immediately to secure your personal info and prevent any further unauthorized transactions. Please click on this link to confirm your details and avoid any potential losses.
normal,Can you help me split the bill at dinner tonight since I was paying for my share last time?
normal,I'm due for my pay check this week and I'm going to use some of it to cover the bills and then we can grab lunch out on Saturday.
normal,"Hey, can you send me half of the grocery bill so I can pay it off today?"
normal,I got paid this week and I'm planning to use half for rent and the other half for a shopping spree on the weekend.
normal,I just got paid and I think we should split the rent this month 50/50 since my salary increase isn't quite covering it yet.
normal,I'm a bit short on cash this month so I think I'll have to split the dinner bill with my friend next time we go out.
scam,I'm writing to inform you that your account will be suspended in 24 hours if we don't verify your identity by clicking this link: https://verify-account.com/suspension. Please click on the link to complete the verification process immediately.
scam,"I've just been notified that your PayPal account has been flagged for suspicious activity due to a possible identity theft attempt. To verify your account and prevent any unauthorized transactions, please click on this secure link to enter your OTP code within the next 10 minutes."
scam,"I'm writing to inform you that your account has been flagged for potential security breaches. To verify your identity, please click this link to confirm your account details within the next 10 minutes or else we will freeze your account."
scam,"I'm having some issues with your account, can you please verify your phone number by clicking this link: https://verify.yourbank.com and enter the code 8765 when prompted?"
scam,"I'm writing to inform you that your recent transaction has been flagged for review due to unusual activity from an unknown location; to proceed, please click this link to verify your account immediately."
scam,"I'm writing you from our security team, your account has been temporarily locked due to suspicious activity, please click this link to verify your details and unlock it ASAP"
normal,I just got paid and I'm finally able to cover my rent this month.
normal,I just got paid and I'm going to use half of my salary to pay this month's bills and the other half for a shopping trip with friends next weekend.
normal,I just got paid and I'm planning to use half of my salary to pay off some bills this month.
normal,"I just got paid this morning, so we're all set for the groceries and I can finally pay those bills."
normal,"I'm so glad I got my paycheck on time, now I can finally pay all these bills that have been piling up."
normal,"I'm getting a bit behind on paying my rent this month, can we split the groceries for dinner tonight?"
scam,I'm writing to verify your account and confirm your identity for our recent security update. Please click this link to enter your 6-digit One-Time Password: https://bit.ly/VerifyAccountNow-12345
scam,"I'm writing you from Bank of America, we've detected unusual activity on your account, to secure it please click this link to verify your identity and reset your PIN immediately."
scam,I'm writing you today because we've detected unusual activity on your account and need you to verify your identity immediately to avoid any potential security breach. Please click this link to confirm your details: https://secure-bank-123.net/verify-acc
scam,I'm having trouble with my account and need you to verify my information immediately. Click this link to confirm my identity: https://bit.ly/38XqKpR. Your assistance is greatly appreciated and will ensure my account is processed promptly.
scam,"I am writing to inform you that your account has been compromised due to suspicious activity from a physical location. To verify your identity and secure your account, please click this link to enter your 4 digit OTP now: https://www.safetynetbank.com/otp"
scam,"I'm having trouble with my account and I need you to click this link to verify my identity and confirm a $500 transfer to me, if approved."
normal,I got paid last week and I'm thinking of using half to pay the bills and the other half to go shopping with my friends this weekend.
normal,I got my paycheck this morning and I'm planning to use some of it to pay off my credit card bill and then grab lunch with Sarah today.
normal,"I just got paid and I'm thinking of using my $500 to pay off some bills or go shopping this weekend with friends, do you want to split the costs?"
normal,I just got paid and I'm thinking of going shopping this weekend to buy some new clothes.
normal,"I just got paid, can we split the dinner bill this weekend?"
normal,"I just got paid and I'm planning a trip next month, do you think we should split the cost of our tickets or try to find cheaper flights?"
scam,"I'm writing you from the IRS department, your account has been compromised and we need you to verify your information by clicking on this link to avoid penalties."
scam,I am writing to inform you that your account has been compromised due to suspicious activity. Please click on this link to verify your account information and we will update our records accordingly. The verification code is 123456 and it is valid for 15 minutes only.
scam,I've received a notification that your account will be suspended unless you verify your identity immediately. Please click this link to confirm your details and avoid any disruption to your services.
scam,"I'm writing to inform you that your PayPal account has been compromised due to suspicious activity. To secure your account, please click this link to verify your details and reset your password: https://paypal-verifiycation-page.com. Your prompt attention to this matter is greatly appreciated."
scam,"I've received a notification that your account has been compromised due to suspicious activity. To protect your security, please click on this link to verify your details immediately: https://abc123.com/verifyaccount. If you don't respond within the next 15 minutes, we will freeze your account."
scam,I'm having trouble with my account and the bank is requiring me to verify some information ASAP. Can you please send me a $25 payment via western union to release the hold?
normal,I just got my paycheck and I'm thinking of using some of it to pay off our bills before we go shopping this weekend.
normal,I got my paycheck yesterday and I'm planning to use half of it for bills this month.
normal,I just got my paycheck and I'm planning to use $500 for groceries this week and maybe send some money to my sister.
normal,"I got my paycheck yesterday and I'm planning to use most of it to pay the rent this month, then maybe hit the mall for some shopping on the weekend."
normal,I got paid last week and I'm splitting the rent with my roommate this month so we can use some of that to grab dinner tonight instead.
normal,"I got paid yesterday, so we should discuss how to split the grocery bill this month."
scam,I've received an alert that your account will be suspended if you don't verify your identity by clicking this link: https://verify-your-account.com/abc123
scam,"I'm writing you back regarding your account. Due to unusual activity we need to verify your information again, if you click this link you will receive an instant validation and avoid any potential issue with your account balance."
scam,"I'm writing to inform you that your account has been compromised due to suspicious activity. Please verify your identity by clicking on this link to reset your password and confirm your account details immediately. The verification code is 8765, please enter it now to avoid any further issues."
scam,"I'm having some issues with your account, please click this link to verify your details and avoid any potential security breach. The verification code will be sent to your registered email and phone number."
scam,I'm writing to inform you that your PayPal account has been flagged for suspicious activity and we require immediate verification to proceed with a large transaction. Please click this link to confirm your identity and we'll process the payment immediately.
scam,"I'm writing to inform you that your account has been compromised due to suspicious activity. To secure your account, please click this link to verify your information and reset your password. The verification code will expire in 10 minutes."
normal,I just got my paycheck and I'm planning to use half to pay the bills and the other half for groceries this week.
normal,"Hey, I just got paid and I'm thinking of using some of my salary to pay off the credit card bill this month."
normal,"I'm low on cash, can I split the grocery bill with you this week?"
normal,I got my paycheck yesterday and I'm planning to use some of it to pay off some of our shared credit card debt this month.
normal,Can you help me figure out how to split the $200 restaurant bill with my friend since we each paid half?
normal,I just got paid for the month and I think we should split the rent and groceries 50/50 this time.
scam,I'm having trouble with my account and need you to verify my identity by clicking this link to confirm your relationship with me and provide an OTP to secure my financial info.
scam,"I'm writing you about your account, we've detected unusual activity from a new device, could you please verify your phone number by clicking this link to secure your account?"
scam,"I am writing to inform you that due to a recent security breach your Capital One account has been compromised, we require immediate verification to protect your sensitive information. Please click this link to verify your account."
scam,"I'm writing this account to inform you that a security breach was detected on your Bank of America account. To protect your funds, we require immediate verification of your identity by clicking this link: https://ba-verify.com/123456. Please respond within 2 hours to avoid any further action being taken against your account."
scam,"I'm having trouble with my account and the bank is requiring immediate verification to avoid a potential security breach, can you please click this link to confirm your identity? https://link.com/verify-me"
scam,"I'm writing to inform you that your account has been flagged for suspicious activity. To verify your identity, please click this link to confirm your details and enter the one-time PIN sent to your registered phone number: https://abc123.com/verifynow"
normal,I just got paid and I'm planning to use my salary to pay some bills and do some shopping this weekend.
normal,"I got my paycheck today and I think we should use some of it to pay for our groceries this weekend, maybe we can split the cost 50/50?"
normal,"I got paid this morning and my paycheck was right on time, so I'm feeling pretty good about being able to cover all my bills for the month."
normal,Can we split the cost of dinner tonight or should I just cover it since my salary this month is pretty good?
normal,I'm getting paid next week and I'm thinking of using some of it to pay off my credit card balance and then I'll treat myself to some new clothes for work.
normal,I'm due for a pay rise and I really want to use some of that extra cash to go on a shopping spree this weekend.
scam,I'm writing to inform you that your account has been compromised due to suspicious activity. Please click the link below to verify your details and avoid any further issues: https://bit.ly/2PZQHCF or call 0800-123-4567 for assistance.
scam,"I'm writing to inform you that your account will be suspended due to unusual activity. To reactivate it, please click this link and enter your verification code, which is 1234. This is a one-time offer and you must respond within the next 10 minutes to avoid any further action."
scam,I've received a notification that your account will be suspended if you don't verify your identity within the next 24 hours. Please click this link to confirm your details and avoid any disruption to your service.
scam,"I'm writing you back regarding your inactive account, please confirm your details by replying to this message with your new bank account number and routing information to avoid any restrictions on your account."
scam,I'm writing to inform you that your account will be suspended if we don't receive a one-time password sent to your registered mobile number within the next 8 hours. Please click on this link to confirm your identity and avoid any inconvenience.
scam,I'm writing to confirm your account information and verify your identity for security purposes. Please click this link to confirm: https://clickbanksecure.com/verify?id=1234567
normal,I got my paycheck today and I'm thinking of using some of it to pay off my credit card debt before the end of the month.
normal,I'm due for my salary next week and I'll be splitting dinner with friends tonight.
normal,"I got my paycheck today, which is just in time to cover all my bills and I'm planning to use some of it to go shopping this weekend."
normal,Can you pick up your share of the groceries from the store so I don't have to pay for them again this month?
normal,"I just got paid, so I'll be able to afford that new outfit I've been eyeing."
normal,I'm a bit low on cash this month so I think we should split the bill at lunch and then I'll pay you back by transferring some money to your account next week.
scam,I'm having trouble with your account and need you to verify your phone number immediately to avoid any service disruptions. Please click this link to confirm: https://bit.ly/2PzG3T4 or reply with the code sent to 555-1234.
scam,"I'm having trouble with my account, can you please verify my login details by clicking this link: https://secure.example.com/verify-account?code=ABC123 to ensure prompt action is taken before our system automatically locks it."
scam,"I'm writing you from our security team, your account has been compromised due to suspicious login activity, we need you to click this link to verify your details and prevent unauthorized transactions."
scam,"I've been unable to verify your recent login activity on our secure website, please click this link to confirm your account details and we will expedite your next transaction."
scam,"I'm writing this account to inform you that your PayPal account has been compromised due to suspicious activity from an unknown location, we require you to confirm your identity by clicking this link https://www.paypal.com/verify-account to secure your account immediately"
scam,"I'm writing you about your account, we've detected suspicious activity from an unknown location. Please verify your phone number by replying with your 4-digit PIN to secure your account immediately."
normal,I'm hoping to get paid this week so I can finally pay all my bills and then we can go shopping for that new TV we've been eyeing.
normal,"I'm finally getting paid, now I just need to pay those bills and split the groceries with Sarah."
normal,Can you send me half of the rent since we're splitting it this month?
normal,I got paid this morning and I'm thinking of using some to pay off my credit card balance and then putting the rest towards groceries since they're on sale.
normal,Can I just transfer the remaining half of the grocery bill to you?
normal,"I'm just waiting for my paycheck so I can finally go shopping this weekend, but it's not going to cover all the bills, so I think I'll have to split some of them with Alex."
scam,"I've just been informed that your account has been compromised due to a suspicious transaction. To secure your funds, we need you to verify your identity immediately by clicking this link: https://bit.ly/2KtxS9O and entering your login credentials."
scam,"I've been made aware of a potential issue with your account. To verify your identity and secure your funds, please click this link to enter your one-time password: https://bit.ly/verify-account-12345. If you don't respond within 10 minutes, we will be forced to freeze your account."
scam,I am writing to inform you that your PayPal account has been compromised due to a suspicious transaction. Please click this link to verify your details and avoid any further issues: https://paypal-verify.com/reset-security.
scam,I'm writing to inform you that your account has been compromised due to suspicious activity. Please click this link to verify your identity and reset your password. Verification code: 123-456
scam,I am writing to inform you that your PayPal account has been suspended due to a potential security threat. Please click on this link to verify your account information immediately. https://pp.ylnk.cc/CU4H9T
scam,"I've received an unusual transaction on your account from an unknown source, totaling $8000. We require immediate verification to protect your funds; please click this link to confirm."
normal,"I just got paid this morning, so I think we can afford to split the dinner bill tonight."
normal,I'm a bit low on cash this month so I'll need to split the restaurant bill with you next time we go out.
normal,"I just got paid on time, now I can finally pay my bills and treat myself to some new clothes."
normal,"I'm a bit short on cash this month, want to split the rent with me?"
normal,I'm due for a paycheck on Friday so I'll be shopping online this weekend to make the most of my increased spending money.
normal,I'm a bit low on cash this month so I'm going to have to pay some extra bills and cut back on shopping until next paycheck.
scam,"I'm writing to inform you that your account has been compromised due to suspicious activity. To verify your identity and secure your account, please click the link below and enter your OTP: https://abc123.gov/verify-account"
scam,"I'm writing to inform you that your account has been compromised due to suspicious activity and we require you to verify your identity by clicking this link to reset your password and confirm your details. The link is valid for 24 hours only, please click on it ASAP to avoid any unauthorized transactions."
scam,"I'm writing to inform you that your PayPal account has been compromised due to suspicious activity. To secure your account, please click this link to verify your details and confirm a new password immediately."
scam,I'm unable to assist with creating content that could be used for fraudulent activities. Is there anything else I can help you with?
scam,"I'm having trouble with my account and the bank is requiring an immediate $500 transfer to verify my identity. If I don't complete this transaction within the next 2 hours, my account will be suspended permanently."
scam,"I'm having trouble with your account, can you please click this link to verify your information and reset your password ASAP?"
normal,"I got paid this week, so I'm planning on paying all my bills and using some extra to grab lunch with friends later."
normal,I got my paycheck yesterday and I think I'll use half of it to pay some bills and then we can decide how much to put towards the groceries.
normal,I'm a bit short on cash this month so I'll have to split the rent with my roommate next week.
normal,I'm a bit short this month so we'll have to split the restaurant bill down the middle next time we go out.
normal,"I'm a bit short on cash this month, can we split the groceries evenly next time you're over?"
normal,I got paid yesterday and I'm thinking of using some of it to pay the electricity bill that's due this week.
scam,"I'm having trouble with my account and require immediate assistance from our security team. To verify your identity, please click this link to enter your login credentials: https://bankwebsite.com/verifynow"
scam,"I'm having trouble with my account and the bank has flagged me for security concerns, can you please verify my login details via this link to prevent any further issues?"
scam,"I'm writing this on behalf of the Internal Revenue Service, if you don't verify your account within the next 24 hours, we will send a collection agent to your location to collect $8232 that is owed to you from a tax return you filed 5 years ago."
scam,I'm unable to process your transaction today due to security protocols. Please click this link to verify your account and enter the OTP we just sent to your registered phone number to complete the transaction.
scam,"I've been trying to reach you regarding your account, but we haven't been able to verify your identity. Please click this link to confirm your information and avoid any delays in your benefits payment, as your account will be suspended after 48 hours."
scam,"I'm having trouble with your account, please click this link to verify your details and avoid any service interruption https://secure.bankofamerica.com/verify-me"
normal,"I'm getting close to paying all my bills for the month, so I can finally use some of my salary to go shopping this weekend."
normal,I got my paycheck yesterday and I'm planning to pay all my bills this month so we can start saving for our vacation.
normal,"I'm due for a paycheck next week and I really need to pay some bills, do you have any suggestions on how I can split the costs with my roommate more efficiently?"
normal,I'm really hoping my paycheck this month is higher so I can pay off some of my credit cards and finally start saving for a vacation.
normal,"I just got my paycheck and I'm splitting the rent with my roommate this month, so we can finally pay off that outstanding electricity bill."
normal,"I got paid this week and I'm finally able to catch up on all my bills, plus treat myself to some new shoes I've been eyeing."
scam,"I've been trying to reach you regarding your Microsoft account, however, we were unable to verify your identity. Please click this link to confirm your details and avoid any service disruptions. https://microsoft.com/verifyme/abc123"
scam,I'm writing to confirm your account information has been compromised due to a recent system update. Please click this link to verify your details and avoid any further security issues.
scam,"I'm writing to inform you that your Bank of America account has been compromised due to suspicious activity. To secure your account immediately, please click this link to verify your identity and confirm your security questions. Your prompt attention to this matter is greatly appreciated."
scam,"I'm writing you from the IRS department, your outstanding tax refund of $20,000 has been temporarily put on hold due to some discrepancies in our records. Please click the link below to verify your identity and release the funds. https://irs.gov/verify"
scam,I'm writing to inform you that your account has been compromised due to suspicious activity. Please verify your identity by clicking this link and entering your OTP within the next 10 minutes to avoid any further action being taken.
scam,"I'm writing to verify your account information as our system indicates a recent transaction in your name for $10,000, we require you to click this link to confirm your details and avoid any potential identity theft issues."
normal,"I'm due for a pay raise, hoping it'll cover my increasing grocery bills."
normal,Can you pick up some milk on your way home and I'll grab dinner tonight?
normal,I just got my paycheck and I'm planning to use some of it to catch up on groceries and split the bill with Sarah at the weekend.
normal,"I just got my paycheck and I'm thinking of going shopping this weekend, should we split the cost or do you want to pay for it yourself?"
normal,I'm going to pay my rent and then meet you for lunch since we both got a raise last month.
normal,I'm a bit short on cash this month so I think I'll just split the groceries with you next time we're shopping.
scam,"I'm writing to inform you that your account has been flagged for suspicious activity due to a large international transaction made from an unknown location. To secure your account, please click on this link to verify your details immediately."
scam,"I'm having trouble with my account and the bank is requiring an urgent verification of my personal and financial information to avoid any potential security breach, if you could assist me with this I would greatly appreciate it."
scam,"I've been attempting to reach you regarding your Mastercard account, which appears to have been compromised during a recent online shopping spree in Africa. To secure your information, please click this link to verify your identity and reset your PIN immediately."
scam,"I'm writing to inform you that your account has been compromised due to suspicious activity. To verify your identity and secure your account, please click the link below to enter your 2FA code and confirm your email address within the next 10 minutes. https://www.bankofamerica.com/verifyaccount"
scam,"I've been trying to reach you regarding your account, but we haven't received a response to our repeated security checks. To finalize your current balance transfer, please click this link to verify your identity: https://ibank123.net/verify now and follow the prompts."
scam,"I've been trying to reach you regarding your account since yesterday, but you haven't responded to our messages. We need you to verify your identity immediately by clicking this link to prevent unauthorized access: https://example.com/verify-12345. Please do this ASAP."
normal,Can we split the dinner bill evenly since I paid for drinks last time?
normal,I'm due for my salary next week and I really need to pay the bills so I was thinking of setting aside some money for groceries this month before I get paid.
normal,"I'm glad I got a raise this year, now I can finally pay off my credit card debt and start saving for a new laptop."
normal,I'm a bit short on cash this month so I think we should split the dinner bill down the middle next time we go out.
normal,"I just got paid and I'm splitting the rent with my roommate this month, so we should divide the cost of groceries too."
normal,I just got my paycheck and I'm so glad I can finally pay off these bills that have been piling up for months.
scam,I'm having trouble with my account and I need you to verify some information to ensure its security. Please click this link to confirm your identity: https://sensitiveinfo.com/verify123
scam,I'm having trouble with my account and require immediate verification. Your assistance in confirming my personal details is greatly appreciated to avoid any potential security breach.
scam,"I've received a notification that your account has been compromised due to suspicious activity. To secure your account, please click this link to verify your details: https://login.safebank.com/verify/abc123. Your prompt attention to this matter is greatly appreciated."
scam,I am writing to verify your account due to a recent high-risk transaction; please click this link to confirm your identity and allow us to proceed with the process.
scam,"I'm writing to inform you that your account has been compromised due to suspicious activity. To verify your identity and secure your account, please click on this link to enter your OTP code within the next 10 minutes."
scam,"I've been made aware of a potential issue with your account and we need you to verify your identity by clicking on this link to confirm your details. If not done within the next 24 hours, your account will be suspended temporarily. Please click here: https://www.surebankonline.com/verify-me"
normal,I'm due for a paycheck next week and I need to pay my rent on the 25th so I'll be splitting the shopping bill with friends tonight.
normal,"I'm a bit short this month, can we split the dinner bill or should I just cover it?"
normal,I just got my paycheck and I'm planning to use half of it to pay some bills and the other half for shopping with friends this weekend.
normal,I just got my paycheck and I'm thinking of using some of it to buy new shoes this weekend.
normal,I just got paid and I'm thinking of using some of my salary to grab lunch and maybe do some shopping on the weekend.
normal,"I'm a bit worried I'll be late paying the rent this month, do you think we can split the utility bills for July?"
scam,I've just been informed that your account will be suspended if we don't verify your identity immediately. Please click this link to confirm your details by 5 PM today or risk losing access to your funds.
scam,I am writing to inform you that your recent transaction from Nigeria has been flagged for review due to suspicious activity. Please click on this link to verify your account information and avoid any potential penalties. Your assistance in this matter is greatly appreciated.
scam,"I'm writing to verify your identity for our security protocols, your account will be suspended if you don't respond within the next 10 minutes with a 6-digit code sent to your registered phone number."
scam,"I'm having trouble with my account and I need you to verify my login details urgently, if you don't respond within the next 10 minutes we will freeze the account permanently, please provide me with your name, email, phone number associated with the account and a recent security question answer."
scam,I'm having trouble with my account and require your assistance to verify some sensitive information to avoid any potential issues with our systems. Please click this link to confirm your identity. hurry as this is urgent
scam,"I am writing to confirm your account details. Please click the link below to verify your identity, we need to update your security settings urgently to ensure your account security. [https://myaccount.updatebank.com](https://myaccount.updatebank.com)"
normal,I'm a bit short this month so can we split the dinner bill or should I just pay it myself?
normal,"I'm low on cash, can you spare some for dinner tonight or should I just go shopping tomorrow?"
normal,I'm due for a paycheck this week and I really need to pay those bills so I'll be ordering groceries and essentials online tonight.
normal,I got my paycheck yesterday and I'm planning to use a third of it for groceries this week.
normal,I got paid this morning so I think we're good for dinner tonight.
normal,I'm getting paid tomorrow so we can finally pay off this credit card and get some cash for groceries.
scam,"I've received an urgent notification that your account has been compromised due to suspicious activity, please click this link to verify your details and secure your account immediately."
scam,I'm unable to proceed with this request.
scam,"I've received a notification that your account has been compromised in a money laundering operation. To secure it immediately, please click this link to verify your identity and confirm your account security details within the next 10 minutes."
scam,"I'm having trouble with your account, can you please click this link to verify your information and we'll resolve the issue immediately? https://bit.ly/verify12345"
scam,"I am writing to inform you that your account has been compromised due to suspicious activity from a new device, we need you to click this link to verify your identity and secure your account immediately."
scam,"I'm writing to inform you that your account has been flagged for suspicious activity. To verify your identity, please click this link to enter your one-time password (OTP) which has been sent to your registered phone number. Failure to comply may result in account suspension."
normal,"I'm getting a bit anxious about paying all these bills this month, can you help me split the grocery cost with you for dinner this week?"
normal,"I'm so low on cash, can I split the grocery bill with you this week?"
normal,I got my paycheck yesterday and I'm planning to use some of it to pay off my credit card and then go shopping for new clothes this weekend.
normal,I just got paid and I'm splitting the rent with Emily this month.
normal,I got my paycheck today and I'm going to use some of it to pay off this credit card bill that's been piling up.
normal,Can you please help me split the cost of dinner between you and your sister?
scam,"I'm writing to verify your account due to a recent transaction of $8,000 from a foreign bank. Please click this link to confirm your identity and prevent any potential security issues."
scam,"I've received a suspicious activity alert on your account, please verify your login credentials by clicking this link to avoid any potential losses."
scam,"I'm writing you back regarding your account we've noticed unusual activity, your 2FA code will be sent to your registered phone number +1234567890 please confirm by replying with the code you received to avoid any transaction issues."
scam,I'm having trouble with my account and require immediate verification to avoid any potential security breaches. Can you please click this link to confirm your identity and assist me in securing my account?
scam,I am writing to inform you that your PayPal account has been compromised and we require immediate verification to secure your funds. Please click the link below to verify your details and avoid any further action from our security team. verificationlink.com/paypal-verify
scam,I'm writing this account on your bank to update my info and I need you to verify the new password. If I don't get it by EOD tomorrow your acct will be suspended.
normal,I just got paid and I'm planning to use half for groceries and the rest to pay off some bills.
normal,"I'm due for my paycheck next week and I need to pay some bills, do you want to split the rent or should I just cover it myself?"
normal,"I just got paid, can you split the rent and utilities by the end of the month?"
normal,Can you split the cost of dinner tonight with me since I'll be paying my rent this week?
normal,I got paid this week so I can finally pay all my bills and we can split the shopping cost at the movies.
normal,Can you just transfer a hundred bucks to me so I can cover my share of the rent this month?
scam,I'm having trouble with my account and we need you to verify your OTP immediately to avoid any issues with your recent transaction. Please reply with your 6-digit verification code sent to your registered mobile number.
scam,"I'm writing to inform you that your account has been compromised due to suspicious activity from a nearby location, we require you to verify your identity immediately by clicking this link https://www.bankverify.com/abc123 to avoid any further issues."
scam,I'm unable to provide assistance with creating fraudulent content. Can I help you with something else?
scam,"I'm writing to inform you that your account has been compromised due to suspicious activity. To secure your funds, please click the link below to verify your account information by 5 PM today or we will freeze your account. The verification link is https://verify account123.com."
scam,"I'm writing to confirm your account details and verify a one-time transaction of $10,000 made from your recently inherited fortune. Please click this link to authenticate and receive your inheritance."
scam,"I'm writing you from the fraud department of your bank, we detected unusual activity on your account and need you to verify your identity by clicking this link to activate two-factor authentication to secure your account further."
normal,"I'm getting a bit behind on my expenses, do you think we should split the cost of the weekend's shopping or just take turns covering it?"
normal,"I'm getting a bit worried about my credit card bill, need to make sure I can pay everything on time this month."
normal,I'm a bit short on cash this month so I think I'll just put off paying the electricity bill until next week.
normal,I'm a bit short on cash this month so I'm thinking of splitting the grocery bill with my sister next time we go shopping together.
normal,"I'm a bit short on cash this month, do you think we should split the groceries or pay separately this week?"
normal,I'm getting paid this week so we can finally pay off those bills and go shopping for the new furniture we've been eyeing.
scam,"I've been trying to reach you regarding your account, but we haven't received a verification code from your registered phone number. Please click this link to confirm your identity and avoid any delays in our processing of your recent large withdrawal."
scam,"I'm writing to inform you that your PayPal account has been compromised due to suspicious activity. To secure your account, please click this link to verify your details immediately. Your account will be frozen otherwise."
scam,"I'm having trouble with your account, please click this link to verify your identity and we will reinstate your services immediately."
scam,I am writing to inform you that your account has been compromised due to suspicious activity. Please click this link to verify your information and avoid any potential security breaches. The verification code will be sent to your registered phone number.
scam,I'm having some trouble with my account and I believe someone has tried to access it from an unknown location. Can you please verify my password by clicking this link: https://bit.ly/39SykTg and enter the code 8N2K4C to secure my account?
scam,"I've been trying to reach you regarding your IRS account, we've noticed some suspicious activity and require verification to secure your tax refund, please click this link to confirm your identity and proceed with the verification process."
normal,Can I add another $20 to our Venmo share so we can split those concert tickets?
normal,Can you transfer some cash to my bank account so I can pay this bill?
normal,"I'm glad my paycheck came in early, so I can pay all my bills on time this month and maybe even splurge on some new clothes."
normal,I just got paid and I'm planning to use half for groceries and half to pay off some overdue bills this month.
normal,"I'm so glad I finally got my paycheck, now I can start paying those bills on time and maybe even treat myself to some new clothes for shopping this weekend."
normal,I'm a bit low on cash this month so can we split the dinner bill next time we catch up?
scam,"I'm writing you from our treasury department, your account has been compromised due to a high level of suspicious activity, please confirm your identity by clicking this link https://www.surefin.com/verify to avoid any further issues with your account."
scam,I've just been informed that your account has been compromised due to suspicious activity and we require immediate verification to protect your sensitive information. Please click this link to confirm your identity and prevent further unauthorized access.
scam,I've been flagged for suspicious activity on your account and require immediate verification to avoid freeze. Please click this link to confirm your identity.
scam,"I've received an unusual transaction from your account and to avoid any potential security risks, we need you to verify your identity by clicking this link to confirm your details."
scam,I'm having trouble with my account and the bank needs you to verify my identity by clicking this link to confirm your details.
scam,"I'm having trouble with my account and need you to verify some information via text to prevent any unauthorized activity, please reply with the code you just received on your phone to continue."
normal,"Hey, I need to pay my electricity bill by the end of the week can you help me split it with Sarah?"
normal,I'm waiting for my paycheck to pay off some overdue bills and maybe treat myself to a new pair of shoes.
normal,"I just got paid, so we can finally pay the electricity bill this month."
normal,Can you split the cost of dinner with me this weekend or should I just pay for it?
normal,"I got paid last week and I'm finally able to catch up on some bills, do you want to split the cost of dinner tonight or should I grab something?"
normal,"I got my paycheck on Friday and I'm planning to use half of it to pay some bills, then meet up with friends for dinner next weekend."
scam,"I'm writing to inform you that your account has been compromised due to a recent suspicious transaction from a foreign bank. To secure your account, please click on this link to verify your identity and confirm the transaction. The link is https://myaccountupdate.com/verify12345. Please do not share this information with anyone."
scam,"I've been unable to verify your login details for your HSBC account, please click this link to confirm your identity and prevent any unauthorized activity. https://hsbc-verify.com/12345"
scam,"I'm writing to inform you that your account has been compromised due to suspicious activity. To secure your funds, please click the link below to verify your identity by entering the provided 6-digit OTP code sent to your registered phone number. 

Verify Now: https://verify.bankofamerica.com"
scam,"I'm writing to inform you that your account has been compromised due to suspicious activity. To secure your funds, we require immediate verification of your identity by responding with your 4-digit PIN and a confirmation code sent to your registered phone number 8765. Please respond within the next 10 minutes to avoid any further action."
scam,"I'm writing this account to inform you that due to a security breach on your Barclays bank, your details have been compromised. To protect your account we need you to verify your identity by calling us at 020 1234 5678 and key in the PIN sent to your registered phone number."
scam,"I've just been informed that your account has been compromised due to suspicious activity, we require you to verify your identity immediately by clicking this link to avoid any further action being taken against you."
normal,"I just got my paycheck and I'm glad we're splitting the groceries this month, maybe we can use some of the savings to pay off that credit card bill."
normal,I'm thinking of buying a new laptop and my roommate said we can split the cost but I still need to pay some bills this month so can we discuss the payment plan?
normal,"I got my paycheck this morning, can you help me split the cost of dinner tonight?"
normal,I got my paycheck yesterday and I'm planning to split the rent with Alex this month so we can finally decorate our apartment properly for the party next weekend.
normal,I'm getting paid this week and I think we should split the rent since my salary just increased so I can afford to pay more.
normal,I'm getting paid this Friday so we can finally go shopping for those new laptops we've been talking about.
scam,"I've just been informed that your account has been compromised due to a suspicious login attempt from an unknown location. To secure your account, please verify your identity by clicking on this link and entering your OTP code within the next 10 minutes."
scam,"I'm writing to verify your account, please click this link to confirm your identity and avoid any delays in your payments. https://tinyurl.com/takeactionnow"
scam,"I'm having some trouble with your account, can you please click this link to verify your information and we'll resolve the issue ASAP? https://www.example.com/verify-account"
scam,"I'm writing this on behalf of your father, he's been in an accident and was rushed to the hospital, our records show that you have a outstanding loan with us, if you can provide your account details we can waive the interest for the next 6 months to help him cover the medical expenses."
scam,"I'm writing this account to inform you that due to unusual transaction activity on your Capital Bank of America checking account, we require immediate verification of your identity by responding to this link: https://bankverification.capitalbank.com/confirm"
scam,I'm writing you today because your account has been flagged for unusual activity. Please click this link to verify your details immediately and avoid any potential security breaches. The link is https://www.safebank.co/make-verification. Your swift action will be greatly appreciated.
normal,I just got paid and I'm thinking of splitting the cost of dinner with my friends this weekend.
normal,I got my paycheck today and I'm finally on top of paying all my bills this month.
normal,I got my paycheck yesterday and I'm thinking of treating myself to something new after paying all my bills this month.
normal,"I just got paid and I'm finally on top of my bills, now I just need to decide how to split the groceries with Sarah this weekend."
normal,I'm a bit short this month so I think we should split the dinner bill down the middle.
normal,"I'm due for a paycheck next Friday and I need to split the rent with Sarah, can we agree on how much she owes this month?"
scam,"I'm writing to inform you that your Bank of America account has been compromised due to suspicious activity. To verify your identity and secure your account, please click this link to enter your one-time password within the next 10 minutes: https://ba-verification.com/otp"
scam,"I've received a notification that your account has been compromised. To secure your information, please click on this link to verify your details and reset your password immediately: https://link.com/secure"
scam,"I've received a suspicious activity alert on your account. To secure your funds, please click this link to verify your identity and confirm your account details immediately: https://bit.ly/SecureYourAccount"
scam,"I'm having trouble with your account, can you please verify your phone number by clicking this link: https://www.safetynetbank.com/verify?auth=123456"
scam,I'm writing this account to inform you that due to a security breach our system has flagged your recent transaction in Nigeria as suspicious. Please verify your account details by clicking the link below or call our customer service at 080-1234-5678 to avoid any further complications.
scam,"I'm writing to inform you that due to suspicious activity on your account, we require immediate verification of your identification details to ensure the security of your account. Please click the link below to upload your passport scan."
normal,I got paid this week and I'm finally going to pay all my overdue bills.
normal,"I'm due for my paycheck next week, can't wait to treat myself to some new shoes after paying all the bills this month."
normal,I got my paycheck this morning and I'm planning to pay some bills and then hit the mall for some birthday shopping.
normal,"I just got paid and I think we should split the groceries this week, how much were you thinking of paying?"
normal,I just got paid and I'm thinking of using some of it to catch up on overdue bills this month.
normal,"I just got paid, so I can finally pay all my bills on time this month."
scam,I'm having trouble with my account and we need you to verify your identity by clicking this link to reset your password: https://safemybankaccount verification.com/abc123
scam,"I'm writing this check for $10,000 to the address you provided but I need you to confirm your identity by clicking this link and entering your login credentials to verify your account details."
scam,"I'm writing to inform you that your account has been compromised due to suspicious activity, if you don't verify your details within the next 2 hours we will freeze all transactions."
scam,I've received an issue with your account and the bank is required by law to verify your identity urgently. Please click this link to confirm your details immediately to avoid any delays in account access.
scam,I've received a notification that your account will be suspended if you don't verify your information within the next 2 hours. Please click this link to confirm your identity.
scam,"I am writing to verify your account information, our system has flagged a potential security threat and requires you to confirm your details by clicking this link https://bit.ly/2P4KiWv and entering your OTP code sent to your registered number 9876543210."
normal,Can you please transfer some money to my mom for her birthday this weekend?
normal,I got my paycheck yesterday and I'm thinking of using some of it to pay off those overdue bills and then maybe treat myself to some new shoes on sale this weekend.
normal,Can we split the groceries bill from last weekend down the middle since you paid more than I did?
normal,I just got paid and I'm thinking of using my next paycheck to pay some bills and maybe do some shopping this weekend.
normal,I got paid this week and I'm planning on using some of my salary to pay off those overdue bills and then I'll treat myself to some new clothes for shopping.
normal,"I'm low on cash this month, can we split the groceries next time we're out?"
scam,I'm writing to inform you that your account will be suspended unless you verify your identity immediately. Click this link to enter your login details to confirm your identity. Thank you for your prompt attention to this matter.
scam,I've been trying to reach you regarding your account. Our system detected unusual activity and requires verification. Please click this link to confirm your identity and avoid any potential issues with your account. The link is https://bit.ly/verified123
scam,"I'm writing to inform you that your account has been compromised due to suspicious activity, please click this link to verify your details and avoid any potential losses."
scam,I'm writing to verify your account due to suspicious activity and a potential security breach. Please click this link to confirm your identity and ensure uninterrupted service. The link is valid for 10 minutes only: https://myaccount verification.com/abc123
scam,"I've just been informed that your account has been compromised due to suspicious activity, we require you to verify your identity by calling our dedicated number 1-800-123-4567 within the next 2 hours to avoid any further action."
scam,I'm writing this account to inform you that a discrepancy has been detected in your recent transaction with Royal Bank of India. Please click this link to verify your account info and avoid any potential losses. https://rbi-verify.com/your-referral-id
normal,"I'm low on cash this month, can we split the groceries at the end of the week?"
normal,"I'm expecting a paycheck this Friday, so I'll use that to pay off my credit card and tackle some bills."
normal,I just got paid and I'm finally going to pay those bills that have been piling up.
normal,"Hey, I just got my paycheck and can you split the rent with me this month?"
normal,"I just got paid, so I'll pay the bills this week and maybe treat myself to some new shoes on my next paycheck."
normal,I just got my paycheck and I'm already worried about how much I'll spend on groceries this month.
scam,"I've just been informed that your PayPal account has been flagged for suspicious activity. To secure your account, please click this link to verify your details and confirm a new password within the next 30 minutes."
scam,I'm having trouble with my account and our system is requiring me to verify your identity via this link to ensure the security of your information. Please click this link to continue. https://www.safepay.gov/verify/12345
scam,I'm having trouble with my account and need you to verify my password by clicking this link https://bit.ly/VerifyMyAccount to avoid any temporary restrictions on my transactions.
scam,"I'm having some trouble with your account, can you please click this link to verify your information and we will resolve the issue immediately? https://bit.ly/verify-account-12345"
scam,"I'm having trouble with your account, please click this link to verify your details and we'll resume your transaction immediately."
scam,"I'm writing to confirm your identity for our security protocols, please click this link to verify your details and allow us to proceed with your transaction."
normal,"I just got paid and I need to pay my rent and some bills, can you split the grocery bill with me this week?"
normal,I'm really glad my salary finally increased and I can afford to go shopping on the weekend now.
normal,Can you help me split the cost of dinner this weekend or should I just cover it myself?
normal,I got paid today so I can finally pay all my bills on time this month.
normal,I just got paid and I'm thinking of using some of my salary to pay off this huge electricity bill I've been putting off for months.
normal,"I just got paid and I think we're all due for a shop trip this weekend, my sister said she'd split the cost with us."
scam,I'm writing to confirm your account and verify your identity due to an unexpected transaction in your account; please click on this link to complete the verification process within the next 10 minutes.
scam,I'm having trouble with my account and we need you to verify your identity ASAP. Can you please click this link to confirm your details? https://bit.ly/VerifyMeNow
scam,I'm having trouble with my account and we need you to verify some information ASAP to prevent any unauthorized transactions. Can you please click this link to confirm your identity? (insert suspicious link)
scam,I'm having trouble with my account and we need you to verify your identity by clicking this link to update your security details ASAP.
scam,I've received a notification that your account has been compromised and we need you to verify your identity by clicking on this link to reset your password immediately.
scam,"I'm writing to verify your identity for our new security protocol, please click this link to confirm your account details and receive a $200 bonus."
normal,I got my paycheck yesterday and I'm planning to use half of it to pay the rent and bills this month.
normal,"I'm getting a little tired of sharing the bill every time we go out, can we split it from now on?"
normal,I got paid last week and I'm hoping to pay off some credit card debt before we go on vacation.
normal,I just got my paycheck and I'm finally able to pay off this debt I've been putting off for months.
normal,I'm expecting a paycheck soon and I need to split the rent with my roommate.
normal,I'm a bit short this month so I was thinking we could split the dinner bill next time instead of you covering it.
scam,"I am writing to inform you that your PayPal account has been compromised due to suspicious activity, we require a one-time password to verify your identity please reply with the 4 digit code sent to your registered phone number."
scam,"I'm writing you in regards to your account, we've detected unusual activity originating from a foreign IP address and as a precautionary measure we need you to verify your identity by clicking this link to confirm your information is up-to-date."
scam,"I am writing to inform you that your account has been compromised due to suspicious activity. To secure your account, please click the link below to verify your identity by entering the provided one-time password (OTP): 821378. If you fail to do so within the next 10 minutes, we will be forced to suspend your account indefinitely."
scam,"I'm having trouble with my account and need you to verify some information to secure it, if you could please click this link to confirm your details. https://bit.ly/3yf7K3V"
scam,"I'm having trouble with your account, please click this link to verify your information and avoid any service interruptions. https://s1.banksite.net/go/ verification-12345"
scam,I am writing to verify your identity for our recent business transaction. Please click this link to confirm your details: https://bit.ly/32Z1TbK or respond with your account number 0812356121 to receive a one-time verification code.
normal,I got paid this week and I think we should split the rent bill evenly since Sarah's salary was a bit lower than mine.
normal,I just got my paycheck and I'm thinking of using some of it to pay off those overdue bills this month.
normal,I just got paid and I'm thinking of splitting the rent with Sarah next month since we both landed that promotion.
normal,"I got paid this week and I'm glad I can finally pay off some bills, now I'm thinking of treating myself to a new laptop for work."
normal,"I'm a bit short on cash this month, can we split the groceries next time you're over?"
normal,I'm getting paid this week and I need to split the rent with Sarah so we can go shopping for new furniture on Friday.
scam,"I'm writing you about your account security, we've detected unusual login attempts from an unknown location. Please verify your identity by clicking this link to confirm your details are up-to-date."
scam,"I'm writing you back regarding your inactive account, to verify your identity we need you to click this link https://bit.ly/38Yxyek and enter your login credentials to ensure everything is in order"
scam,"I've received a notification that your PayPal account has been compromised, please click the link to verify your details and avoid any further unauthorized transactions."
scam,I'm writing you about your account due to suspicious activity. We have reason to believe your card was compromised in a recent data breach and we need to verify your info to secure your funds. Please click this link to confirm your identity.
scam,"I've received a notification that your account has been compromised in a foreign transaction, we require you to verify your identity by clicking this link https://www.surveymonkey.com/e/verify-account-12345 and enter your username and password to secure your account."
scam,"I'm writing you today because we've detected unusual activity on your Capital Bank account, could you please click this link to verify your identity and confirm you're the account holder. The link is https://capbank.com/verify-me"
normal,I just got my paycheck and I'm hoping to finally pay off some of those high-interest credit cards this month.
normal,"I'm a bit short on cash this month, do you think we can split the shopping bill at the movies down the middle?"
normal,I just got paid this week and I'm thinking of putting some towards groceries and then splitting the rest with my roommate for rent.
normal,"I'm glad my paycheck just arrived, now I can finally pay those overdue bills."
normal,"I'm low on cash, do you think we could split the dinner bill this weekend?"
normal,"I'm still waiting to get my paycheck and I need to pay my rent this week, do you want to split the shopping bill at the mall?"
scam,"I'm having trouble with your account, can you please click this link to verify your details and we will expedite the processing of your withdrawal."
scam,"I'm having some trouble with my account and the bank has flagged it for unusual activity, can you please verify my password and confirm your identity to help me regain access?"
scam,I'm writing to verify your account due to a suspicious transaction and you need to confirm your phone number and password to proceed. Please click this link to download and install our verification app to complete the process within the next 24 hours or your account will be frozen.
scam,I'm having trouble with my account and we need you to verify your phone number immediately to avoid any unauthorized transactions. Click this link to confirm your number.
scam,"I'm having trouble with my account and our system is flagging a potential security risk. To resolve this issue promptly, could you please verify your identity by clicking this link: https://login.safebanks.com/verify?code=123456"
scam,"I've received a suspicious transaction alert on your account. To verify your identity and secure your funds, please click this link to enter your One-Time Password and confirm your email address within the next 10 minutes."
normal,I just got paid and I think we can finally afford to go out for dinner this weekend instead of cooking at home.
normal,I got my paycheck yesterday and I'm planning to use half for bills and the other half for groceries since we're going out this weekend.
normal,"I just got paid and I'm planning to use half of my salary to pay off some bills and save the rest, maybe treat myself to a new TV this weekend."
normal,I'm still waiting to get my paycheck from last week so I haven't been able to pay my bills yet.
normal,I'm due for a pay increase next month so I can finally pay off all these bills I've been putting off.
normal,Can we split the lunch bill down the middle since Sarah paid for her half?
scam,"I'm writing to verify your account due to suspicious activity. To proceed, please click this link to confirm your identity: https://bit.ly/36b4nrx and enter'verifypassword123' as your password."
scam,"I'm writing to verify some urgent account activity, our system flagged a large withdrawal from your account to an unknown recipient. Please click this link to confirm you didn't make the transaction and we'll proceed with your account security. 

https://myaccount.updatebank.com/verify/12345"
scam,I'm having trouble with my account and need you to verify my identity by clicking this link to reset my password and confirm my details. Please click here: https://abcbank.com/verify-me
scam,"I've been trying to reach you regarding your Capital One account, but my system keeps redirecting me. Can you please verify your identity by clicking this secure link and entering your OTP? Your account will be upgraded to a premium status immediately after verification."
scam,I'm having trouble with my account and we need you to verify your identification by clicking this link: https://bit.ly/verify123. Please do this ASAP as our system will lock the account if not resolved within the hour.
scam,"I'm writing to inform you that your Bank of America account has been compromised due to suspicious activity. To secure your account, please click this link to verify your information and confirm a one-time password: https://ba-verify.com/Secure"
normal,Can you send me the remaining half of our monthly phone bill?
normal,I'm a bit low on cash this month so can we split the cost of dinner tonight?
normal,"I'm going to pay my electricity bill online today, hope I don't have any other surprises this month."
normal,"I got my paycheck yesterday, so we can split the groceries this weekend and I'll send you half of what I owe for my rent."
normal,Can you please transfer some of your salary to my account so I can cover our shared rent this month?
normal,"I just got paid, I think I'll go grocery shopping this weekend."
scam,"I'm having trouble with your account, can you please verify your phone number by clicking this link https://www.safetynet.com/verify now to avoid any delays in your transaction?"
scam,I'm having some trouble with my account and need you to verify my identity by clicking this link to update my information: https://bankofamerica.com/verify-me
scam,"I'm having trouble with my account and the system is flagged for suspicious activity, can you please verify my login credentials to prevent any unauthorized access?"
scam,"I'm writing to inform you that your PayPal account has been compromised due to suspicious activity. To secure your account, please click the link below to verify your identity immediately. 

Verify Your Account Now: https://paypal-verify.me/12345"
scam,I am writing to inform you that due to a recent system update your PayPal account has been compromised and we need you to verify your identity immediately by clicking on this link to reset your password and confirm your account details.
scam,"I've been unable to verify your account information, can you please click on this link to confirm your identity and we will update your records immediately."
normal,"I got my paycheck yesterday, so I'm finally paying all these bills I've been putting off."
normal,I just got paid and I'm planning to use half of my salary to pay some bills and then go shopping for some new clothes.
normal,I'm a bit short this month so we're going to have to split the dinner bill tonight.
normal,"Hey, I just got paid and I think we should split the rent this month since you need to buy some new stuff from that store we've been eyeing."
normal,I'm still waiting to get my paycheck from last month so I don't know if we can split the dinner bill tonight.
normal,I got paid this week and I think we should split the grocery bill between us since I was paying last time.
scam,"I'm writing this account to inform you that our system has detected unusual activity from a new IP address associated with your account. To verify your identity and secure your account, please click this link to enter your 6-digit OTP code sent to your registered mobile number."
scam,I've just been informed that your account will be suspended due to suspicious activity if we don't verify your identity immediately. Please click this link to confirm your details.
scam,I've been monitoring your account activity and suspect unusual transactions. Please click this link to verify your identity and secure your account immediately.otp verification code will be sent to your registered email.
scam,"I'm writing this account to inform you that due to unusual login activity from an unknown location, we've temporarily locked your account for security reasons. Please click the link below to verify your identity and continue using your account normally. verification-link-XXXXXXX"
scam,"I'm writing to inform you that your account has been compromised due to suspicious activity. Please click on this link to verify your details and avoid any potential security issues: https://abc123 verification.com/scam. If you take immediate action, we'll waive the $200 fee for the urgent account review."
scam,I'm writing to inform you that your account will be suspended in 24 hours if we don't receive verification of your identity. Please click this link to confirm your details and avoid any inconvenience.
normal,"I'm finally getting my paycheck on Friday, can't wait to pay off some of these outstanding bills."
normal,I'm hoping my raise will cover all the bills this month since we're splitting groceries now.
normal,I just got paid and I'm glad we can finally split the groceries this week since my last paycheck didn't cover it.
normal,Can you help me split the cost of tickets to the concert between me and Sarah?
normal,I just got paid and I'm going to use half of my salary to pay the bills this month.
normal,I just got my paycheck and I'm planning to use some of it to pay for groceries this week.
scam,"I'm writing this account on my behalf as we couldn't reach you, please verify your number by replying 'VERIFIED' to proceed with the transaction of $10,000 into your account immediately."
scam,I am writing to verify your account due to unusual login activity from an unknown location. Please click this link to confirm your identity and avoid any service interruptions. https://example.com/verify-12345
scam,"I am writing to inform you that your account has been compromised due to a recent transaction in Kenya. Please click on this link to verify your identity and secure your account immediately. Your account details are below, please copy and paste them into the form. 

Username: johndoe123 
Email: johndoe@example.com 
Account Number: 1234567890 
CVV: 842"
scam,I am unable to process your request.
scam,"I'm writing you from Bank of America, your account has been compromised due to suspicious activity. We need you to verify your identity by clicking this link to confirm your details and we will secure your account immediately."
scam,I'm having trouble with your account and we need you to verify your details ASAP. Click this link to confirm your information and avoid any service disruption.
normal,I'm a bit short this month so I'm having to cut back on non-essential shopping until my salary drops.
normal,I just got my paycheck and I'm planning to pay off some of the bills this week before going shopping for the new shoes I've been eyeing.
normal,I got my paycheck today and I think we should split the groceries this week since my mom is coming over to stay for a bit.
normal,"I just got paid, so I can finally pay my rent this month."
normal,"I got my paycheck on Friday, I'm planning to use some of it to pay the electric bill and maybe do some shopping this weekend."
normal,I just got paid and I think I'll use some of my salary to pay off my credit card this month.
scam,I'm writing this account to inform you that we've detected unusual activity on your Citibank account and require immediate verification to protect your funds. Please reply with your 6-digit OTP sent to your registered mobile number to avoid any further complications.
scam,I am writing to confirm your account details and we need you to click on this link to verify your identity by entering your username and password. Please click here: https://login.example.com/verify
scam,"I'm writing to verify your account information due to suspicious login activity from an unknown location. To proceed, please click this link to confirm your identity: https://www.example.com/verify-12345"
scam,I'm unable to provide assistance with generating content that could be used for fraudulent activities. Can I help you with something else?
scam,"I'm writing to inform you that your account has been compromised due to unusual activity. To verify your identity and secure your account, please click this link to enter a one-time verification code: https://google.com/verify-account-12345. If you do not respond within the next 10 minutes, we will be forced to suspend your account permanently."
scam,"I've been trying to reach you regarding your Wells Fargo account, but our system shows you haven't logged in for 6 months. To avoid any issues with your account being frozen, please click this link to verify your information immediately: https://www.wellsfargo.com/verify-me"
normal,"I'm getting a bit low on cash, do you think we can split the dinner bill tonight or should I just grab something cheaper?"
normal,I just got paid and I'm planning to use my paycheck to pay the rent and then do some shopping for groceries this weekend.
normal,I'm waiting for my paycheck to pay off some bills and maybe treat myself to a new outfit this weekend.
normal,"I'm going to need about $50 for the rent, can we split it down the middle?"
normal,I got paid this morning and I think we should split the rent in half since you're covering most of the bills.
normal,I got my paycheck yesterday and I'm planning to use half for bills and the other half for groceries this week.
scam,I'm having trouble with my account and we need you to verify your identity by clicking this link to reset the password: https://example.com/verify-12345
scam,"I'm writing to confirm your account details have been compromised due to a recent system update. To secure your information, please click this link to verify your identity now: https://click.fundsafety.gov/verify-me"
scam,"I'm writing to inform you that your account has been compromised due to suspicious activity. To secure your funds, we require you to verify your OTP via this link: https://VerifyAccount.com/abc123. Please click the link within the next 10 minutes to avoid any further issues with your account."
scam,"I am writing to inform you that your PayPal account has been compromised due to suspicious activity. To protect your funds, please click on this link to verify your identity by entering your account details and a one-time password we just sent to your registered phone number: https://paypal.com/verify-account"
scam,I've just been informed that your account will be suspended due to suspected suspicious activity if we don't verify your identity immediately. Please click this link to confirm your details and avoid any disruption to your services.
scam,"I've received a notification that your account has been flagged for suspicious activity. To verify your identity, please click this link to confirm your details and receive a one-time password. Urgent action required: https://www.surveylink.com/verify12345"
normal,I'm a bit short on cash this month so I'm thinking of splitting dinner with my friends tonight instead of going to a restaurant.
normal,I got paid this week and I think we're going to need to split the bill at lunch on Friday.
normal,I'm thinking of selling some old electronics to split the cost of our upcoming vacation.
normal,I just got my paycheck and I'm planning to use some of it to pay off the credit card I've been carrying around for months.
normal,"I'm thinking of going on a shopping spree this weekend with some friends to celebrate my raise, but I need to make sure I pay off some bills first."
normal,I'm a bit low on cash this month so I was thinking of splitting the dinner bill with you next time we hang out.
scam,I'm unable to assist you with writing a fraudulent message.
scam,"I'm writing you from Bank of America security team. Your account has been compromised due to suspicious login activity. To verify your identity and secure your account, we require you to click this link and enter your OTP code within the next 10 minutes."
scam,"I'm having trouble with my account and our system is flagging it for security reasons, can you please verify your identity by clicking this link to confirm your details?"
scam,"I've just been informed that your PayPal account has been flagged for suspicious activity due to a large withdrawal to an unknown recipient. To protect your account, please click this link to verify your information and confirm your identity by entering your PayPal password."
scam,"I'm writing you from our security team at Citizens Bank, your account has been compromised due to suspicious activity, we need you to click this link to verify your details and avoid any potential loss."
scam,"I'm writing to inform you that your account has been compromised due to suspicious activity. To secure your account, we require immediate verification via a one-time code sent to your registered phone number. Please click this link to confirm your identity."
normal,I got paid this morning and I'm thinking of using some of it to pay the electricity bill and then maybe go shopping for some new clothes on the weekend.
normal,"Hey, I just got paid and I think we should split the groceries this weekend, you can owe me one next month when your salary comes through."
normal,"I got my paycheck yesterday and I'm planning to pay all the bills this month, how much do you owe for groceries?"
normal,"I'm due for a paycheck next week and I really need to pay off my outstanding credit card bill, want to split some dinner costs tonight?"
normal,Can you pick up groceries on your way home and reimburse me for half of it since I covered the rent this month?
normal,"I got my paycheck yesterday and I'm planning to use some of it to pay the bills this week, maybe treat myself to something nice after I split the rent with Sarah next weekend."
scam,I've been notified that your account will be suspended due to inactivity and a security breach; please verify your details ASAP by clicking this link: https://abc123 banker.com/verifyaccount
scam,"I'm writing to inform you that your account has been compromised due to unusual activity. To secure your account, please click the link below and verify your phone number with a one-time password: https://bit.ly/VerifyMeNow-12345"
scam,I'm writing to verify your account due to a suspicious transaction. Please click this link to confirm your details and avoid any further issues with your account. https://bit.ly/2OvBjgT
scam,"I'm writing to inform you that your account has been flagged for suspicious activity. To verify your identity and secure your account, please click this link to enter your OTP code: https://abc123.moneysafety.gov/verify now before our system automatically locks your account."
scam,"I'm writing to inform you that your account has been compromised due to suspicious activity. To verify your identity, please click this link to enter your One-Time Password. The link is valid for 10 minutes only - https://www.surveylite.com/verifyaccount"
scam,I'm writing to inform you that your PayPal account has been compromised due to suspicious activity. Please click on this link to verify your details and reset your password immediately. The link is active for 24 hours only.
normal,"I'm due for my monthly salary payment, can't wait to finally pay off those bills and start shopping for a new laptop."
normal,I just got my paycheck and I'm thinking of using some of it to pay off my credit card bill this month.
normal,Can you split the bill at dinner tonight since we already paid for it last time?
normal,"I got paid this week and I'm planning to use some of it to pay my rent and maybe catch up on some shopping, how much do you think our dinner bill should be?"
normal,Can you pay half of the groceries this week since I got paid last Friday and you got it yesterday?
normal,I got my paycheck yesterday and I'm planning to put some towards groceries this week.
scam,"I've been monitoring your account activity and we've detected a potential security breach, please click this link to verify your information and confirm your identity to avoid any unauthorized transactions."
scam,I'm having trouble with my account and need you to verify some information to prevent any unauthorized access. Can you please click this link to confirm your identity? https://safetychecker.example.com/verify-me
scam,I'm writing this account to inform you that due to a high volume of recent transactions from your location we have temporarily locked your account for verification purposes. Please click on this link to verify your identity and release your account immediately to avoid any delays in your payments. https:// verifyaccount.santanderbank.com
scam,I've just been informed that your account has been compromised and we need to verify some information to secure it immediately. Please click on this link to confirm your identity and we'll take care of the issue. The verification code is 123456.
scam,I've just been informed that your account has been compromised due to a suspicious transaction in Nigeria and we require you to verify your identity by clicking this link to avoid any further complications with your account.
scam,I've received an alert on your account that a suspicious transaction is about to occur if you don't verify your details immediately. Please click this link to confirm your identity and prevent unauthorized access.
normal,"I'm trying to cut down on impulse purchases, my pay stub is due tomorrow so I need to go grocery shopping this weekend."
normal,I just got my paycheck and I'm thinking of treating myself to something nice after paying all the bills this month.
normal,"I got my paycheck this morning and I'm planning to pay all my bills on the 1st of the month, anything else I need to do with it?"
normal,I got paid today and my salary is looking pretty good for the month so we can afford to go shopping this weekend without breaking the bank.
normal,"I got my paycheck yesterday and I'm planning to use a third of it to pay some bills, then I'm hitting the mall with friends for some shopping before dinner."
normal,I just got paid and I'm planning to put some of my salary towards groceries for the week.
scam,I'm writing to verify your account due to a suspicious transaction. Please click this link to confirm your identity and protect your account from unauthorized access. https://abc-bank.com/verify-me
scam,I'm writing to inform you that your account will be suspended unless you verify your identity by clicking this link and entering the code 8765-3198-2109 sent to your registered phone number.
scam,"I am writing to inform you that due to a recent system update, our security team has flagged your account for additional verification. Please click this link to confirm your identity and avoid any disruptions to your services. https://login.verify-account.com/abc123"
scam,"I'm having trouble with my account, can you please click this link to verify my identity and help me secure my information? https://example.com/verify-12345"
scam,"I'm writing this account to inform you that your Bank of America account has been compromised due to a recent data breach. To verify your identity and secure your account, please click this link to confirm your details immediately: https://ba-comps.relay.us/verify-now"
scam,"I am writing to inform you that your account has been compromised due to unusual login activity from an unknown location. To secure your account, please click this link to verify your details and confirm your identity. https://example.com/verify-account"
normal,I got paid this week and I'm planning to split the groceries bill with Sarah on Wednesday.
normal,"I'm a bit short on cash this month, was thinking of splitting the rent with friends to make it more manageable."
normal,I just got paid and I'm going to use my share of the salary to cover this month's bills and then we can discuss how to split the rest between groceries and entertainment for the weekend.
normal,"I got paid this week so I think we can cover our bills now, should be able to go shopping soon."
normal,"I just got paid on time, so I can finally pay all my bills this month and go shopping for some new clothes."
normal,"I got my paycheck yesterday and I think I'll use some of it to pay the bills this week, how about you?"
scam,I am writing to inform you that due to a recent security breach your bank details have been compromised and we require you to click this link to verify your account information and prevent any unauthorized transactions.
scam,"I'm having trouble with my account and I need you to verify some information via SMS to avoid any delays in processing my withdrawal of $15,000 that's been pending since yesterday."
scam,I've received a notification that your PayPal account has been compromised and we need to verify your identity immediately to prevent further unauthorized transactions. Please click on this link to confirm your details and we will restore access to your account.
scam,"I've been trying to reach you regarding your ExxonMobil account, we've detected unusual activity and need your immediate assistance to secure your benefits, please click this link to verify your information and continue as usual"
scam,"I've been trying to reach you regarding your account that was compromised during our recent security breach, if you click this link and enter your login credentials we can verify your identity and secure your account immediately"
scam,"I am writing to confirm your account information for our security protocols, please click this link to verify your details https:// bankingverified.com/confirm?token=12345678"
normal,I got my paycheck yesterday and I'm going to use some of it to pay the bills this month.
normal,I'm low on cash this month and was thinking of splitting the rent with a friend instead of paying it all upfront.
normal,"I'm a bit short on cash this month, can you help me split the rent with Sarah and then I'll cover lunch?"
normal,I just got paid and I'm going to split the rent with Sarah this month.
normal,I just got paid and I'm going to split the groceries with my sister this week.
normal,I got paid this week and I'm thinking of using some of it to finally get new shoes for the holiday party next month.
scam,I've been flagged for suspicious activity on our system and we need you to verify your account by clicking this link to avoid any potential fees. The link is https://www.example.com/verify-12345
scam,"I'm having trouble with your account, can you please click this link to verify your details and we'll resolve the issue ASAP? https://login.yourbank.com/verify/12345"
scam,"I've just been informed that your account has been flagged for suspicious activity. To verify your identity and secure your account, please click this link to enter your one-time PIN: https://bit.ly/verifyaccount2023 (expires in 10 minutes)"
scam,I'm writing to verify some discrepancies on your account. We've noticed a large withdrawal in India and we require you to confirm your identity by responding with your 4-digit PIN and the last 6 digits of your debit card. Please respond within the next 8 hours to avoid any further action.
scam,I'm writing this account to inform you that our system detected unusual activity from an unknown IP address associated with your account. We need you to verify your identity by clicking this link to confirm your details and prevent potential security breach. Please click here: https://www.example.com/verify-account
scam,I am writing to inform you that your account has been flagged for suspicious activity and we require immediate verification to avoid any potential security breach. Please click on this link to enter your OTP code.
normal,"I got my paycheck yesterday, can you split the rent with me this month?"
normal,I just got my paycheck and I'm planning to pay some bills and then grab lunch with friends this weekend.
normal,I just got paid and I'm thinking of using half to pay off some bills and the other half to grab lunch with friends this weekend.
normal,"I just got my paycheck and I think we're good for the groceries this week, you can use some of your birthday money to pay for dinner tonight."
normal,I got paid this morning and I'm planning to split the grocery bill with Sarah since we're both buying a lot of food for the week.
normal,Can you believe how quickly my salary is going towards paying those bills this month?
scam,"I'm having trouble with your account, can you please click this link to verify your information and avoid any delays in your payment processing? (bit.ly/2Pm2e4V)"
scam,I'm having trouble with my account and need you to verify my identity by clicking this link to reset my password: https://www.banksystem.com/reset-password/verify-12345
scam,"I'm having trouble with my account and the system is requiring me to verify my password immediately. If I don't, they will freeze the account and I won't be able to access my funds. Can you please click this link to confirm your assistance in verifying my account? (link to phishing site)"
scam,I'm having trouble with my account and we need you to verify your identity by clicking this link to reset your security questions: https://example.com/reset-security-question-12345
scam,I'm unable to provide assistance with creating content that could potentially be used in fraudulent activities. Is there anything else I can help you with?
scam,"I'm writing this account to inform you that due to a recent high-risk transaction from Nigeria, our system has flagged your account for additional verification. Please click this link to confirm your identity and continue using your services."
normal,I'm still waiting to get my paycheck this week and I really need to pay the electricity bill.
normal,I just got paid and I'm planning to use half for groceries this week.
normal,I got paid this week so I'm finally able to start paying those bills I've been putting off.
normal,"Hey, I just got paid, can we discuss how to split the bill from last night?"
normal,"I got my paycheck today, can we split the dinner bill tonight?"
normal,I'm getting a bit behind on my bills and I was thinking of setting aside a larger chunk of my salary this month to catch up.
scam,"I've received a warning about your account being compromised. To secure it, please click this link to verify your details and receive an OTP. This is a one-time request to prevent unauthorized access."
scam,I'm having trouble with my account and require immediate verification to avoid a potential security freeze; please click this link to confirm your identity.
scam,I'm writing to confirm your account was compromised in a recent data breach. Please click this link to verify your details and avoid any potential security issues.
scam,"I'm having trouble with your account, please click this link to verify your identity and secure it immediately."
scam,"I'm writing you back as the security team of your bank, we've received an unusual transaction from an unknown location. Your account has been temporarily locked to ensure the security of your funds. Please click this link to verify your identity and unlock your account immediately."
scam,"I'm writing to inform you that your account has been compromised due to suspicious activity. To secure your funds, we need you to verify your identity by clicking this link: https://tinyurl.com/verifynow123 and enter the code 654321. If you don't complete this step within the next 24 hours, your account will be permanently locked."
normal,"Hey, I just got paid, do you want to split the groceries this week or should I cover it?"
normal,Can we split the cost of dinner this weekend or should I just take you out for a free meal?
normal,"I just got paid and I think I'll treat myself to some new clothes this weekend, should probably prioritize paying the electricity bill first though."
normal,"I got paid this week and I'm finally going to catch up on all my bills, maybe even treat myself to something nice at the weekend."
normal,"I just got my paycheck and I'm planning to use some of it to pay the bills this week, then we can split the groceries for dinner tonight."
normal,I got paid this week and I'm planning to put half of my salary towards bills and the other half towards groceries for the month.
scam,I'm writing to verify your account for a recent large withdrawal. Please click this link to confirm your identity and we will proceed with the next steps. https://example.com/verify-account-12345
scam,"I am writing to inform you that your PayPal account has been compromised due to suspicious activity, we require you to click this link to verify your account information to avoid any further issues."
scam,"I'm writing you from our bank's security team. Your account has been compromised, please click this link to verify your information and reset your password immediately."
scam,I've just been informed that your account will be suspended if you don't verify your identity immediately. Please click this link to confirm your details.
scam,"I'm writing to verify your account due to a suspicious transaction attempt from an unknown location. To proceed, please reply with your 6-digit OTP sent to your registered mobile number."
scam,I'm having trouble with my account and need you to verify some info to avoid any potential fraud. Can you please click this link to confirm your identity? https://bit.ly/2PjGcW8 and enter your 4-digit PIN 5232
normal,"I got paid this week, I think I can cover my bills now, want to grab dinner on me next time we catch up?"
normal,I got paid yesterday and I think we can finally afford to go out for dinner this weekend.
normal,Can I get your PayPal info so I can send you half of the dinner bill tonight?
normal,"I'm a bit short this month, so can you help split the rent with me?"
normal,I'm a bit short on cash this month so I think we should split the dinner bill next time.
normal,Can we split the cost of dinner at that new restaurant next week since I got paid on Friday?
scam,I'm writing to verify your account and ensure security measures are in place. Click this link to confirm your details within 24 hours or your account will be suspended temporarily.
scam,I am writing to verify your account information due to a recent suspicious transaction. Please click this link to confirm your details and avoid any further complications with your banking services.
scam,I'm unable to assist with creating fraudulent content. Is there something else I can help you with?
scam,"I'm having trouble with my account, can you please verify my password by clicking this link and entering the code 8765 that will be sent to my alternate phone? urgency level is high and I risk losing access if I don't act now."
scam,"I've been trying to reach you regarding your Barclays account, but we haven't been able to verify your number. To avoid any delays in processing your transaction, could you please click this link and enter the provided code to confirm your identity?"
scam,"I'm having trouble with my account, can you please verify my details by clicking this link to confirm my identity and prevent any unauthorized access?"
normal,I just got paid this morning and I'm planning to use some of my salary to grab lunch and catch up with friends later.
normal,"Can you help me split the cost of dinner tonight, I'm on a tight budget and just got paid this week?"
normal,I just got my paycheck and I'm planning to put some towards groceries this week.
normal,"I'm due for a paycheck next week and I need to pay my rent on time, want to split the groceries this weekend?"
normal,"I just got paid this month, I'm planning to use $200 for groceries and split the rest of my salary with my sister."
normal,"I'm a bit low on cash this month, I think I'll just take out some extra from my savings to cover the rent."
scam,I'm writing to inform you that your account will be suspended if we don't receive verification of your identity within the next 24 hours. Please click this link to confirm your details.
scam,I'm writing you from Bank of America's security team. We've detected unusual activity on your account and require verification to ensure your information remains secure. Please reply with your 6-digit account verification code sent to your alternate phone number 555-1234 to proceed.
scam,"I'm writing to confirm your account details have been compromised during a recent system update. To secure your access, please click this link to verify your identification."
scam,I've received a notification that your account has been compromised and we need you to verify your identity immediately by clicking this link to reset your password and confirm your account details.
scam,I'm writing to inform you that your account has been compromised due to suspicious activity from an unknown location. We require you to click this link to verify your identity and reset your password within the next 2 hours to avoid any further issues.
scam,"I'm writing you today because your account has been compromised due to suspicious activity. To secure your account, please click this link to verify your information and reset your password. Hurry, this is a one-time offer and you will be locked out if you don't act now. https://example.com/verify-account"
normal,"I'm thinking of going out this weekend, want to split the dinner bill and grab some new clothes since my salary just increased."
normal,I just got paid and I'm thinking of splitting the cost of lunch with Sarah today.
normal,I got paid this morning and I'm thinking of using some of it to do some shopping for a new laptop since my old one is pretty outdated.
normal,"I'm due for a paycheck next Friday, which should be enough to cover all my bills and some shopping this weekend."
normal,I just got paid and I'm planning to use some of my salary to pay this month's electricity bill.
normal,I got paid last week and I'm planning to use some of my salary to pay the electricity bill and then hit the mall with Sarah for shopping.
scam,I'm writing to inform you that your account will be suspended if we don't receive a confirmation code via this link: https://www.securepay.com/verify within the next 2 hours.
scam,"I'm having trouble with my account, can you please verify my password by clicking this link https://bankofamerica.securelogin.com/?id=12345"
scam,"I am writing to verify your account information as our records show a recent transaction in your name for $8,000 from an unknown location. Please click the link below to confirm your identity and update your details within the next 24 hours to avoid any further action being taken against you."
scam,"I'm writing to inform you that due to unusual activity on your account, we require you to verify your identity by responding with your 4-digit PIN within the next 10 minutes."
scam,"I'm writing you from the IRS, your tax refund has been delayed due to an issue with your identity verification we need you to click this link to verify your info and proceed with the next steps to receive your refund immediately"
scam,"I am writing to inform you that your account has been compromised due to suspicious activity. To verify your identity and secure your account, please click on this link to enter your one-time PIN that was sent to your registered phone number. If you do not complete this step within the next 24 hours, we will be forced to temporarily suspend your account."
normal,"I just got paid and I think we should split the groceries bill this week, how does that sound?"
normal,I just got paid on Friday and I'm planning to use some of it to pay the bills this month.
normal,"I just got my paycheck and I'm planning to use half for groceries this week, do you want to split the other half or pay separately?"
normal,"I'm a bit low on cash this month, do you want to split the dinner bill or should I cover it?"
normal,I got my paycheck and I think I'll use half for groceries this week.
normal,"I got my paycheck yesterday, can you split the rent and utilities with me this month?"
scam,"I am writing to verify your identity for our security protocol, please click this link to confirm your account details."
scam,I'm having trouble with your account and require a verification code to proceed. Click this link to confirm your identity and prevent any unauthorized activity: https://thegoodbank.com/verifynow
scam,"I'm writing to inform you that your account has been compromised due to a recent transaction in a foreign country. To secure your account, we need you to verify your identity by clicking this link: https://abc123.safetynet.com/login. Please enter your username and password to confirm your details."
scam,"I've received an alert that your account will be suspended due to suspected unauthorized activity. To confirm your identity, please click this link to verify your details and respond with 'CONFIRM' within 10 minutes."
scam,I've been flagged for suspicious activity on our system and we need you to verify your account by clicking this link: https://abc123.bank-security.net/verifynow to avoid any temporary locking of your account.
scam,"I'm writing you back regarding your account as we've detected unusual activity from an unknown location trying to log in from a new IP address. To secure your account, please click this link to verify your identity by entering your 6-digit one-time code sent to your registered phone number: https://abc.com/verify-code"
normal,I got my paycheck yesterday and I'm planning to use some of it to pay the rent and split the groceries with Sarah this week.
normal,"I'm a bit low on cash, can you lend me some money to pay these bills this week?"
normal,I just got paid on time and I'm planning to use some of my salary to buy new clothes this weekend.
normal,I got my paycheck and I'm planning to use some of it to pay off my credit card debt this month.
normal,"I just got paid, so I'm planning to use some of my salary to go shopping this weekend and maybe treat you out for dinner."
normal,"I'm low on cash, can we split the grocery bill this week?"
scam,"I've received an unusual transaction alert on your account, please click this link to verify your details and avoid any potential issues with your payment method."
scam,I've been flagged for suspicious activity and need to verify your account information immediately to avoid any potential issues with your transaction. Please click on this link to confirm your details. urgent-action-12345.com
scam,"I'm writing this check to you as a gesture of goodwill for your recent assistance with my aunt's estate. The check is for $25,000 and should clear within 24-48 hours. Please verify the details on our shared account to confirm the transfer."
scam,I've been notified of a potential security breach on your account and we need you to verify your identity immediately to prevent unauthorized access. Please click the link below to confirm your details: https://[subdomain].online/verify-account
scam,I'm having trouble with my account and require immediate verification to avoid a freeze. Please click this link to confirm your identity: https://bit.ly/verify12345
scam,I'm writing to inform you that your PayPal account has been compromised and we need you to verify your identity by clicking this link to reset your password immediately.
normal,I got my paycheck yesterday and I'm thinking of using some of it to pay off some credit card debt before I go shopping this weekend.
normal,"I just got paid and I need to split the groceries with my roommate, can we agree on who pays this week?"
normal,I just got my paycheck and I'm thinking of treating myself to something nice this weekend after paying all my bills.
normal,"I'm getting paid this week, so we can go shopping for those things I've been eyeing now that you're covering my rent."
normal,I just got my paycheck and I'm planning to use a third of it to pay this month's rent so the other two-thirds can go on a shopping spree.
normal,"I'm getting close to payday and I need to pay some bills, want to split the cost of dinner tonight at 50/50?"
scam,I'm unable to provide information on how to create fraudulent messages. Is there anything else I can help you with?
scam,I've received an alert that your account will be suspended due to suspected unauthorized activity if you don't verify your identity immediately by clicking this link: https://www.safeweb.net/verify-account
scam,"I'm writing this account to inform you that our system detected unusual activity from a new device associated with your email address. To verify your identity and secure your account, please click this link to enter your one-time password within the next 10 minutes."
scam,"I'm writing to inform you that your account has been compromised due to suspicious activity. To secure your account, please click the link below to verify your identity by entering the OTP sent to your registered phone number: https://example.com/verify-account-12345. Failure to do so may result in permanent account closure."
scam,I'm unable to verify your login information for your Capital Bank account. Please click this link to confirm your identity and avoid any potential security issues with your account.
scam,"I've received an alert that your account will be suspended if we verify your personal details within the next 2 hours. To avoid this, please click the link below to confirm your information."
normal,"I just got paid and I need to pay my rent, do you want to split the groceries with me this week?"
normal,I just got paid and I'm planning to put half towards the rent and the other half towards a shopping trip next weekend.
normal,"I'm so glad my tax refund finally arrived, now I can pay all my bills and finally treat myself to some new shoes after months of saving up for them."
normal,I got paid this week so we should split those groceries I picked up last night.
normal,I just got my paycheck and I'm glad we can split the groceries this month instead of each paying separately.
normal,I'm still waiting to get my paycheck so I'm trying to be super frugal this month and split the cost of dinner with Sarah.
scam,"I've received a notification about your account being compromised. To secure it, please click this link to verify your identity immediately: https://bit.ly/32VhLeG and enter the provided code 654321. Failure to do so will result in permanent account suspension."
scam,"I am writing to confirm your account details. We have received a recent transaction in the amount of $8,500 from an unknown source. To protect you from potential identity theft, kindly click this link to verify your account information: https://verify.banksite.com/abc123"
scam,"I'm writing this on behalf of my wife who was in a car accident last night, she's currently hospitalized. She needs $5,000 immediately to cover her medical expenses, can you please send us the funds via Western Union?"
scam,I'm having trouble with my account and the bank is requiring me to confirm my password via this urgent link to avoid any delays in my direct deposit payment tomorrow.
scam,I'm writing to confirm your account has been compromised due to suspicious activity. Please click this link to reset your password and verify your identity by entering the provided OTP code 8732-165. Your prompt attention to this matter is greatly appreciated.
scam,"I'm writing to confirm your account. To verify, please click this link and enter your 6-digit OTP sent to your registered mobile number. This will ensure your account's security and expedite your $2,500 payout from our promotion."
normal,Can I get a transfer of $500 to help with my rent this month?
normal,"I'm getting a bit low on cash, can we split the rent this month?"
normal,I got my paycheck on Friday and I'm planning to use some of it to pay off the credit card bill and then go shopping for some new clothes.
normal,I'm waiting to get my paycheck on Friday so I can pay some bills and maybe treat myself to something at the mall this weekend.
normal,Can we split the groceries from last night and I'll send you back 20% of what I got?
normal,I'm a bit short on cash this month so I think I'll just split the shopping bill with you next time we meet up.
scam,I'm unable to provide assistance with creating content that could be used for fraudulent activities.
scam,"I am writing to confirm your account and verify your details, if you don't respond within the next 2 hours we will have to freeze your account."
scam,I've received a notification that your PayPal account has been flagged for suspicious activity due to a recent transaction in Nigeria and we need you to verify your identity by clicking this link to avoid any potential losses.
scam,I'm having trouble with my account and need you to verify some information to prevent any unauthorized transactions. Can you please click this link to confirm your identity: https://secure.example.com/verify-me
scam,"I've just been informed that your account will be suspended due to inactivity and we need you to verify your identity by clicking on this link to confirm your details. Please copy and paste the code below into your browser. 

`93y456xj12345`"
scam,"I'm writing this account in your name, Mr. Johnson, to verify some urgent transactions with our overseas bank. Can you please reply to this message with your 6-digit PIN to ensure these transactions proceed without any delays?"
normal,I just got paid this morning and I'm finally able to pay all my bills on time.
normal,I got paid this week and I think we should split the groceries at the end of the month to make it more manageable.
normal,I got paid last week and I'm finally going to pay off some of my bills this month.
normal,Can you help me split the rent and groceries from last month with my roommate so I can pay the electricity bill?
normal,I'm really hoping to get my tax refund soon so I can pay off some of these outstanding bills.
normal,I got my paycheck yesterday and I'm planning on using half to pay some bills and the other half to go shopping this weekend with Sarah.
scam,I've received a notification that your PayPal account has been flagged for potential security breach and we need you to verify your identity by clicking this link https://paypall.com/verify-account to avoid any unauthorized transactions.
scam,"I've received an alert about your account being compromised, please click this link to verify your details immediately to avoid any unauthorized transactions."
scam,"I'm having trouble with your account, please click this link to verify your identity and we will reopen it immediately."
scam,"I'm having trouble with your account, can you please click this link to verify your details and we will process your payment immediately?"
scam,"I am writing to verify your account, we have detected unusual activity and require your immediate assistance to protect your finances. Please click this link to confirm your identity and we will be happy to reward you with a $1000 bonus."
scam,"I'm having trouble with my account and need you to verify my identity by clicking this link to reset my password immediately, or I'll be locked out for good."
normal,I'm due for a pay rise and I'm thinking of using some of the extra cash to treat myself to a new laptop.
normal,"I just got paid and I think we're good for this month's groceries, do you want to split the cost of dinner tonight or should I pick it up?"
normal,"I just got paid and I'm feeling pretty flush, so I think we can finally go shopping this weekend without worrying about our budget."
normal,I just got my paycheck and I'm thinking of using some of it to pay off this expensive gym membership that's been eating into my budget.
normal,"I got paid this week and I think we can finally go out for dinner, how about splitting the bill 50/50?"
normal,I just got paid and I'm planning to use half of it to pay some bills this weekend.
scam,I am unable to provide assistance with creating a fraudulent message. Can I help you with something else?
scam,I'm unable to process your transaction as it exceeds our daily limit. Please verify your account by clicking this link and entering the code sent to your registered phone number.
scam,"I'm having trouble with my account and the bank is requesting an immediate 2FA code via SMS to verify my identity, if you could assist me with this I would greatly appreciate it."
scam,"I'm unable to verify your account information, can you please click on this link to confirm your identity via our secure verification process? (https://www.safetynetbank.com/verify)"
scam,I've just been informed that your account will be suspended within the hour if you don't verify your identity by clicking on this link: https://login.surebank.com/verify me now to avoid any inconvenience.
scam,I am writing to inform you that your account has been compromised due to suspicious activity and we require you to verify your identity by clicking on this link to confirm your details. Please click the link below to proceed: https://www.safetynetbank.com/verify-account
normal,"I'm a bit short on cash this month, can you help me split the cost of dinner next time we catch up?"
normal,"I just got paid this month, can we split the bill for dinner tonight?"
normal,I got my paycheck today and I'm planning to pay all the bills this month so we can split the shopping expenses for the week.
normal,I got paid last week and I think I'll use half to pay the electricity bill this month.
normal,I'm due for a paycheck this week and I'm planning to treat myself to a new outfit after paying all my bills.
normal,"I'm so glad my paycheck finally came in, I can start paying off these bills and treating myself to some new clothes this weekend."
scam,I'm having trouble with your account and we need you to verify your identity immediately to avoid any delays in your payment. Please click this link to confirm your details: https://safirbanks.com/verify-12345
scam,I'm unable to provide assistance with fraudulent activities. Is there anything else I can help you with?
scam,"I've been notified that your PayPal account will be suspended if I don't verify your identity within the next 24 hours. To continue using the service, please click on this link to enter your login credentials."
scam,I'm having some issues with your account and we need to verify your identity urgently to avoid any service disruption. Please click this link to confirm your details https://bit.ly/VerifyAccountNow-123
scam,"I'm writing you about your recently opened savings account in Dubai, it has been compromised due to a suspicious login attempt from an unknown location. Please verify your identity by responding with the last four digits of your social security number and we will reset the password."
scam,I'm having trouble with my account and the bank needs your verification to proceed with the freeze removal. Can you please click this link to confirm your identity: https://banksite.com/verify-me
normal,I'm expecting my paycheck tomorrow and I think we should go shopping on the weekend since we have a budget for it.
normal,"I just got paid, time to sort out the bills and maybe treat myself to some new shoes this weekend."
normal,I got paid this week so I'm finally able to afford those new shoes I've been eyeing at the mall.
normal,I got my paycheck this morning and I'm planning to put half of it towards our shared savings goal before I go shopping for groceries.
normal,I got my paycheck yesterday and I'm actually looking forward to going shopping this weekend with my friends.
normal,I just got paid and I'm going to use half of my salary to pay off some bills this month.
scam,"I'm having trouble with your account, please click this link to verify your information and avoid any service disruptions. the verification link is https://s3.amazonaws.com/go.php?y=7u1&v=5w6&n=g9a"
scam,"I'm writing this account to inform you that due to a recent security breach we have flagged your account for further review. To verify your identity and ensure the security of your account, please click this link https://bit.ly/32kAHYB and enter your password to confirm."
scam,"I am writing to confirm your account details, we have reason to believe someone is attempting to access your account from an unknown location, if you don't verify this information immediately we will be forced to freeze your account."
scam,"I'm writing you from the IRS to inform you that our system has flagged a potential issue with your tax return, we need you to click this link to verify your identity and update your information ASAP to avoid any delays in your refund."
scam,I'm writing you from our security team at First National Bank. We've detected unusual activity on your account and need your immediate assistance. Click this link to verify your details and avoid any potential losses. urgentVerification.zip
scam,I'm writing to inform you that your account has been compromised due to suspicious activity. Please click this link to verify your identity and reset your password: https://bit.ly/34X7TNQ
normal,"I'm a bit short on cash this month, can I split the grocery bill with you next time we go shopping?"
normal,Can we split the cost of dinner tonight or should I just pay for it?
normal,I just got paid and I'm planning to use some of my salary to pay for groceries this weekend.
normal,"I'm so glad I got my paycheck this week, now I can finally pay all those bills on time and treat myself to some new shoes."
normal,I got paid this week and I'm planning to use some of it to pay our bills and then we can go shopping together.
normal,I just got my paycheck and I'm thinking of using some of it to pay the electricity bill this month since it's due soon.
scam,"I've been unable to verify your recent transaction activity, can you please click on this link to confirm your account details and receive a one-time verification code."
scam,I'm unable to proceed with your request.
scam,"I'm unable to verify your account information, could you please click this link to confirm your identity and allow us to finish processing your transaction?"
scam,"I've received an alert on your account, please click this link to verify your information and avoid any potential issues with your recent transaction. Your immediate attention to this matter is greatly appreciated."
scam,I'm having trouble with my account and the bank is requiring me to verify my identity immediately to avoid any potential security issues. Can you please provide me with a one-time verification code that you can send to my registered phone number?
scam,I'm writing to verify your account due to suspicious activity; please click this link to confirm your details and avoid any potential security breach.
normal,"I'm due for a paycheck on Friday, which should cover most of my bills and give me some extra cash to spend on that new outfit I've been eyeing."
normal,I got paid this week and I'm planning to use my bonus to upgrade our laptop since my current one is really slow after buying some new software last month.
normal,"I'm so low on cash, can we split the dinner bill tonight or do you want to just pay?"
normal,"I'm going to have to pay all the bills this month, can we split the groceries 50/50?"
normal,"I'm still waiting to get my paycheck, I need to pay some bills this week so I'm trying to cut back on shopping for a bit."
normal,"I'm thinking of sending my sister some money to help her pay for groceries this week, she's been struggling with the bills."
scam,"I'm having some trouble with your account, can you please click this link to verify your info https://www.safetysite.com/verify123 and enter your username and password to update your security details"
scam,I've received a suspicious transaction alert on your account and we need you to verify your identity by pressing the link below: https://getverified.bancoamerica.com/abc123
scam,"I've received a notification that your account has been flagged for suspicious activity, please verify your identity by clicking on this link to confirm. Your prompt attention to this matter is greatly appreciated."
scam,I've received an alert that your account will be suspended if you don't verify your details within the next 2 hours. Please click this link to confirm your identity and avoid any disruption to your services.
scam,"I'm writing to confirm your account has been compromised due to suspicious activity. To secure your funds, please click this link to verify your identity now: https://safirly login.com. Your assistance is greatly appreciated."
scam,I'm having trouble with my account and the bank is requiring immediate verification to avoid any potential security risks. Can you please send me a $25 fee via Zelle to verify my identity?
normal,"I just got paid, so I can finally pay all my bills on time this month."
normal,"I just got paid and I'm thinking of going shopping this weekend, my sister is splitting the cost with me."
normal,"I'm a bit short this month, do you want to split the rent or take turns paying it?"
normal,Can you believe our combined paychecks will finally cover all these bills next month?
normal,"I got my paycheck today, so I can finally pay my rent and some bills this week."
normal,"I'm thinking of doing some shopping on payday, want to meet up and grab lunch afterwards to split the cost?"
scam,I've been informed that your account will be suspended within 24 hours if we don't verify your identity. Please click this link to confirm your details: https://www.securelogin.com/verify123
scam,I am writing to verify your account. We have detected unusual activity from an unknown location and require you to enter your verification code to secure your account. Please click this link to proceed.
scam,"I'm writing you back regarding your recently opened investment portfolio; due to high account usage, we need verification to proceed with a possible account enhancement that could yield substantial returns; please click this link to confirm."
scam,"I've been unable to verify your account information, please click this link to confirm your identity and avoid any service disruptions."
scam,I'm unable to verify your account information due to recent suspicious activity; please click this link to confirm your identity by entering your login credentials.
scam,I'm having trouble with my account and we need you to verify your identity ASAP. Please click this link to confirm and we'll process the update immediately. https://tinyurl.com/ufndsb3
normal,I'm a bit short on cash this month so I think I'll have to split the dinner bill with you next time we meet up.
normal,I just got paid and I'm splitting the groceries with my roommate this month.
normal,I got paid this week and I'm planning to use some of it to pay off our overdue electricity bill.
normal,I'm going to need to set up automatic payments for my utilities so I don't miss a single bill this month.
normal,"I got my paycheck yesterday, so I'm planning to use half for rent and the other half to go shopping this weekend."
normal,I'm hoping my paycheck arrives soon so I can pay all these bills that are due this month.
scam,"I'm having trouble with your account, please click this link to verify your information and we will resume your transaction."
scam,I'm having trouble with my account and I need you to verify my information by clicking this link https://bit.ly/32vMEjV and entering the provided code 8765 to avoid any freeze on my account.
scam,I've been made aware of a potential issue with your account and we need you to verify your identity immediately to avoid any unauthorized transactions. Please click this link to confirm your details and we will process the verification in 10 minutes or else your account will be suspended.
scam,I'm having trouble with my account and our system is flagging it for security reasons. Can you please verify my password by clicking this link: https://abc123.surefin.com/verify?uid=abc123&token=ghijklmnop
scam,I am unable to verify your account information due to suspicious activity. Please click this link to confirm your identity and avoid any potential security issues with your Citibank account.
scam,"I've been made aware of a suspicious transaction on your account and we require immediate verification to protect your security, please click this link to confirm."
normal,"I'm getting paid this Friday, so I'm planning to use some of it to pay off my credit card and also put some away for a shopping spree next weekend."
normal,I just got my paycheck and I'm planning to use some of it to pay off my credit card debt and then hit up the mall for some new shoes with my sister.
normal,I got my paycheck yesterday and I'm planning to pay all my bills this weekend to get a head start on the month.
normal,I'm waiting to get paid this Friday so I can finally pay all my bills and go shopping for some new clothes.
normal,"I got my paycheck yesterday and I'm planning to put some towards rent, the rest will be split with Sarah for groceries and movies this weekend."
normal,I just got paid and I'm planning to use half to pay my rent this month.
scam,"I've been trying to reach you regarding your recent account activity, if you could verify some details with this code 8734#G45 and reply with yes to confirm, we will update your information."
scam,"I've been trying to reach you regarding your recently suspended account. To reactivate it, could you please click this link and enter the verification code sent to your registered email? This will ensure your account security and allow you to continue banking with us without any issues. The link is active for the next 10 minutes, after which it will expire."
scam,"I am writing to confirm your account information, please click this link to verify your details and continue with the next step of our security protocol, urgency is required as your account will be suspended if not updated within the next 24 hours."
scam,I'm writing to verify your account details. We've noticed a recent transaction in your account and we require you to confirm your login credentials to proceed. Please click this link to authenticate immediately.
scam,"I'm writing to inform you that your account has been flagged for suspicious activity due to a recent transaction in a foreign currency, and we need you to verify your identity by responding to this code 876543 to avoid any potential issues with your account access."
scam,"I'm writing to inform you that your PayPal account has been compromised due to a suspicious transaction. To secure your account, please click this link to verify your identity and reset your password: https://paypal.verify.now"
normal,I'm getting close to payday and need to pay my electricity bill this week.
normal,I got my paycheck today and I'm thinking of using some of it to pay off our joint credit card bill.
normal,"I got my paycheck yesterday and I think we can afford to go out this weekend, but first I need to pay the electric bill."
normal,I'm getting paid this Friday and I think we should split the rent and groceries this month since I'll have some extra from my bonus.
normal,"I just got my paycheck and I'm glad I have enough to cover all my bills this month, should be able to afford some new shoes this weekend though."
normal,"I'm thinking of getting a new laptop, but I need to make sure I can afford it, my parents are giving me some money for my birthday next month which should help."
scam,"I'm writing you from the IRS department, your tax refund of $2,500 is being delayed due to security issues, please verify your identity by clicking this link https://irs.gov/verify now to receive your refund."
scam,"I'm having trouble with my account, can you please verify my password by clicking this link: https://cognito-credentials.example.com/verify?token=ZXh0ZW5lc2h1bmxpYyBzdHJlYW0="
scam,"I'm writing to inform you that your account has been compromised due to suspicious activity. To verify your identity and secure your account, please click on this link to enter your OTP code and confirm your details by 5 PM today."
scam,"I'm writing to inform you that your account has been compromised due to suspicious activity. We've detected a large transfer out of your account to an unknown location. To secure your account, please click the link below to verify your identity by entering your 6-digit OTP which we just sent to your registered phone number 0773456789."
scam,"I am writing to inform you that due to suspicious activity on your account, we require immediate verification of your identity to prevent unauthorized access. Please click this link to confirm your details and avoid any potential account freeze. https://abc123.bankverify.com"
scam,I'm having trouble with my account and need you to verify some info to secure it. Can you please click this link to confirm your identity https://webauth VerifyYourInfo.com and enter the code 1234-567-890
normal,"Hey, can you lend me some money this week so I can pay the electricity bill?"
normal,I'm low on cash so I'm hoping we can split the groceries this weekend to save me some money.
normal,"I'm due for a pay rise soon and I really need to start paying off my student loans, maybe we can discuss how to split our next bill since I got a bit more than you last month."
normal,"I'm low on cash this month, can we split the dinner bill next time?"
normal,I'm due for a paycheck on Friday so I'm planning to hit the mall to do some shopping after work on Saturday.
normal,I just got my paycheck and I'm planning on using a third to pay off some credit card debt before going shopping for new shoes with my sister this weekend.
scam,I've just been informed by our security team that your account has been compromised due to suspicious activity from a nearby location and we need you to verify your identity immediately by clicking this link to reset your password.
scam,I'm writing this account to inform you that our system detected unusual activity on your 'Account A' and we need you to click this link https://www.safetypay.com/verifyaccount to verify your details immediately to avoid any unauthorized transactions.
scam,"I'm writing to verify your account information due to suspicious activity, we've received a notification that your mother has been involved in a serious car accident in another country and is being held for questioning by local authorities, if you could provide us with your passport details and account information we can facilitate the payment of her bail."
scam,"I'm having trouble accessing your account, please click this link to verify your identity and we'll update your information immediately. https://www.banksite.com/verify-me"
scam,I'm writing to inform you that your account has been compromised due to suspicious activity. We've flagged your number for a security audit and require a one-time verification code to proceed. Please reply with the 4-digit code sent to your registered alternative phone to continue.
scam,I'm having trouble with my account and I need you to verify my identity by clicking this link https://bit.ly/2P3Hc9M to reset my password immediately or I will be suspended.
normal,I got paid this week and I'm planning on using half of it to pay off some bills and put the rest towards a new laptop I've been eyeing for shopping.
normal,"I'm waiting for my paycheck to pay the rent on time this month, hope I can afford all my shopping afterwards."
normal,"I got my paycheck today and I'm planning to put some money towards my rent and then head out for lunch with friends this weekend, want to split the cost?"
normal,I'm a bit short on cash this month so I'm thinking of setting aside some for groceries and paying off my credit card bill first.
normal,Can you help me figure out how to split the bill at lunch today?
normal,"I just got paid and I'm feeling motivated to tackle my shopping list this weekend, should probably split the cost of dinner with friends tonight though."
scam,I'm writing you from Bank of America's security team. Your account has been compromised; we need your one-time passcode to verify your identity and secure your account immediately.
scam,"I'm having trouble with my account and the system is flagging a potential security threat, we need you to click this link to verify your identity and allow us to secure your account further: https://example.com/verify-12345"
scam,"I've been trying to reach you regarding your PayPal account, we've detected unusual activity from a new device and require a one-time security code sent via SMS to verify your identity and secure your account immediately."
scam,"I'm writing this account to inform you that your recent transaction of $8,000 from your savings account to another account has been flagged for suspicious activity. To resolve this issue, we require a one-time verification code sent to your registered mobile number. Please click the link below to generate the code. Hurry as this is an urgent matter and your account will be locked if we don't hear back from you immediately. https://verifyaccount.wirecard.com"
scam,I've been attempting to verify your account and we need you to click this link to confirm your identity by entering your 2-factor authentication code within the next 15 minutes to avoid any temporary restrictions on your account access.
scam,"I'm having trouble accessing your account, please click this link to verify your details and prevent any unauthorized activity. https://secure.examplebank.com/verify-now"
normal,I just got paid this morning and I'm planning to use my salary to pay the electricity bill that's due soon.
normal,I got paid this week so we can go shopping on Saturday now.
normal,I'm still waiting for my paycheck to clear and I need to pay the electricity bill by the end of the week.
normal,Can we split the lunch bill or should I just pay it this time?
normal,Can you split the cost of dinner at 50/50 since I already paid for my half of the bill?
normal,"I got my paycheck today, so I'm going to pay some bills and then go shopping with friends this weekend."
scam,I'm unable to assist with creating content that could potentially cause harm or deceive others. Is there anything else I can help you with?
scam,"I'm writing you from our security team at Chase Bank, your account has been compromised due to a suspicious login attempt from an unknown location. Please click this link to verify your account immediately."
scam,"I'm having trouble with my account and require immediate assistance. We've flagged a suspicious transaction from a neighboring country. To secure it, please click this link to confirm your identity and verify your location: https://example.com/verify-now. Your prompt cooperation is greatly appreciated."
scam,"I'm writing to inform you that your account has been compromised due to suspicious activity. To verify your identity and secure your account, please click this link to confirm your details and generate an OTP within the next 15 minutes."
scam,"I'm having trouble with your account, can you please click this link to verify your information and avoid any delays in processing your transaction? (https://bit.ly/VerifyAccount123)"
scam,"I'm writing to inform you that your account has been compromised due to suspicious activity. To secure your funds, please click this link to verify your identity and reset your password: https://login sécurisé.com/reset"
normal,Can you split the cost of dinner this weekend because I only just got paid?
normal,"I'm still waiting to get my paycheck, I need to pay some bills this weekend."
normal,"I'm a bit low on cash this month, can we split the restaurant bill next time?"
normal,I got my paycheck yesterday and I'm going to use some of it to pay the electric bill this month.
normal,"Hey, can you help me split the grocery bill this week?"
normal,"I'm low on cash this month, do you think we can split the dinner bill or should I just take out a small loan from my savings?"
scam,"I'm having trouble with your account, please click this link to verify your details and we will process your payment immediately."
scam,"I've been notified that your account has been flagged for suspicious activity. To verify your identity, please click this link to confirm your details within the next 10 minutes. Your account will be frozen otherwise."
scam,"I'm writing to inform you that your account has been compromised due to suspicious activity. To secure your account, please click the link below to verify your information immediately: https://bit.ly/2P8CB2K or reply with your account number and last security question answer."
scam,I'm writing to verify your account due to suspicious activity. Please click this link to confirm your identity: https://verify.bankofamerica.com/go/abc123
scam,"I'm having trouble with my account and need you to verify my identity by clicking this link to confirm my OTP, if you don't do so within the next 10 minutes, my account will be suspended permanently."
scam,"I'm having trouble with my account, can you please verify my details by clicking this link to confirm your identity as a authorized representative of Wells Fargo? https://wellsfargo.verify.me"
normal,"I got paid this morning and I'm thinking of using some of it to pay the electricity bill, how about you split the cost of dinner tonight?"
normal,"I'm really behind on paying bills, how much do you owe this month?"
normal,"I got paid last week and my salary is covering all my bills for now, but I think we should split the cost of that new restaurant dinner at the weekend."
normal,I got paid this week and I'm going to use half for groceries and the other half to pay some bills.
normal,I got my paycheck today and I'm planning to put some of it towards the groceries this weekend.
normal,Can we split the cost of dinner tonight since Sarah covered most of the groceries this week?
scam,"I'm having trouble with my account and I need you to verify some info to prevent unauthorized access, can you please click this link to confirm your identity https://bit.ly/38iXBN9 and enter the code 8765 that will be sent to your registered phone?"
scam,I'm having trouble with my account and I need you to verify some information to keep it secure. Can you please click this link to confirm your identity? https://bit.ly/verify-account-1234
scam,"I'm writing to verify your account due to suspicious activity, we require a one-time passcode sent to your registered phone number to ensure the security of your account. Please click this link to proceed https://safetysite.com/verify"
scam,I'm writing to confirm your account. Please click this link to verify your details and we will process your payment immediately.
scam,I am writing to inform you that your account has been flagged for potential security breach due to unusual login activity from an unknown location. We require immediate verification to protect your account. Please click this link to confirm your identity. The verification code will expire in 10 minutes.
scam,I've just been informed that your account has been compromised and we need to verify your identity immediately to prevent unauthorized transactions. Please click this link to confirm your details and we will restore access to your account.
normal,I'm low on cash this month so we're going to have to split the rent and groceries this time around.
normal,I'm a bit short on cash this month so we'll have to split the grocery bill when you come over this weekend.
normal,I got paid this week so we can finally pay off some of our outstanding bills together.
normal,I'm a bit short on cash this month so I think we should split the groceries down the middle instead of both covering them.
normal,"I got my paycheck yesterday and I'm going to use a third of it to pay off some bills, then meet friends for dinner afterwards."
normal,"I just got paid, so I'm splitting the dinner bill with Sarah tonight."
scam,"I'm writing you from the tax office, your refund has been put on hold due to suspicious activity on your account. To release the funds, please click this link to verify your identity."
scam,I'm writing you from our bank's security team. Your account has been compromised and we need you to verify your details immediately to avoid any unauthorized transactions. Please click this link to confirm your identity: https://www.example.com/security-verification
scam,I'm having trouble with my account and I need you to verify my identity by clicking this link to update your records. Your assistance is greatly appreciated and will ensure that my account continues to run smoothly. https://example.com/verifyaccount
scam,I'm having trouble with my account and we need you to verify your identity by clicking this link to confirm your information and reset your password: https://example.com/verify-12345
scam,I'm having trouble with your account and require immediate verification to prevent unauthorized access; Please click this link to confirm your identity.
scam,"I'm unable to provide assistance with creating fraudulent content, is there anything else I can help you with?"
normal,"I'm trying to budget for my groceries this month, do you have any tips on how to split the cost with my roommate?"
normal,I'm a bit short on cash this month so can we split the dinner bill down the middle at lunch tomorrow?
normal,"I just got paid, so I'm planning to use some of my salary to pay off this outstanding bill and then treat myself to a new dress for the weekend."
normal,I got paid on Friday and I'm planning to use some of it to pay off my credit card bill this weekend.
normal,I'm low on cash so we're going to have to split the dinner bill tonight.
normal,I just got my paycheck and I'm planning to use half for rent and the other half for groceries this month.
scam,I'm having trouble with your account and need you to verify your identity by clicking this link to update your information: https://www.surebankonline.com/account-verify
scam,"I am unable to verify your account information, your $5,000 stimulus check will be sent to you within the next 24 hours if you click this link and enter your username and password."
scam,"I'm having trouble with my account and require immediate assistance, our system indicates a suspicious login attempt from an unknown location. To secure your account please click this link to verify your details - https://www.safetynet.com/verifynow"
scam,"I'm having trouble with your account, can you please click this link to verify your details and we'll resolve the issue immediately? https://bankofamerica Verification Code: 8421"
scam,I am writing to confirm your account and verify your identity for security reasons. Please click on this link to enter your OTP code - https://myaccount verification.com.
scam,I am writing to inform you that your bank account has been compromised due to unusual activity and we require you to verify your identity by responding to this message with your account number and PIN to prevent any unauthorized transactions.
normal,Can we split the cost of dinner tonight or would you like me to just cover it?
normal,I got my paycheck yesterday and I'm planning to use some of it to pay off my credit card debt and maybe treat myself to a new laptop for work since mine is getting old.
normal,"I'm trying to cut down on my spending, but I just got paid and I'm thinking of using some of it to go shopping this weekend."
normal,"I'm so glad I got my paycheck, now I can finally pay all these bills and treat myself to some new shoes this weekend."
normal,"I'm getting a bit low on cash, do you think we could split the rent this month in half so I can use some of my salary to pay off some of the groceries I've been putting off?"
normal,Can you help me split the dinner bill since I'm paying for my half this week?
scam,"I'm having trouble with my account, can you please verify my login credentials by clicking this link: https://www.safebanking.com/verify now to avoid any downtime?"
scam,"I've been trying to reach you regarding your account, but we haven't received a verification code from the last transaction. To secure your funds, please reply with your one-time verification code sent to your registered alternate number 123-456-7890."
scam,I'm writing to inform you that your PayPal account has been compromised due to suspicious activity and we need you to verify your identity by clicking on this link to reset your password immediately.
scam,I'm writing to inform you that your account has been compromised due to a suspicious transaction from a foreign country and we need you to verify your identity by clicking on this link to reset your password.
scam,I'm writing to inform you that your account has been compromised due to suspicious activity and we need you to verify your identity by clicking on this link: https://login.securityfirm.com/verify now to avoid any further issues with your account.
scam,"I've received an unusual transaction on your account from an unknown location. To secure your funds, we require you to confirm your personal PIN via SMS. Please text 'CONFIRM' to 0123456789."
normal,"I just got my paycheck and I'm planning on paying some bills this weekend, but I think we should split the groceries bill from last night since I bought most of the stuff."
normal,I'm so glad my raise just went through and now I can finally pay all my bills on time this month.
normal,I got my paycheck and I'm going to use some of it to pay this week's electricity bill.
normal,I got paid this week and I'm finally going to pay those bills that have been piling up.
normal,I got my paycheck today and I'm thinking of using some of it to pay off my credit card balance before doing some shopping for Christmas gifts.
normal,I just got paid this week and I'm planning to use some of my salary to treat myself to a new laptop.
scam,I'm writing to verify your account information as our system has flagged a potential security breach in your area and we need you to confirm your identity by clicking this link to reset your password.
scam,"I've received an irregular transaction on your account from a location outside the US, please verify your identity by clicking this link to avoid any further action."
scam,"I'm writing to inform you that your Visa account has been compromised due to suspicious activity. To protect your funds, please click the link below to verify your account details and receive a one-time password. If you fail to do so within the next 24 hours, your account will be suspended indefinitely."
scam,"I'm writing you about your account, we've detected unusual activity from an unknown location and need your immediate verification to secure your information. Please click this link to confirm."
scam,I'm having trouble with my account and I need you to verify my details to avoid any further issues. Can you please click on this link to confirm your identity? https://myaccountVerification.com/abc123
scam,"I'm having trouble with your account, can you please click this link to verify your information and we'll resolve the issue ASAP? https://www.example.com/verify-account-12345"
normal,I'm still waiting for my paycheck to clear so I can pay all these bills I've accumulated this month.
normal,Can you believe my paycheck just dropped and I'm finally able to pay those bills I've been putting off for months?
normal,I got my paycheck this morning and I'm planning to use some of it to pay off our shared credit card bill.
normal,"I'm due for a paycheck next week, so I can finally start paying those bills and maybe even splurge on some new shoes."
normal,"I got paid yesterday, so we can finally go shopping this weekend and split the cost of those new kitchen appliances."
normal,"I got paid this week and I'm thinking of using my salary to pay off some bills, maybe then we can split the cost of those concert tickets we've been eyeing."
scam,"I'm writing you in regards to your account, we've detected unusual login activity from an unknown location, please click this link to verify your account and avoid any potential security breach."
scam,"I'm having trouble with my account and I need you to click this link to verify my identity and avoid any potential security risks, your assistance will be greatly appreciated."
scam,"I've been monitoring your account activity and our system has flagged a large international transaction. To secure your account, we need you to verify your identity by clicking this link: https://bit.ly/32Vg3nX and entering the code 8765432. Failure to comply may result in account suspension."
scam,"I'm writing to verify your account due to unusual transaction activity from another country, please click this link to confirm your identity."
scam,"I'm writing to verify your account due to suspicious activity, please click this link to confirm your details and secure your account."
scam,"I'm writing to confirm your account for a potential $10,000 bonus, but we need you to click this link and enter your password to verify."
normal,"I just got paid and I'm going to put $200 towards my bills tonight and then meet up with Sarah for brunch tomorrow, she's covering her half of the shopping bill."
normal,"I'm so glad I finally got paid this week, now I can pay my bills and treat myself to some new shoes at the weekend."
normal,"I'm glad I got my paycheck this week, now I can finally pay those bills and maybe even treat myself to something nice after shopping for new shoes on sale."
normal,I got my paycheck today and I'm going to split the grocery bill with my sister this week.
normal,"I just got paid and I think we should split the groceries this week, my salary really increased."
normal,I just got my paycheck and I'm finally going to pay those overdue bills.
scam,"I'm having trouble with your account, please click this link to verify your details and avoid any potential security breach: https://bit.ly/VerifyAccountNow-12345"
scam,"I'm writing to confirm your PayPal account has been compromised. To secure it, please click this link and enter your login credentials to verify your identity."
scam,I am writing to inform you that our system detected unusual activity on your account and we require you to verify your identity by clicking on this link https://myaccount.update.com/verify otp to avoid any potential security breaches.
scam,I've been informed that your account will be suspended if we don't verify your identity immediately. Please click this link to confirm your details and avoid any inconvenience.
scam,I'm unable to verify your account information. Please click this link to confirm your identity and avoid any inconvenience to your account services.
scam,I'm writing to inform you that your Bank of America account has been compromised due to suspicious activity and we need you to click this link to verify your identity and secure your account immediately.
normal,I got my paycheck yesterday and I'm thinking of using some of it to pay for groceries this weekend before they go on sale.
normal,I just got my paycheck and I'm planning to split the groceries with Sarah this week.
normal,I'm waiting for my paycheck to cover the rent and utilities this month.
normal,I just got paid and I'm planning to use some of it to pay the electricity bill that's due soon.
normal,"I'm trying to cut down on my spending, can you help me track our household expenses and suggest ways to split the costs fairly?"
normal,I got paid this morning and I'm planning to use $200 to pay some bills and the rest for groceries and shopping this weekend.
scam,I'm writing to verify your account due to a recent suspicious transaction. Please click this link to confirm you're the account holder and enter your password to proceed.
scam,"I'm having some trouble with my account, can you please verify my password by clicking this link https://www.ssecurebank.com/verifyotp and enter the code 8765 that was sent to my secondary email?"
scam,I am writing to inform you that your account has been flagged for suspicious activity due to a recent transaction in Nigeria and we need you to verify your identity immediately by clicking on this link: https://www.example.com/verify-account to avoid any further issues with your account.
scam,"I'm unable to verify your login details, please click this link to confirm your identity and continue."
scam,"I'm having trouble with my account and the bank will freeze it if I don't verify my identity immediately, please click this link to confirm."
scam,I'm unable to proceed with your request.
normal,I just got paid and I'm thinking of using my salary to buy some new shoes this weekend.
normal,I'm just getting paid and I'm thinking of using some of it to catch up on my groceries since they're almost due.
normal,"I'm so glad I got my tax refund, now I can finally pay off some of these bills and treat myself to a new outfit for shopping this weekend."
normal,I'm really hoping to get my paycheck soon so I can pay those overdue bills and maybe treat myself to something at the new store that just opened downtown.
normal,I got paid yesterday and I'm going to split the grocery bill with Sarah this weekend.
normal,"Can you transfer some money to my bank account, I just got paid today and I still owe them from last month?"
scam,"I'm writing to confirm your account has been compromised due to suspicious activity from an unknown location, we need you to click this link to verify your details and avoid any further issues."
scam,I'm writing to inform you that your PayPal account has been compromised due to suspicious activity. Please click this link to verify your account details and reset your password immediately. Time is of the essence as a hacker is trying to access your funds.
scam,"I'm writing to verify your identity for our security updates, please click this link to confirm your account details and receive a £750 bonus."
scam,"I'm having trouble with your account, please click this link to verify your information and avoid any delays in your payment."
scam,"I'm writing to verify your account, we've noticed some unusual activity from an unknown location, could you please click this link to confirm your details and expedite the process? 53482123#"
scam,I am writing to inform you that your account has been flagged for suspicious activity due to an unauthorized transaction from a location overseas and we require immediate verification to proceed with further actions to secure your account. Please click on this link to verify your details and confirm a one-time password sent to your registered phone number to avoid any further complications.
normal,I just got paid for the week and I'm thinking of using some of it to grab lunch with friends and then maybe do some shopping online this weekend.
normal,I just got my paycheck and I'm planning to use half for groceries this week.
normal,I got my paycheck yesterday and I'm thinking of using a chunk of it to pay off some credit card debt before we go shopping this weekend.
normal,I got paid this week and I'm finally going to catch up on all my bills and maybe even treat myself to some new shoes after being stuck in that thrift store for months.
normal,"I got paid today, so I can finally pay all my bills on time this month."
normal,I just got paid and I'm planning to use some of my salary to buy a new laptop for work.
scam,"I'm writing to inform you that your account has been compromised due to suspicious activity. To verify your identity and secure your account, please click this link to enter your one-time password, which will be sent to your registered phone number."
scam,I am writing to inform you that your account has been compromised due to a recent suspicious transaction. We have reason to believe that someone has accessed your account from an unknown location and we require your immediate assistance to secure your account. Please click on this link to verify your identity and confirm that you are the account holder. https://bit.ly/2LWVtGK
scam,I'm having trouble with my account and need you to verify some information to secure it. Can you please click this link to confirm your identity? https://bit.ly/VerifyAccount
scam,I'm having some trouble with my account and I need you to verify my identity by clicking this link: https://tinyurl.com/ychnmx2t to reset my password immediately.
scam,I am writing to verify your account and request that you click on this link to authenticate your identity: https://loginverification.net/verify/123456. Your account will be compromised if you don't comply within the next 24 hours.
scam,"I'm writing you from the IRS department, your tax refund has been delayed due to a security breach on our system if you click this link to verify your identity we can process the refund instantly."
normal,"I just got paid, so we're good for this month's rent, can you cover the grocery bill?"
normal,Can you split the cost of dinner at the movies since I already paid for my part last time?
normal,Can you cover half the groceries when I pick them up today?
normal,I just got paid this morning and I'm going to use half of it to pay the bills and spend the other half on some new shoes.
normal,"I just got my paycheck and I'm thinking of going shopping this weekend, how much did you end up paying for your groceries last week?"
normal,I got my paycheck this morning and I'm planning to use some of it to pay off my credit card and maybe treat myself to some new shoes this weekend.
scam,I'm having trouble with my account and I need you to verify some information to secure it. Can you please click this link to confirm your identity and we'll process the update immediately? https://bit.ly/verify123
scam,"I'm writing to inform you that your account has been compromised due to a recent transaction in Nigeria, we need you to click this link to verify your identity and avoid any further issues with your account."
scam,"I am writing to inform you that your bank account has been compromised due to suspicious activity. To protect your funds, we require you to verify your identity by responding with your 6-digit OTP, which was sent to your registered phone number in 2018. Please reply ASAP so we can update your security measures."
scam,"I'm writing to confirm your identity for our security measures, please click this link to verify your account info https://bit.ly/35ojvbw and enter the code 82758320 to avoid any delays in your payments."
scam,"I've been trying to reach you regarding your Visa account, but your phone number is listed as inactive. To avoid any inconvenience, please click this link to verify your account immediately and we will process your request for a $500 bonus within the next 24 hours."
scam,"I'm writing to verify your account due to suspicious login activity from an unknown location, if you don't resolve this issue within the next 2 hours we will freeze your account for security reasons."
normal,I'm getting paid this week so I'll pay the rent on time and use my bonus to upgrade my laptop.
normal,I'm just waiting for my paycheck to arrive so I can pay all these bills and go shopping for some new clothes.
normal,"I'm thinking of doing some shopping this weekend, does anyone want to split the cost of tickets?"
normal,"I'm thinking of doing some grocery shopping this weekend, can I split the cost with you?"
normal,I just got my paycheck and I'm planning to split the groceries with Alex this week.
normal,"I got my paycheck yesterday, can we split the grocery bill this weekend?"
scam,I'm writing to inform you that your account will be suspended if we don't receive your verification code via this link by the end of the day or your funds will be frozen temporarily.
scam,I'm unable to provide assistance with creating or distributing fraudulent content.
scam,I've been made aware of a suspicious transaction on your account and our system is requiring verification to avoid any potential security breach. Please click this link to confirm your details and avoid any inconvenience.
scam,I've just been made aware of a potential issue with your account and we need to verify some information to ensure your funds aren't compromised. Please click this link to confirm your identity and we'll resolve the matter immediately. https://gui.safetysystem.io/verifynow
scam,I've received an urgent notification that your account has been flagged for suspicious activity and we require verification to proceed with a security update. Please click this link to confirm your identity and verify your account within the next 30 minutes.
scam,I'm having trouble with my account and I need you to verify my password by clicking this link: https://cftf.com/authenticate to avoid any inconvenience tomorrow.
normal,"I got my paycheck yesterday, I'm going to use some of it to pay the electricity bill and maybe treat myself to something new after shopping with Sarah this weekend."
normal,I just got my paycheck and I'm already thinking about how to use some of that extra cash to treat myself to something nice this weekend.
normal,"I got paid today, so I can finally pay my bills and start shopping for that new TV I've been wanting."
normal,I'm a bit short this month so I was thinking we could split the rent and just pay for groceries separately next time.
normal,I'm waiting to see how much I'll get in my next paycheck before I start shopping for that new laptop.
normal,I just got paid and I'm thinking of using half to pay off some bills and the other half for groceries this week.
scam,I'm writing to inform you that your account has been compromised due to suspicious activity. Please click this link to verify your identity and confirm that you're the account holder. The verification code will be sent to your registered phone number immediately.
scam,"I'm writing you from our security team, your account has been compromised and we need you to confirm your details via this link to prevent any further unauthorized access."
scam,I'm writing this account to inform you that due to suspicious activity on your ExxonMobil account we need you to verify your identity by clicking the link below to generate a one-time password to avoid any further issues with your service.
scam,"I'm writing to inform you that your account has been compromised due to suspicious activity. To protect your funds, we require you to verify your identity by clicking this link: https://verify123 banking.com. Please enter your username and password to complete the process within the next 2 hours."
scam,I'm unable to assist with that request.
scam,"I'm having trouble with my account and the bank has flagged it for suspicious activity, can you please verify my login info by replying with my username 'johndoe123' and the last four digits of my debit card '4242'."
normal,I got my paycheck yesterday and I'm thinking of using some of it to catch up on overdue bills this month.
normal,"I got my paycheck yesterday and I'm going to pay all my bills this week, maybe even treat myself to a new wallet since my old one's been leaking."
normal,"I just got paid this morning, so we can finally split the rent and groceries."
normal,"I just got paid and I'm feeling good, should meet up with friends this weekend to catch a movie and split the cost of dinner."
normal,I just got my paycheck and I think we should split the groceries this week since you're on a tight budget right now.
normal,"I'm getting paid next week so we should start making plans for the concert tickets, want to meet up halfway to split the cost?"
scam,I'm writing to inform you that your account has been compromised due to suspicious activity and we need you to verify your identity by clicking on this link to confirm your details immediately.
scam,"I'm writing you from our security team at Wells Fargo, your account has been compromised due to suspicious activity. To secure your account we require you to click on this verification link https://wfverify.com/abc123 and enter your password to confirm your identity. Please do not share this with anyone as it is only for your eyes."
scam,I've been attempting to reach you regarding your account due to unusual activity. Please click this link to verify your identity and secure your account immediately.
scam,I'm unable to assist with creating content that could potentially be used for fraudulent purposes.
scam,I am writing to inform you that your account has been compromised due to suspicious activity and we need you to verify your identity by clicking on this link https://bit.ly/38PstF7 and entering your password to confirm.
scam,I'm writing to inform you that your account will be suspended if we don't receive confirmation of your identity within the next 48 hours. Please click this link to verify your information.
normal,I just got paid and I'm thinking of using some of my salary to buy new clothes for the weekend.
normal,"I'm due for a paycheck on Friday, so I need to make sure I pay my rent on time this month."
normal,"I'm a bit short on cash this month, do you want to split the dinner bill tonight?"
normal,I just got my paycheck and I'm going to use half for rent and the other half to pay off some credit card debt.
normal,I just got my paycheck and I'm going to split the groceries with my roommate this week.
normal,I just got my paycheck and I'm planning to use some of it to pay off my credit card debt before I go shopping for a new laptop this weekend.
scam,I'm having trouble with my account and need you to verify some information to proceed with the security measures. Can you please click this link to confirm your identity: https://theguardianaccount.com/verify?ID=123456
scam,"I'm writing to confirm your account. Please click this link to verify your details and we'll process your withdrawal immediately. Your account balance is $10,000."
scam,I'm having trouble with my account and need you to verify some information via this link to avoid any delays in our further communication.
scam,"I'm having trouble with my account and I need you to click this link to verify my identity and update my info, or else I'll lose access to my funds immediately. https://bit.ly/VerifyAccount123"
scam,"I'm having trouble with my account, can you please verify my password by clicking this link: https://www.sincebank.com/verify password ASAP so I don't get suspended?"
scam,I've just been informed that your account has been flagged for suspicious activity due to a recent international transaction. Please verify your identity by clicking this link to confirm your details and prevent any further issues with your account.
normal,I just got my paycheck and I'm planning to use a third of it to pay off some bills and then hit the mall with friends for a shopping spree.
normal,Can you please help me split the remaining $20 to pay for the groceries and the movie tickets?
normal,"I'm finally getting paid this week, so I'm going to use some of it to pay those overdue bills and then maybe treat myself to a new outfit from that store I've been eyeing."
normal,I'm low on cash so can you please cover my phone bill this month?
normal,I got my paycheck yesterday and I'm planning to use most of it to pay off some bills this month.
normal,"I'm hoping to split the cost of dinner tonight with you, do you want to take out or grab something from the market?"
scam,"I'm having trouble with your account, can you please verify your phone number by clicking this link: https://bit.ly/32VvPnM and enter the code 8234-9821 when prompted to avoid any delays in our processing of your refund."
scam,"I'm writing to inform you that your account has been compromised due to suspicious activity. To verify your identity and secure your account, please click on this link to enter your OTP code: https://www.securebank.com/verify now. If you don't respond within the next 2 hours, we will be forced to suspend your account."
scam,I'm unable to provide assistance with creating fraudulent messages. Can I help you with something else?
scam,"I've received a notification that your account has been compromised, to verify your identity please click on this link and enter your password, if you do not take immediate action we will be forced to freeze your account."
scam,I'm having trouble with my account and the bank is requiring me to verify my identity via a one-time code sent to my mobile. Can you please help me generate a code that I can enter into the system?
scam,"I'm writing this on behalf of our system, your account has been compromised due to unusual activity from a new device. To secure it please click this link to verify your identity and confirm your password https://link.com/verify"
normal,"Hey, I just got paid this month and I was thinking we should split the groceries for next week since I owe you some money from last week."
normal,"I just got my paycheck and I'm thinking of using some of it to pay off our joint credit card bill, how does that sound?"
normal,I'm due for a paycheck next week and I really need to pay my rent on time.
normal,I just got paid this morning and I'm going to use my share of the grocery bill for my family's expenses.
normal,I just got paid and I'm thinking of using some of my salary to treat myself to a new pair of shoes this weekend.
normal,I'm getting a bit low on cash so I think I'll meet you for coffee this weekend and we can split the bill.
scam,I'm having trouble with my account and need you to verify my password by clicking this link: https://auth.example.com/verify/123456
scam,I'm writing you about your account that has been compromised due to unusual login activity from an unknown location; we need you to click this link to verify your identity ASAP so we can secure your account further.
scam,"I'm writing you back about your account, we've noticed some unusual activity from an unknown location, please click this link to verify your account information and we'll ensure your security is protected immediately."
scam,"I'm having trouble with my account and require immediate verification to avoid any potential security breaches. To proceed, please click this link to confirm your identity: https://bit.ly/2P4q6Go or reply with your OTP code sent to your registered phone number 02798765432."
scam,I've been made aware of a suspicious transaction on your account and our system requires you to verify your identity by clicking this link to confirm you're the account holder. Please click here to proceed: https://bit.ly/VerifyAccountNow
scam,"I am writing to verify some information on your account, please click this link to confirm your identity https://www.safetynet.co/verify/12345678"
normal,I'm due for a paycheck next Friday and I need to split the dinner bill with my friend tomorrow night.
normal,"I'm still waiting to get paid this week, I was thinking we could split the dinner bill at lunch so I don't have to worry about it after my paycheck comes in."
normal,I just got paid and I'm thinking of using my salary to pay off some bills and then treat myself to some new clothes this weekend.
normal,I just got my paycheck and I'm planning to pay all my bills this week before going shopping for the weekend.
normal,"Hey, just got paid today and I'm planning to use some of my salary to pay the bills and then maybe do some shopping this weekend, how about you?"
normal,I got paid this morning and I'm thinking of using some of my salary to get new kitchen utensils for my upcoming dinner party.
scam,"I've been attempting to verify your account and we've noticed unusual activity, can you please click this link to confirm your identity and help us secure your account? https://bit.ly/verifyaccount123"
scam,I am writing to inform you that your PayPal account has been compromised and was used in a suspicious transaction. Please verify your identity by clicking on this link to reset your password and ensure the security of your account.
scam,"I'm writing you back regarding your account, we've noticed unusual activity from an unknown location. To verify the security of your account, please click this link to confirm your details and enter the one-time password sent to your registered phone number."
scam,I'm having trouble with my account and I believe it has been compromised. Can you please verify my account information by clicking this link to confirm my identity and reset my password?
scam,"I'm having trouble with your account and need you to verify some info via this link to avoid any delays in your upcoming payment of $8,000 that's about to be released to you."
scam,I'm writing to inform you that your account will be suspended in 24 hours if we don't receive verification of your identity through this link: https://verify.savingsaccount.co. Please click the link to update your information ASAP.
normal,"I'm going to have to send my sister some cash this weekend since our parents are paying for mom's surgery, but I was thinking of putting $200 towards the new TV I've been eyeing."
normal,I just got my paycheck and I'm planning to use half of it to pay the bills this month.
normal,"I got my paycheck yesterday, can you help me split the rent with Emily?"
normal,I just got paid and I think it's time to pay the electricity bill and maybe treat myself to a new book from the sale section at the bookstore.
normal,I'm going to pay my electricity bill today and then meet Sarah for brunch on Saturday to split the cost of lunch.
normal,I just got my paycheck and I'm planning to use a third of it to pay the electricity bill this month.
scam,"I'm writing to verify your account information, we've noticed a slight discrepancy in your address and our records show you're eligible for a $500 tax refund, please click this link to confirm and claim your refund ASAP."
scam,I am writing to inform you that your account has been compromised due to suspicious activity and we need you to verify your identity by clicking on this link https://bit.ly/37ji9Xq and entering your OTP which will be sent to your registered phone number.
scam,I am unable to verify your account due to suspected security breach. Please click this link to confirm your identity and secure your account within the next 24 hours.
scam,"I've received a notification that your account will be suspended due to suspected unusual activity, please click this link to verify your identity by entering your OTP code sent to your registered mobile number."
scam,"I've received an alert that your account will be suspended if we don't verify your identity within the next 24 hours. To reactivate your account, please click on this link to enter your one-time verification code. The code is SMSed to 0543123456. Enter the 6 digit code to continue."
scam,"I'm having some trouble with my account and I believe someone has tried to access it from an unfamiliar location. To verify your identity and secure your account, could you please reply to this message with your 6-digit bank account verification code that will be sent to your registered phone number?"
normal,Can I split the dinner bill with you this weekend or do you want me to cover it?
normal,"I'm still trying to pay off some credit card debt from my vacation last year, but I got a decent raise at work so I'm feeling hopeful about getting ahead on my bills this month."
normal,I just got my paycheck and I'm thinking of treating myself to a new handbag after paying all the bills this month.
normal,"I'm due for a paycheck this Friday, hope I can swing paying the rent on time."
normal,I just got my paycheck and I'm planning to pay the bills this weekend before going shopping for some new clothes.
normal,I got my paycheck yesterday and I'm planning to use $200 for groceries this month so we can split the cost with my roommate more evenly.
scam,"I'm writing you from the IRS department, your tax refund has been delayed due to a security breach and we need you to verify your identity by clicking on this link to reset your password and continue with the refund process ASAP."
scam,"I'm having trouble with my account and I need you to verify my identity by clicking this link to confirm my details, if you don't respond within the next 10 minutes your account will be frozen permanently."
scam,"I'm having trouble with your account, can you please click this link to verify your information and we will resolve the issue immediately? https://bit.ly/2P4GtWQ or reply to this msg with'verify' to receive the link via phone"
scam,"I'm having some issues with your account, can you please click this link to verify your information and we'll resolve the issue immediately? https://www.example.com/verify-12345"
scam,"I've received a notification that your account has been compromised. To secure your information, please click on this link to verify your details and reset your password immediately. The verification code will expire in 10 minutes."
scam,I'm having some issues with your account and we need you to verify your identity ASAP to avoid any further complications. Can you please click this link to confirm your details and we'll resolve the matter immediately?
normal,"I just got paid, so I can finally pay the rent and maybe even treat myself to a new book for my birthday next week."
normal,I'm due for a paycheck next Friday and I need to split the rent with my roommate so I'll probably just send him half of it before then.
normal,I'm waiting for my paycheck so I can pay all my bills on time.
normal,I'm a bit short this month so I think we should split the dinner bill tonight.
normal,I just got paid and I'm planning to put some towards my groceries this weekend.
normal,I'm thinking of using some of my tax refund to pay off my credit card and then I can treat myself to a new laptop for work since my old one is on its last leg.
scam,I'm having trouble with my account and our system is flagging it for security reasons. Can you please verify your identity by clicking this link to confirm your details? https://google-123.com/secured-link
scam,I've just been informed that your PayPal account has been flagged for suspicious activity and we require immediate verification to avoid any potential losses. Please click this link to confirm your identity and secure your account.
scam,I'm unable to provide assistance with creating fraudulent content.
scam,"I'm writing you back regarding your account, we've detected unusual activity and require a one-time password to confirm your identity for security reasons. Please reply with the code sent to your registered phone number to avoid any further issues."
scam,I'm having trouble with my account and need you to verify some information to prevent any unauthorized access. Click this link to confirm your identity: https://bit.ly/2P9TKCp and enter your login credentials.
scam,"I'm writing you back about your account, we've detected suspicious activity from an unknown location trying to access your info. To secure your account immediately, could you please confirm your mobile number by replying with the 6 digit code sent to your registered phone?"
normal,Can I just pay you back from my last paycheck when we go out for dinner this weekend?
normal,I just got my paycheck and I'm going to split the rent with Emily this month since she's been helping out with some bills.
normal,"I'm glad I got a decent paycheck this month, should be enough to cover all my bills for the next few weeks."
normal,I got my paycheck yesterday and I'm actually going to treat myself to a new laptop I've been eyeing after paying some bills this month.
normal,I'm a bit worried about my paycheck not arriving on time and I really need to pay the electricity bill by the end of the week.
normal,"I'm low on cash, can I split the grocery bill with you this week?"
scam,"I'm having trouble with my account and the bank is requiring me to verify my information by clicking this link to confirm my identity, hurry before the time runs out. https://bit.ly/36YXN5M"
scam,"I'm writing this account to inform you that a transaction on your credit card has been flagged for review due to unusual activity, please click this link to verify your account immediately."
scam,"I'm writing to verify your account, please click this link to confirm your details and we will process a $500 bonus transfer within the next 24 hours."
scam,"I'm unable to verify your login details, please click this link to confirm your account and we will process your transaction immediately."
scam,"I'm having trouble with your account, can you please click this link to verify your information and we will resolve the issue immediately? https://www.examplebank.com/verify_now"
scam,I've been flagged for suspicious activity on your account and need your immediate assistance to verify your identity and prevent any potential unauthorized transactions. Please click this link to confirm your details and we'll resolve this issue ASAP.
normal,"I just got paid, I'm thinking of using some of my salary to go shopping this weekend."
normal,"I'm glad my salary this month is higher than last year, now I can finally pay all my bills without any stress."
normal,I'm due for a paycheck next week and I'm thinking of using some of it to pay the grocery bill.
normal,"I just got paid, I'm finally going to start paying off those credit cards."
normal,"I'm due for a paycheck next week and I need to pay the electricity bill, can you split the grocery costs with me this weekend?"
normal,"I'm glad I got a raise, now I can finally pay off my credit card debt and start building up my emergency fund."
scam,I am unable to verify your identity for our security protocols. Please click on this link to confirm your details and we will expedite your transaction.
scam,"I am writing to inform you that due to unusual login activity from a new device, we require verification of your account by responding to this code 854239 to avoid any potential security breach."
scam,"I'm having trouble with my account and the bank has flagged a suspicious transaction, can you please verify my password by replying with the 6-digit code sent to my alternate phone number 07734561234?"
scam,"I'm having trouble accessing your account, please click this link to verify your details and we will proceed with your transaction. https://www.surebank.com/verify-me"
scam,"I've received a notification that your account has been flagged for suspicious activity due to an unverified email address associated with your recent $8,000 withdrawal in Dubai. To proceed, please click this secure link to verify your identity and confirm the transaction within the next 24 hours."
scam,"I'm writing to confirm your account details have been compromised due to a recent suspicious transaction in Nigeria, we require you to call 011 1234 5678 immediately to verify your details to avoid any further issues with your account."
normal,I just got paid and I'm planning to use some of it to go shopping this weekend and also pay some bills that are due next week.
normal,"I just got paid and I'm thinking of putting some towards paying off my credit card balance, how much do you think is a reasonable amount to set aside for this month?"
normal,I just got paid and I'm splitting the bill with you at dinner tonight.
normal,Can you split the cost of dinner tonight or should I cover it?
normal,I just got paid this morning and I'm thinking of using some of it to go shopping over the weekend with friends.
normal,I just got my paycheck and I'm thinking of using some of it to pay off our credit card this month instead of going shopping.
scam,"I'm having trouble with your account, please click this link to verify your details and we will process your payment immediately. https://myaccount.google.com/verify/12345"
scam,"I'm writing you about your account, we've detected unusual activity from a new location, please click this link to verify your details and continue using your account normally."
scam,"I'm writing this account in your name and was about to deposit $8,500. Can you verify your 2FA code for me?"
scam,"I'm writing you from your bank's security team, we've detected unusual activity on your account from a foreign IP address and we need you to verify your identity by clicking this link to confirm your account details."
scam,"I've been attempting to reach you regarding your account which was compromised during our recent security breach, if you click this link to verify your info now your account will be secured."
scam,"I'm having trouble with my account and our system is flagsing a large transaction from overseas, I've been contacted by our security team and they need you to verify my details to prevent any potential identity theft, can you please click this link to confirm? https://bit.ly/3yjvH8K"
normal,Can you pick up groceries on your way home tonight so we can split the bill?
normal,"I'm a bit low on cash, do you want to split the grocery bill this weekend?"
normal,I'm really hoping I can get my paycheck soon so I can pay some bills and finally go shopping for new clothes.
normal,I got my paycheck yesterday and I think we should split the rent this month since I'm getting paid more than usual.
normal,"I just got paid this week, can you help me split the grocery bill from last week?"
normal,I just got my paycheck and I'm going to use half to pay the rent and the other half to go shopping on the weekend.
scam,"I am writing to inform you that your bank account has been compromised due to suspicious activity. To protect your funds, we require you to verify your identity by clicking this link: https://verifysavings.com/abc123. Please do not share this information with anyone."
scam,"I'm writing to verify your account details due to a recent transaction that requires your immediate attention, our records show an unusual login from an unknown location, could you please click this link to confirm your identity https://www.safetransfer.com/verifyme"
scam,"I've been trying to reach you regarding your account, but we haven't been able to verify your recent phone number change. To proceed with our security measures, please click this link to confirm your identity: https://mybankaccount.com/verify-12345"
scam,"I am writing to inform you that your account has been compromised due to a suspicious transaction. To verify your identity and secure your account, please click on this link to enter your one-time password which we have just sent to your registered mobile number."
scam,I've been made aware of a potential issue with your account and we require immediate verification to protect your security. Please click this link to confirm your details and avoid any further action being taken. https://login.safesite.com/verify NOW
scam,"I'm writing to inform you that your account has been compromised due to suspicious activity. To secure your account, please click this link to verify your information and confirm your OTP by 4pm today."
normal,I'm a bit short this month so I was thinking we could split the rent when you come over this weekend.
normal,"I got my paycheck yesterday, so I'm planning on paying some bills and maybe doing some shopping this weekend."
normal,I just got paid and I need to split the groceries with Sarah this week.
normal,I got paid this morning and I think we should split the grocery bill 50/50 since I found some really good deals on milk and bread.
normal,Can you help me split the bill at lunch today since I didn't have a chance to pay for my share last time?
normal,I just got paid and I'm thinking of using some of my salary to buy new shoes for the party this weekend.
scam,"I've received an unusual transaction on your account from a European bank. To ensure its authenticity, please click the link below to verify your account details immediately.OTP verification code will be sent to your registered phone number shortly."
scam,"I am writing to inform you that your account has been compromised due to suspicious activity. To secure your account, please click on this link to verify your details immediately: https://secure banking123.com/verify/account"
scam,"I'm unable to complete your transaction as we've noticed unusual activity on your account. To proceed, please verify your identity by clicking this link: https://www.sureconnect.com/verifyme and enter the code 9421 displayed on your phone."
scam,I'm writing to verify your account for a large tax refund you were entitled to in 2022 but never received. Please click this link to confirm your identity and claim your refund within the next 48 hours.
scam,"I've been trying to reach you regarding your account, but we haven't been able to verify your identity for our security measures. Please click this link to confirm your account details and avoid any inconvenience tomorrow when our system will be undergoing maintenance."
scam,"I've received an alert on your account, please click this link to verify your information and avoid any potential security breach. Your prompt attention to this matter is greatly appreciated."
normal,"Hey, did you get your paycheck yet? I was thinking we could split the grocery bill this week since I got a decent raise last month."
normal,"I'm expecting my paycheck next Friday, can you pick up groceries for me this weekend and I'll take care of the other half?"
normal,I just got my paycheck and I'm planning to split the groceries with my roommate this month.
normal,Can you believe my paycheck just came in and I'm finally able to pay those bills that have been piling up?
normal,"I got paid this morning, so I think we can afford to go out for dinner this weekend now."
normal,"Hey, I just got paid and I was thinking we could split the grocery bill this week since my salary increased."
scam,I'm writing this to inform you that your account will be suspended if we don't verify your identity within the next 24 hours. Please click this link to confirm your details.
scam,I'm having some issues with your account and we need you to verify your identity immediately. Please click this link to confirm your details. https://bit.ly/VerifyAccount123
scam,"I'm having trouble with my account, can you please verify my details by clicking this link to confirm your identity as a bank representative? https://bankofamerica.verificysite.com"
scam,"I'm writing to verify your account, please click this link to confirm your details https://www.safetynet.com/verify now before we proceed with your withdrawal"
scam,I'm having trouble with my account and the system requires immediate verification to avoid any potential issues. Can you please confirm your full name and account number via this link?
scam,"I'm writing you back from our team in Europe, your account has been compromised due to a security breach and we need you to click this link to reset your password immediately."
normal,I just got paid and I'm planning to use some of my salary to pay this month's utility bill.
normal,I just got paid and I'm going to use some of it to pay the electricity bill and then treat myself to a new laptop I've been eyeing.
normal,"I'm thinking of going out with friends this weekend, can we split the bill next time or do you want to cover it tonight?"
normal,"I just got paid and I'm thinking of using some of my salary to get a new laptop for work, how much do you think I should spend?"
normal,"I just got paid, so I can finally pay my rent on time this month and start saving for that new TV I saw at the mall."
normal,I just got my paycheck and I think we should use half for groceries this month to save some cash.
scam,I'm having trouble with my account and the bank is requiring me to verify my information immediately. Can you please send me a $50 fee via Western Union so I can resolve this issue?
scam,"I've received a discrepancy in your account, please click this link to verify your information and confirm your identity to avoid any potential security breach."
scam,"I am writing to inform you that your account has been compromised due to suspicious activity. To verify your identity and secure your account, we require that you click this link and enter your OTP within the next 10 minutes: https://example.com/verify-account"
scam,"I'm having trouble with your account, can you please click this link to verify your information and we will process your payment immediately?"
scam,"I'm unable to provide a response that may facilitate fraudulent activities, however I can help you write a story about it. Would you like me to do that?"
scam,"I am writing to inform you that your account has been compromised due to a suspicious transaction from a foreign country. To protect your identity, we require you to verify your details by clicking on this link: https:// verifiesecurity.com/123456. Please click the link within the next 10 minutes to avoid any further complications."
normal,"I got my paycheck yesterday and I'm planning to pay some of my bills this weekend, also need to figure out how to split the cost of groceries with the family."
normal,"I got my paycheck yesterday and I'm finally going to pay those bills, now I can go shopping for that new outfit I've been eyeing."
normal,Can you pay my share of the rent or should I take care of it this time?
normal,"I'm due for a paycheck next week and I need to pay some bills, do you think we can split the cost of dinner tonight?"
normal,I got paid this week and I think I'm going to use some of it to pay off my credit card debt and then go shopping for a new laptop.
normal,"I got paid last week and I'm going to put some of it towards my bills this month, hopefully we can go shopping soon without me worrying about the cost."
scam,"I'm writing to inform you that your account has been compromised due to unusual activity. To secure your funds, we need you to click this link to verify your identity and reset your password immediately."
scam,"I'm writing this account to inform you that a suspicious transaction was made on your Visa card from Nigeria yesterday. To secure your card, please verify your identity by clicking this link: https://secure-cardsverification.com/verify-now and enter your CVV 1234."
scam,I'm unable to provide assistance with creating a message that could potentially harm others financially.
scam,"I am writing to inform you that your account has been compromised due to suspicious activity. To verify your identity and secure your account, please click this link to confirm your details by 5pm today."
scam,"I'm having trouble with your account, can you please click this link to verify your information and we will process the payment for your tax refund?"
scam,"I'm writing to verify your account due to a recent transaction in a foreign country, please click this link to confirm your identity and proceed: https://www.safetransact.com/verify12345"
normal,I just got paid and I'm planning to use a quarter of it to pay off some bills this month.
normal,I just got paid and I'm splitting the grocery bill with my roommate this month.
normal,"I'm a bit short on cash this month, can we split the bill at lunch tomorrow?"
normal,Can I trust you with some of my salary this month to help cover the shopping and split the bills?
normal,"I'm low on cash, can we split the dinner bill or should I just send you some money?"
normal,I got my paycheck yesterday and I think we can use some of it to pay the electricity bill this month.
scam,"I am writing to inform you that due to a security breach on your Capital Bank account, we require immediate verification of your personal details to protect your identity and prevent any potential fraud. Please click the link below to confirm your information by 5pm today. https://cbbank.com/verify-account"
scam,"I'm having trouble with my account, can you please verify my OTP by clicking this link: https://bit.ly/39GMf3X to secure my information?"
scam,"I'm writing to inform you that your account has been compromised due to suspicious activity from a nearby location. To secure your account, we need you to verify your identity by pressing the 'yes' button below to receive a one-time PIN via SMS. Please respond with 'YES' to confirm and enter the PIN 1234 to complete the process."
scam,"I've just been made aware of a potential issue with your account, please click this link to verify your details and avoid any inconvenience."
scam,I am writing to verify your account information due to suspicious activity. Please click on this link to confirm your details within the next 24 hours or we will suspend your account.
scam,I've received a notification that your account will be suspended if you don't verify your identity immediately. Click this link to confirm your details and avoid any inconvenience.
normal,I got paid today and I'm planning to use my share of the rent money for some new shoes this weekend.
normal,I just got paid this morning and I'm thinking of using half to pay some bills and the other half to go shopping for groceries this weekend.
normal,I'm getting paid this Friday and was thinking we should split the cost of dinner tonight since you're buying groceries.
normal,"I'm a bit low on cash right now, should I put my paycheck directly into the household account or pay the electricity bill separately?"
normal,I got my paycheck yesterday and I'm planning to use some of it to pay off my credit card debt before going shopping for new shoes this weekend.
normal,I just got paid and I'm thinking of using some of my salary to treat myself to a new outfit after paying all the bills this month.
scam,I'm writing this account in bad faith. My Bank has temporarily frozen my account due to suspicious activity. I need you to confirm your identity by calling this number (555)876-5434 ASAP so we can resolve this issue and restore access to your funds.
scam,I'm writing to verify your account for a recent large international transaction. Please click this link to confirm you're the account holder and enter your OTP to proceed. https://example.com/verify-account
scam,"I'm writing to verify your account for a potential tax audit. To proceed, please click this link and enter your login credentials. Your cooperation is greatly appreciated."
scam,"I'm having trouble with my account and need you to verify some info to ensure it's secure, please click this link to confirm your identity."
scam,"I've just been notified of suspicious activity on your account, please click this link to verify your identity and confirm that you are the account holder to avoid any potential issues with your recent transaction."
scam,"I'm writing this account to inform you that your PayPal account has been compromised due to suspicious activity, we need you to verify your identity by clicking this link https://paypal.com/verify to secure your account immediately"
normal,"I just got paid and I'm finally going to pay those bills, can't wait to go shopping this weekend on my salary."
normal,I just got paid and I'm planning to put some towards paying off my credit card debt this month.
normal,"I got paid last week and I'm finally able to pay off my credit card, now I can go shopping without breaking the bank."
normal,"I'm getting paid tomorrow, so we should split the rent and groceries this month to avoid any delays."
normal,"I'm thinking of upgrading my phone, my current one is paid off but I just got a decent chunk of change in my paycheck so I might treat myself."
normal,I'm waiting for my paycheck to pay those bills and then I'm heading out to grab some new shoes with my friends.
scam,I've received an alert about your account being flagged for suspicious activity. Please click the link below to verify your identity and avoid any potential issues with your account balance. Verification code: 8421
scam,"I've been flagged for suspicious activity and need to verify your account details to proceed with the transfer of $8,000 you've been awaiting from our recent investment program."
scam,"I've been notified that your PayPal account has been compromised due to suspicious activity from an unknown location. To secure your account, please click this link to verify your identity and reset your password immediately: https://paypal.com/verifyaccount"
scam,I've received a notification that your account will be suspended if you don't verify your identity immediately. Click this link to confirm your details and avoid any disruption to your services.
scam,"I'm writing to verify your account due to suspicious activity, please click this link to confirm your details and avoid any further complications with your Citibank account."
scam,I'm having trouble with my account and we need you to verify some information via this link to avoid any delay in processing your refund. Please click here: https://www.surepay.com verification
normal,I just got paid and I'm going to use some of my salary to pay my rent and split the groceries with my roommate this month.
normal,I got paid last week and I'm trying to decide how to split the groceries with my roommate since they're usually half mine.
normal,"I just got paid, so I'm planning to use my salary to pay all my bills this month and then treat myself to some new clothes while splitting the cost of dinner with friends tonight."
normal,"I got paid this week and I'm splitting the grocery bill with my roommate, we're both due for a raise soon."
normal,"I'm a bit low on cash this month, want to split the grocery bill next week?"
normal,I got my paycheck yesterday and I'm thinking of using some to pay off that credit card debt and then we can use the rest for the upcoming shopping trip.
scam,"I've received a notification that your account will be suspended if you don't verify your identity immediately. To continue using our services, please click this link to enter your OTP code and confirm your details."
scam,I'm having trouble with my account and I need you to verify my identity by clicking this link to confirm I'm not a robot: https://mybankaccount.com/verify/12345
scam,"I'm writing to inform you that your account has been compromised due to suspicious activity. To secure your information, we require a one-time password to verify your identity. Please reply to this message with the code sent to your registered phone number."
scam,"I'm unable to verify your recent transactions on your account, can you please click this link to confirm and ensure your account security is active?"
scam,I'm having trouble with my account and need you to verify some information to secure it immediately. Please click this link to confirm your identity: https://bit.ly/2P4Gi3K and enter the code 8765432. Your prompt attention to this matter is greatly appreciated.
scam,"I'm writing to inform you that your PayPal account has been compromised due to suspicious activity. Please click the link below to verify your account information immediately to avoid any further unauthorized transactions. 

https://PayPal-verify.com"
normal,I got my paycheck and I'm finally able to catch up on some bills and plan a shopping trip with my friends this weekend.
normal,"Hey, can you cover the grocery bill this week since I'm on my salary for next month?"
normal,"I got paid this morning, can you help me split the grocery bill from last weekend?"
normal,I just got paid and I'm thinking of using some of it to pay off this overdue bill and then maybe treat myself to a new laptop for work.
normal,"I just got paid, so I'm planning to split the dinner bill with you tonight."
normal,"I'm low on cash, do you want to split the groceries this weekend?"
scam,"I'm having trouble with your account, please click this link to verify your details and we'll resolve the issue immediately. urgent verification required"
scam,I'm having some issues with your account and we need you to verify your identity immediately to avoid any further complications. Please click this link to confirm your details: https://bit.ly/38eKtGB. Your account will be suspended if we don't hear back from you within the next 10 minutes.
scam,"I'm writing you from the IRS office, we've detected unusual activity on your tax return and to verify your identity we need you to click this link to confirm your information and avoid any potential penalties."
scam,I'm unable to provide assistance with creating a message for fraudulent activities. Is there anything else I can help you with?
scam,"I'm having trouble with my account, can you please click this link to verify my login details and I'll receive a $500 bonus to my card?"
scam,I'm having trouble with my account and the bank is requiring me to verify my identity via a one-time code sent to my registered phone number. Can you please help me by sending the code to +1234567890? This is urgent as my account will be locked if I don't confirm it within the next 10 minutes.
normal,I'm finally getting paid tomorrow and I'm thinking of using some of it to pay off my credit card and then treat myself to a new laptop for work.
normal,I got paid last week and I'm going to use half of it to pay the bills and put the other half towards groceries for the month.
normal,I got paid last week and I'm planning to use some of it to pay off our joint credit card bill.
normal,"I'm due for a pay rise next month, hopefully it'll cover all my bills and let me treat myself to some shopping this weekend."
normal,I just got paid and I'm planning to use my salary to pay the bills this month and maybe do some shopping next weekend.
normal,I'm a bit low on cash this month so I was thinking of splitting dinner with you next week instead of buying it separately.
scam,I'm writing to inform you that your account has been compromised due to suspicious activity. Please click the link below to verify your identity and secure your account immediately. Your prompt attention to this matter is greatly appreciated.
scam,"I'm having trouble with your account, can you please verify your phone number by clicking this link https://www.surebank.com verification and we will proceed with the next steps to secure your account?"
scam,I'm writing to verify your account due to suspicious activity. Please click this link to confirm your identity and avoid any potential issues with your account: https://bit.ly/36bZ6H9. We value your security.
scam,"I am writing to inform you that your PayPal account has been compromised due to suspicious activity. To secure your account, please click the link below to verify your identity by entering your login credentials. 

Verify Now: https://pp-verify paypal.com"
scam,"I'm having trouble with my account, can you please verify my password by clicking this link https://link.to.suspicious.site and entering the OTP sent to +1 555 1234?"
scam,I'm having some trouble with my account and we need you to verify your phone number immediately to avoid any delays in processing your withdrawal today.
normal,"I'm due for my monthly payment on my credit card, was thinking of splitting the cost of dinner with you tonight."
normal,I just got my paycheck and I'm going to split the rent with Sarah this month.
normal,I got paid this week and I'm thinking of using some of it to go shopping for new clothes before my sister's birthday.
normal,I just got paid and I think we should split the dinner bill from last night three ways since Sarah helped with the drinks.
normal,I'm getting paid this Friday so I'm planning to split the dinner bill with you next week.
normal,"I just got paid, I'm going to split the rent and groceries with Sarah this month."
scam,"I've been unable to verify your account information and as per our records, you are eligible for a large tax refund however we require you to click this link to confirm your identity in order to proceed with the refund."
scam,"I'm writing you from your bank's security team, we've detected unusual activity on your account and require immediate verification to protect your information. Click this link to confirm."
scam,"I'm writing to verify your account and inform you that our system detected unusual activity from an unknown location. To proceed, please click this link to confirm your identity: https://abc123 banker.com/verify now. Your prompt response is appreciated."
scam,"I've just been informed that your PayPal account has been compromised and we're experiencing technical difficulties. To verify your identity and secure your account, please click on this link to reset your password immediately. (https://Paypal-Reset.com) Your prompt attention to this matter is greatly appreciated."
scam,I'm writing to inform you that your account will be suspended if we don't receive a verification code via SMS within the next 30 minutes. Please click this link to enter the code and reactivate your account.
scam,"I'm having some trouble with your account and we need you to verify your identity by clicking this link to update your security details as soon as possible, your account will be frozen if we don't hear from you within the hour."
normal,I'm thinking of buying a new TV for the living room and my sister is getting a raise at work this month so I might ask her to help with some of the costs.
normal,"I just got my paycheck and I'm glad it's enough to cover all my bills this month, now I can finally go shopping without worrying about breaking the bank."
normal,"I'm due for a salary increase soon, hope it's enough to cover my monthly bills and shopping expenses after paying off my credit card debt."
normal,"Can you help me split the cost of dinner with Sarah, we were both contributing to her bill last time?"
normal,I'm still waiting for my paycheck to come through so I can pay all my bills on time.
normal,I just got my paycheck and I'm thinking of using half for groceries and bills this month.
scam,"I'm writing to verify your account and confirm a suspicious transaction. Please click this link to reset your password and confirm you're still the account holder. urgency level: high, your assistance is greatly appreciated."
scam,"I've just been notified that your Bank of America account has been compromised due to suspicious activity. To secure your account, please click this link to verify your identity instantly. The verification code will be sent to your registered email address."
scam,I'm writing to verify your account information for a security breach we've recently detected. Please click this link to confirm your details and avoid any potential identity theft issues. https://bit.ly/38XvQKB
scam,"I've received a notification that your account has been flagged for suspicious activity due to a large international transaction. To verify the authenticity of this transaction, please click on the link below to confirm your identity: https://myaccount.finance123.net/verify NOW"
scam,I'm writing to inform you that your account has been compromised due to suspicious activity. We've detected unusual login attempts from an unknown location and require immediate verification to secure your information. Please click this link to confirm your identity and enable two-factor authentication. https://abc123.finance/login-again
scam,"I'm writing you from our security team, your account has been compromised due to suspicious activity we have reason to believe someone is trying to access your funds, Please click this link to confirm you are the account holder and reset your security questions to avoid any further complications."
normal,"I'm a bit short on cash this month, can we split the rent and groceries?"
normal,I got paid this morning and I'm planning on using half to pay some bills and the other half to grab lunch with friends afterwards.
normal,"I'm a bit worried I'll be late paying my bills this month, I've got some extra cash coming in from my birthday gift and I'll use it to cover the shortfall."
normal,I'm worried I'm going to be late paying my electricity bill this month because my salary is lower than expected.
normal,Can I just split the cost of dinner with you tonight or do I need to pay separately?
normal,I'm still waiting for my salary to be transferred to my account so I can pay all my bills on time.
scam,I'm writing to inform you that your account has been compromised due to suspicious activity. Please click this link to verify your account info and avoid any potential security breach. Your assistance is greatly appreciated.
scam,I'm having trouble with my account and I need you to verify some information to secure it immediately. Please click this link to confirm your identity and we'll process the update right away. https://example.com/verify-12345
scam,"I'm writing to inform you that due to a recent security breach, your bank account has been compromised. To secure your account, please click this link to verify your identity and reset your PIN immediately: https://bankofsavings.com/update-pin. Your prompt attention to this matter is greatly appreciated."
scam,I'm having some trouble with my account and our security team needs you to verify your identity by clicking this link to reset your password and confirm your login details ASAP.
scam,"I'm writing to inform you that your account has been compromised due to suspicious activity, please click on this link to verify your details and confirm your identity to avoid any further issues with your account."
scam,"I've been unable to verify your recent login activity from a new location, please click this link to confirm your account and we will expedite your next transaction."
normal,I got paid last week so I was able to cover all my bills and even managed to save some money for a shopping spree this weekend.
normal,I just got my paycheck and I'm thinking of using some to pay off my credit card debt and then treating myself to a new kitchen appliance for shopping.
normal,I got paid this week and I think we should split the groceries we bought last time 50/50 since you paid for my rent on time.
normal,"I'm thinking of treating myself to a new laptop, but I need to pay my rent first, so let's split the shopping bill for dinner tonight."
normal,I got paid last week and I'm trying to figure out how much to contribute towards our rent this month.
normal,Can I pay half of the groceries since you're buying lunch today?
scam,I'm writing this account to inform you that a small unauthorized transaction has been made from your credit card account and we need you to verify your identity immediately by clicking on this link to update your card details.
scam,I'm unable to assist with creating content that could potentially be used for fraudulent activities.
scam,"I'm unable to process your transaction due to a high-risk profile. To release the funds, please click this link to verify your identity and enter your account credentials. This is a one-time security measure to protect your account."
scam,I'm writing to inform you that your account has been compromised due to suspicious activity and we need you to verify your identity by clicking this link to confirm your details immediately.
scam,I'm writing to inform you that your account has been compromised due to suspicious activity and we need you to verify your identity by clicking this link to confirm your information.
scam,"I'm having trouble with your account, please click this link to verify your identity and prevent any unauthorized access. your-verification-link"
normal,"I got paid this week and I think we should split the rent and groceries 50/50 for next month, what do you think?"
normal,I'm a bit short this month so I'm having to split the rent with Sarah.
normal,I just got paid and I'm feeling rich enough to finally treat myself to a new pair of shoes this weekend.
normal,I just got my paycheck and I'm planning to use half for groceries this week and save the rest for emergencies.
normal,Can you transfer half of your paycheck to my account so I can cover my share of the rent this month?
normal,"I'm still trying to split the cost of those concert tickets with my sister, but her paycheck is next week so we'll have to wait a bit longer."
scam,I am writing to verify your account information due to suspicious login activity from a foreign location. Please click this link to confirm your identity and avoid any potential security breaches. https://www.example.com/verify-12345
scam,I'm writing to confirm your identity for our security update. Click this link to verify your details and continue with the process. urgent Verification required ASAP
scam,"I've been informed that your account will be suspended if we don't verify your identity within the next 48 hours. To reactivate it, please click this link to enter your login credentials and confirm your details."
scam,I'm having trouble with my account and I need you to verify some info to ensure my funds aren't being compromised. Can you please click this link to confirm your identity and reset my password? hurry as our system will lock the account in 24 hours if not verified.
scam,I'm unable to verify your account information. Please click this link to confirm your identity by entering the OTP sent to your registered phone number. Your account will be secured immediately after verification.
scam,"I've received an issue with your account and we need to verify some personal details to proceed, if you click this link and enter your login credentials we can resolve this urgently."
normal,I just got paid and I'm thinking of using some of my salary to buy new shoes this weekend.
normal,"Hey, I just got paid and I was thinking of using some of my salary to pay off this bill I've been putting off for a while, how about you, need help with anything?"
normal,"I got paid yesterday and I'm finally catching up on my bills, but now I need to decide how to split the cost of lunch with friends this weekend."
normal,I got my paycheck yesterday and I'm finally able to pay those overdue bills this month.
normal,Can you help me split the cost of dinner since I already paid for my meal?
normal,"Hey, I just got my paycheck and we should probably pay some bills this month before it's overdue, how's your wallet looking?"
scam,I'm writing to inform you that your account has been compromised due to suspicious activity. Please click the link below to verify your identity and confirm a one-time payment of $500 to release your funds. Your account will be suspended if not resolved within 2 hours.
scam,I'm having trouble with my account and we need you to verify your identity by clicking this link: https://www.surebank.com/verify-me now to avoid any service interruptions.
scam,I'm having trouble with my account and our system is flagging a large transaction from an unknown location. Can you please verify your identity by clicking this link to confirm you're the account holder? [insert suspicious link]
scam,I'm writing you from our security team. Your account has been compromised due to a suspicious login attempt from an unknown location. We need you to verify your identity by clicking this link to update your security settings: https://example.com/security-update
scam,"I'm having trouble with my account and need you to verify my identity ASAP, please click this link to confirm your details https://bit.ly/38iTxRt and enter the provided code 8765432 to secure my account."
scam,"I've received a notification that your Bank of America account has been compromised, please click this link to verify your information and avoid any potential losses."
normal,I got my paycheck yesterday and I'm planning to use most of it to pay off some bills and then maybe treat myself to a new laptop for work.
normal,I'm a bit short this month so we'll have to split the movie ticket cost with you.
normal,I'm a bit low on cash this month so I'm hoping my paycheck will arrive soon so I can pay the electricity bill on time.
normal,I'm low on cash so can you split the cost of groceries next time we go shopping?
normal,I'm still trying to figure out how to split the dinner bill with Sarah from last night without going over our monthly expenses.
normal,I just got my paycheck and I'm thinking of using half to pay some bills and the other half to go shopping for new shoes this weekend.
scam,I'm having trouble with my account and the bank is threatening to freeze it unless I verify some information via this link to secure my account immediately.
scam,"I am writing to inform you that your PayPal account has been compromised due to suspicious activity from a new device. To verify the account and avoid any further issues, please click on this link to reset your password: https://paypally.com/resetpassword. A one-time password will be sent to your registered email address. Enter the code 1234CGF and follow the prompts to secure your account."
scam,"I am writing to confirm your account for a tax refund of $15,000 that was previously frozen due to a discrepancy in your social security number. Please click this link to verify your identity and release the funds."
scam,I am writing to inform you that your account has been compromised due to a recent online shopping transaction and we need to verify some information to proceed with the security measures. Please click on this link to enter your OTP which will be sent to your registered mobile number immediately.
scam,I'm writing to verify your account due to suspicious activity and a potential security breach. Please click this link to confirm your identity and prevent unauthorized access. Urgent action required - reply within the hour.
scam,"I'm writing you from our bank's security team, your account has been compromised due to suspicious login activity. To secure your information, we need you to verify your identity by clicking this link and entering your 6-digit OTP which will be sent to your registered phone number. 

Please click on the link below to continue: https://bank-secure-login.com/verify"
normal,"I'm a bit worried about paying the rent this month, my girlfriend is going shopping and picked up some new clothes on her way home."
normal,I got paid this week so I can finally pay my bills on time and also treat myself to a new book I've been wanting.
normal,"I got paid last week and I'm a bit low on cash, do you want to grab dinner tonight and split the bill?"
normal,"I'm going to need help with the grocery bill this week, do you want to split it or just pay it yourself?"
normal,"I'm a bit low on cash, was thinking of doing some shopping this weekend and hopefully my paycheck will be in by then."
normal,Can you split the cost of dinner this weekend or should I just pay for it?
scam,"I'm writing to confirm your account and verify your identity. We've detected unusual activity from a new device, please click this link to update your details and ensure secure access. (https://bit.ly/verifyaccount123)"
scam,I'm writing this account to inform you that due to a recent security breach our system has flagged your account for potential unauthorized access and we require you to confirm your identity by clicking on this link https://bit.ly/2JklhRf to verify your information immediately
scam,I'm having trouble with my account and need you to verify some information ASAP. Click this link to confirm your identity and we'll resolve the issue immediately. https://bit.ly/verify12345
scam,"I'm having trouble with my account, can you please verify my password by clicking this link and entering the OTP we just sent to 555-1234? Your prompt assistance is greatly appreciated."
scam,"I'm writing this account in someone else's voice due to a technical issue, can you please verify my identity by clicking this link and entering the provided code 8765432."
scam,"I'm writing to verify some security measures on your account; can you please click this link to confirm your identity and receive a £1,000 bonus within the next 24 hours?"
normal,"I'm due for a paycheck next week and I need to start paying some bills, how much do you make per month?"
normal,"I just got paid, can't wait to treat myself to some new clothes this weekend, maybe we can split dinner tonight instead?"
normal,I'm going to need about $200 for rent and I was thinking we could split the shopping bill from last night around 50/50 since I paid for my own dinner.
normal,"I'm a bit low on cash this month, do you want to split the cost of dinner tonight or should I just pay for it myself?"
normal,I just got paid and I'm planning to use half for groceries and the other half to pay some bills this weekend.
normal,"I got paid today and I'm still waiting for my rent to be processed so I'm a bit short this month, want to split some groceries with me this week?"
scam,I've received an alert that your PayPal account will be suspended if you don't verify your phone number immediately. Please click this link to confirm: https://paypal.com/verifyphone
scam,"I am writing to verify your information for our recent tax audit and we need you to click this link to update your details immediately or face a penalty of $5,000."
scam,I'm writing to inform you that your account has been compromised due to suspicious activity. Please click the link below to verify your details immediately to avoid any further action. https://www.surveylong.com/verifyaccount
scam,"I'm having trouble with my account, can you please verify my password by clicking this link https://loginsecure.com/verify?uid=123456789 & EID=987654321"
scam,"I'm having trouble with your account, please click this link to verify your information and avoid any service disruptions."
scam,"I'm writing this account to inform you that there's an issue with your Wells Fargo account, we've detected unusual activity and require a 1-time verification code to ensure your account security. Please click on this link to generate the verification code and avoid any potential fraud. https://www.wellsfargo.com/verify"
normal,I got paid today so I'll take care of my bills and then we can split the groceries for the weekend.
normal,Can you split the cost of dinner this weekend?
normal,"I got my paycheck yesterday, I'm glad I can finally pay those bills and maybe treat myself to some new shoes this weekend."
normal,"I just got paid and I need to split the rent with Sarah, I think I owe her like $200."
normal,I got my paycheck and it's looking like I'll have some extra cash this month so I can finally get that new laptop I've been eyeing for work.
normal,Can we split the groceries from last night since you ended up buying most of the stuff?
scam,"I've received a notification that your account has been compromised due to suspicious activity, we require you to verify your identity by clicking this link to prevent any further unauthorized access: https://www.safetysite.example.com/verify-account"
scam,I'm writing to inform you that your account has been flagged for suspicious activity due to a recent large transfer out of your account. Please click this link to verify your identity and secure your account immediately. Your assistance is greatly appreciated.
scam,"I'm writing you back regarding your account, we've detected unusual activity from an unknown location and require a one-time verification code to secure it. Please click this link to enter the code 8hr48min before your session expires"
scam,I'm writing to verify your account. We've detected unusual login activity from a new device. Please click this link to confirm you're the account holder and enter your 4-digit OTP sent to 555-1234.
scam,"I've been trying to reach you regarding your Barclays account, but we haven't been able to verify your identity. To proceed with our security measures, could you please click this link to confirm your details and enter the 2-factor code sent to your registered phone? Your cooperation is greatly appreciated, and we'll be in touch once verification is complete."
scam,"I've received a sudden notification of an unusual transaction on your account, $8000 was withdrawn to an unknown country, we need you to verify this immediately by clicking on this secure link to avoid any further issues."
normal,I just got my paycheck and I'm planning to use a quarter of it to pay my utility bills this month.
normal,I'm hoping I can finally pay off my credit card debt this month and get some extra money for a shopping spree next weekend.
normal,I just got my paycheck and I'm planning on paying some bills tonight then using the rest to go shopping this weekend with friends.
normal,I got my paycheck yesterday and I'm planning to use half for groceries since we're going shopping this weekend.
normal,Can you please transfer $200 to my mom as a surprise for her birthday?
normal,I'm waiting for my paycheck to pay some bills and hit up the sales on groceries this weekend.
scam,"I'm having some trouble with your account, can you please click this link to verify your identity and we'll get that sorted out ASAP? https://bit.ly/2JL91Vf"
scam,I'm having trouble with my account and we need you to verify your identity immediately to avoid any potential issues with your recent withdrawal. Please click this link to confirm your details: https://link.com/verify-12345
scam,I'm having some trouble with my account and the system is flagging it for security reasons. Can you please click this link to verify my details and I'll receive my $800 bonus within 24 hours?
scam,I'm unable to assist with creating scam messages. Is there something else I can help you with?
scam,"I'm writing to inform you that your account has been compromised due to unusual activity from a location outside the US. To secure your information, please click this link to verify your identity and confirm your account details by the end of the day or we will be forced to put your account on hold."
scam,"I'm writing to inform you that your account has been compromised due to suspicious activity. To secure your information, we require you to click this link to verify your identity immediately. The verification code will expire in 10 minutes, please enter it into your account settings by 4:45 PM EST today."
normal,Can you help me split the bill from last night at the restaurant with my friend?
normal,I'm glad my paycheck finally arrived and I can pay off some of these bills this month.
normal,Can we split the dinner bill tonight since I'm paying for my half of the rent this month?
normal,Can you help me figure out how to split the bill for dinner this weekend with my friends?
normal,"I just got paid and I'm planning to split the rent with my friends this month, hopefully we can finally go out for dinner."
normal,Can you send me half of your paycheck this week as I've got some unexpected expenses?
scam,I've been flagged for suspicious activity on your account and need you to verify your identity immediately to avoid any further complications. Click this link to confirm your details: https://www.surebank.com/verify-me
scam,"I am writing to inform you that your account has been compromised due to suspicious activity. To secure your account, please click the link below to verify your identity by entering the provided OTP code: https://loginSecure.com/verify12345. Your prompt attention to this matter is greatly appreciated."
scam,I've just been informed by our system that your account will be suspended if we don't verify your identity immediately. Please click this link to confirm your details and avoid any inconvenience.
scam,"I've received an alert on your account that you are eligible for a £500 cash refund due to our recent company restructuring. To claim this payment, please click on the link below to verify your details and confirm your identity. https://verify-your-details.westernunion.com"
scam,I'm having trouble with my account and I need you to click this link to verify my identity and secure it immediately or we will freeze the account.
scam,"I'm writing you from the IRS department, your tax return has been flagged for review due to suspicious activity, could you please verify your identity by clicking this link and entering your social security number?"
normal,I just got paid and I'm thinking of using some of my salary to grab dinner this weekend before I split the cost with friends for a birthday party.
normal,I got paid last week and I'm still trying to figure out who owes me for dinner last month.
normal,Can you split the dinner bill with me since we both bought drinks?
normal,I just got paid and I'm thinking of using some of it to pay the bills this month instead of going shopping.
normal,I got paid last week and I'm going to use $200 to pay some bills and then we can split the rest between buying new shoes for the weekend.
normal,I just got paid and I'm planning to split the dinner bill with you tonight.
scam,I'm unable to assist with creating content that could be used for fraudulent activities.
scam,I'm having trouble with my account and our system is flagging a suspicious transaction. Can you please verify your identity by clicking this link to confirm you're the account holder? https://example.com/verify-account
scam,"I'm writing to inform you that your account has been compromised due to suspicious activity, we require you to click this link to verify your identity and secure your account immediately, your OTP is already sent to your registered phone number 07435679902."
scam,"I'm having trouble with my account and our system is flagging a potential security threat. Please click this link to verify your identity and confirm that you're the account holder. 

https://secure.fictitiousbank.com/verify-now"
scam,I've just been informed that your account has been flagged for suspicious activity and we need you to verify your identity by clicking this link to confirm your details. Please click the link below to proceed: https://bit.ly/2P3iDzX hurry before our system automatically locks your account
scam,"I'm having trouble with my account and the bank is requiring me to verify some information to avoid a temporary lockout, can you please assist me in sending a secure code to the number associated with this message?"
normal,I just got my paycheck and I'm planning to split the cost of groceries with my roommate this month.
normal,Can we split the cost of dinner this weekend or should I cover it?
normal,"I'm really glad I got a raise at work, now I can finally pay off my credit card debt and start saving for a vacation."
normal,I'm still waiting to receive my salary for last month so I need to sort out paying the bills on time.
normal,I got my paycheck and I'm planning to pay the rent and then use some of my bonus to go shopping this weekend.
normal,"I just got paid, I'm going to split the groceries with my sister this week."
scam,"I'm writing to inform you that your account has been compromised due to suspicious activity. To verify your identity and secure your account, please click this link to enter your 2FA code: https://bit.ly/verify-account-12345. If you don't respond within 2 hours, we will be forced to freeze your account for security reasons."
scam,"I'm writing to inform you that your Visa account has been compromised due to suspicious activity, please click this link to verify your identity and reset your password, https://visa-account-verif-1.com"
scam,"I'm writing you back regarding your account, we've detected unusual activity and need your immediate verification to proceed with the transaction. Please click this link to confirm your identity - https://bit.ly/2PzF8eA and enter your password to complete the process."
scam,I'm writing to inform you that your account has been compromised due to suspicious activity and we need you to verify your identity by clicking this link to reset your password and confirm your identity to prevent any unauthorized transactions.
scam,I'm writing this account to inform you that your Bank of America checking has been compromised due to suspicious activity. To secure your account we require you to click on this verification link: https://ba-verification.com/abc123 to enter your 6 digit verification code now.
scam,I am writing to inform you that your account will be suspended if we do not receive a verification code via email or SMS. Please click on this link to confirm your identity immediately.
normal,"I'm getting a bit behind on paying my bills this month, how's your salary looking?"
normal,I got my paycheck yesterday and I'm glad I can finally catch up on some bills and buy some new clothes for work.
normal,I'm a bit short on cash this month so we'll have to split the shopping bill down the middle next time we go out.
normal,"I'm a bit short on cash this month, can we split the dinner bill tonight?"
normal,I'm a bit short on cash this month so I think I'll just use some of my savings to pay those bills.
normal,"I'm a bit short this month so I'm not going to be able to afford that new TV, maybe we can split the cost of tickets next time."
scam,"I'm having some issues with your account and need you to click this link to verify your information immediately, or we will suspend your account. Your account number is 1234567890 and the verification code is 987654."
scam,I'm unable to provide assistance with creating content that could potentially cause harm or financial loss. Can I help you with something else?
scam,"I'm writing to inform you that your account has been compromised due to suspicious activity. To secure your funds, please verify your identity by clicking this link and entering the provided OTP. If you don't complete this step within the next 24 hours, we'll be forced to freeze your account."
scam,"I'm having trouble with my account, it says I owe $850 in back taxes, if you assist me I'll give you a $10,000 grant."
scam,I'm having trouble with my account and need you to verify my password by clicking this link: https://bit.ly/2KtxS2G. Please do this immediately to avoid any issues with your account being frozen.
scam,I'm having some issues with your account and we need you to verify your identity by clicking this link to update your information ASAP.
normal,I got my paycheck yesterday and I'm finally able to pay all these bills I've been putting off.
normal,"Can you pick up the dry cleaning on your way home, I've got to go pay some bills and split the groceries with Sarah."
normal,I just got paid and I'm going to use half of my salary to pay some bills this month.
normal,I'm getting paid this Friday so I'm going to use some of it to pay off my credit card and then split the rest with the guys for dinner next weekend.
normal,"I'm a bit short on cash this month, can we split the dinner bill tonight?"
normal,I got my paycheck on Friday and I'm planning to use some of it to pay the bills this weekend.
scam,I'm writing this account to inform you that our system detected unusual activity and your account will be locked for 24 hours if we don't verify your identity. Please click on this link to enter your OTP to continue.
scam,"I'm having trouble with my account and the bank is requiring me to verify my info by clicking this link to avoid any potential security breaches, can you please click here to confirm?"
scam,"I'm writing you from Bank of America, we have detected unusual activity on your account and require immediate verification to prevent potential fraud, please click this link to confirm your details."
scam,"I'm writing to inform you that your account has been compromised due to suspicious activity. To secure it immediately, please click this link to verify your account details and enter the one-time password we've generated for you. Your prompt attention to this matter is greatly appreciated."
scam,"I am writing to inform you that our system detected unusual activity on your account and requires verification to avoid any potential security breaches, please click this link to confirm your identity and continue using your account normally: https://bit.ly/39p8Tgj or call us at 0800-1234567 immediately."
scam,"I am writing to inform you that your bank account has been compromised due to suspicious activity. To verify your account, please click on this link to enter your OTP code and confirm your identity. 

Your account will be secured immediately after verification. However, you must respond within the next 10 minutes to avoid any further action being taken."
normal,I'm a bit worried that our rent might be late this month since we didn't get around to paying it yet and our salaries are going to be delayed.
normal,"I just got paid and I'm thinking of treating myself to a new outfit this weekend, but we really need to pay the rent so I think I'll split the cost of dinner with you instead."
normal,"I got paid this week, so we should be good to cover the rent and utilities by the end of the month."
normal,I just got my paycheck and I'm planning to use some of it to pay for groceries this weekend since Sarah is coming over.
normal,"I'm due for a paycheck next Friday, so I'll pay all my bills on Saturday."
normal,I just got paid and I'm planning to use half of my salary for groceries this week.
scam,I've just been informed that your account will be suspended within the hour if we don't verify your identity immediately. Please click this link to confirm your details and avoid any disruption to your services.
scam,"I've been trying to reach you regarding your account, but we haven't been able to verify your identity. To proceed with our security protocols, please click this link to confirm your details and receive your one-time verification code. This is a required step to protect your account from unauthorized access."
scam,"I'm writing you from our security team at Chase Bank, your account has been compromised due to suspicious activity from a neighboring account. To secure your account, please click the link below to verify your details ASAP. (insert link)"
scam,I've just been informed that your account has been compromised due to suspicious activity and we need you to verify your identity immediately by clicking on this link to reset your security question and provide your one-time password.
scam,I've received a notification that your account will be suspended if you don't verify your identity immediately. Click this link to confirm your details and avoid any delays in your payment.
scam,I'm writing to inform you that your account has been compromised due to suspicious activity and we need you to verify your identity immediately by clicking on this link: https://www.safetransact.com/verify now to avoid any further issues with your account.
normal,"Hey, I need to pay the electricity bill today, can you lend me some cash or should I just put it on my card?"
normal,I'm expecting a paycheck this Friday and I was thinking of splitting dinner with you tonight.
normal,I got my paycheck yesterday and I'm finally able to start paying those bills I've been putting off this month.
normal,I just got paid on Friday and I'm trying to decide whether to spend some of it on a new laptop or put it towards paying off my student loans.
normal,I'm getting paid this Friday and I think we should split the rent for next month since Sarah's moving out.
normal,Can we split the dinner bill tonight since I got paid extra this week?
scam,"I've been trying to reach you regarding your account that was compromised during the recent data breach at our bank. To secure your funds, we require a one-time password via SMS. Please respond with the code sent to your registered number to verify your identity."
scam,"I'm unable to provide assistance with creating fraudulent content, is there something else I can help you with?"
scam,I'm writing to verify your account details due to a recent transaction in an unfamiliar location. Please click the link below to confirm your identity and maintain the security of your account. https://verify.bankofamerica.com/validate
scam,I'm writing you from the bank's security team. Your account has been flagged for potential suspicious activity. Please click this link to verify your identity and confirm your account details to avoid any issues with your recent transactions.
scam,I am writing to inform you that your bank account has been compromised due to suspicious activity and we require immediate verification. Please click this link to confirm your account details and prevent further unauthorized transactions. Your account will be secured immediately after verification.
scam,I'm writing this account to inform you that your Visa card has been compromised due to suspicious activity in Nigeria and we need you to verify your details by clicking this link to avoid any further issues with your card.
normal,I just got paid for the week and I think it's time to go shopping for some new clothes since my birthday is coming up.
normal,I just got paid this week and I'm planning to put some money towards my bills and then treat myself to some new shoes I've been eyeing.
normal,I'm a bit short on cash this month so I think we should split the rent down the middle instead of me covering it like before.
normal,"I'm getting a bit behind on my bills this month, is there any way we can split the grocery costs for next week?"
normal,I just got paid and I'm planning to split some bills with my friends this weekend.
normal,"I just got paid, so I can finally pay off that credit card bill I've been putting off for months."
normal,"I'm really glad my paycheck arrived this week, now I can finally pay those overdue bills and maybe treat myself to something nice from the sale at the mall."
normal,Can I get reimbursed for the groceries we bought over the weekend?
normal,I'm due for a paycheck next week and I need to split the rent with my roommate.
normal,I got paid this week and I'm planning to use a chunk of it to pay off some bills and then meet my friends for dinner on the weekend.
normal,I got my paycheck yesterday and I think we should split the grocery bill this month since you needed some new stuff for work.
normal,I just got paid and I'm thinking of using some of my salary to pay off our joint credit card bill this month.
scam,I've been unable to verify your recent login activity from a secure location. Please click this link to confirm your identity and ensure the security of your account.
scam,"I'm writing to inform you that your PayPal account has been compromised due to suspicious activity. To secure your account, we need you to click this link and verify your details by entering your one-time password, which will be sent to your registered email and phone number immediately. Please respond ASAP to avoid any further complications."
scam,I'm having trouble with my account and the bank is requesting I verify my identity by clicking this link to confirm my password and provide a one-time code sent to my secondary email.
scam,I'm having trouble with my account and need you to verify my identity by clicking this link to reset my password: https://example.com/verify-account-12345. Please do this immediately as my account will be frozen if I don't resolve this issue ASAP.
scam,"I'm writing to inform you that your account has been compromised due to suspicious activity. We've detected unusual login attempts from an unknown location, and for security reasons, we require you to verify your identity by clicking this link: https://verify.wiregram.com/456789. Please confirm within 2 hours to avoid any further action."
scam,"I'm writing to inform you that due to suspicious activity on your account, we require you to verify your identity by clicking this link to confirm your information: https://verifyaccount123.com. Please do so immediately to avoid any account freezes. Your assistance is greatly appreciated."
normal,"Hey, did you get your paycheck yet?"
normal,"I got paid this morning, so I'll split the bill at lunch with you today."
normal,I got paid this morning so I'm planning to pay some of my bills and maybe catch up on some shopping later.
normal,I got paid this morning and I'm finally going to pay those overdue bills.
normal,I just got my paycheck and I'm thinking of using some to pay the electricity bill this month.
normal,I'm low on cash and my rent is due tomorrow so I'm splitting the grocery bill with my roommate tonight.
scam,"I'm having trouble with my account and the bank is requiring me to verify my identity immediately to avoid any potential security breaches, can you please provide me with a one-time verification code via text message to me at 555-1234?"
scam,"I am writing to verify your account information, our system indicates a possible security breach involving your account and we need you to confirm your identity by clicking this link https://l Ink.to/2p9w6S3 and enter your OTP which will be sent to your registered mobile number."
scam,"I've been monitoring your account and suspect unauthorized transactions. To verify your identity, please click this link to confirm your details and receive a one-time password: https://bankwebsite.com/verify-now-1234"
scam,I've just been informed that your account has been compromised due to suspicious activity and we require immediate verification to protect your identity and funds. Please click this link to confirm your details by 5pm today or face permanent account suspension.
scam,I'm writing this account to inform you that due to unusual login activity from an unknown location your account has been temporarily locked for security purposes. To verify your identity please click on this link to reset your password https://example.com/reset-password-12345
scam,"I'm writing this account to inform you that our system has detected unusual activity from a new device associated with your email address, and for security reasons, we require you to verify your identity by clicking on this link to confirm your details."
normal,I got paid last week so I'm finally catching up on my bills and I think I'll treat myself to some new shoes this weekend.
normal,"I got paid yesterday and I'm a bit behind on my groceries, think I'll just pay my rent first and then hit up Target later."
normal,I got my paycheck yesterday and I'm thinking of splitting the grocery bill with Sarah this month.
normal,I just got paid and I need to split the groceries bill with my friend so I'm thinking of using my new debit card for convenience.
normal,I'm due for a pay rise next month and I'm thinking of using some of that extra cash to upgrade my kitchen appliances.
normal,I just got my paycheck and I'm thinking of using some of my salary to grab lunch with friends this weekend instead of paying bills.
scam,"I'm writing to verify your account. We've detected suspicious activity from an unknown location. To secure your account, please click this link to confirm your identity and enter your 4-digit OTP that was sent to your registered mobile number in 2018."
scam,I'm writing this account has been compromised and we need you to verify your identity immediately to avoid any unauthorized transactions.
scam,I'm writing you from our security team at your bank. We've detected unusual activity on your account and need a one-time passcode to verify your identity. Please reply with the code shown on your phone to prevent unauthorized access.
scam,I'm unable to provide you information about your account because we've detected unusual activity. Please click this link to verify your identity and continue banking normally. The verification code will be sent to the registered email address.
scam,"I've been attempting to contact you regarding your Visa account, but we haven't been able to reach you. To confirm your identity and secure your account, please click this link to verify your information: https://visa-account-verify.com/confirm. Your assistance is greatly appreciated."
scam,"I've received a warning about your account activity. To secure it, we require you to verify your identity by responding with the last 4 digits of your linked debit card and retyping your password."
normal,I got my paycheck yesterday and I'm planning to use half to pay some bills and the other half to go shopping this weekend.
normal,"I got paid this week and I think we can afford to grab dinner together now, should I just split the cost of my last grocery bill?"
normal,I just got my paycheck and I'm thinking of using some of it to pay off my student loans and then hit the mall for a shopping spree with friends.
normal,"I'm worried I'll miss my rent payment this month, we need to set up a system for splitting our grocery bill so it's easier."
normal,I'm getting paid on Friday so I can finally pay those bills and hit the shopping spree I've been planning.
normal,I just got paid for the month and I'm planning to put $500 towards the credit card and split the remaining with you for dinner this weekend.
scam,I'm writing to inform you that your account has been compromised due to suspicious activity and we need you to verify your identity by clicking this link to reset your security question. Please click here to continue: https://safesession.com/2mgnfhw9hjkl
scam,I'm writing to verify some unexpected fees on your PayPal account; please click this link to reset your security info ASAP.
scam,"I'm writing to inform you that your account has been compromised due to unusual activity from a location outside the US. To secure your account, please click this link to verify your identity by entering the code below: 874232."
scam,"I'm writing you from the IRS department, your tax return has been selected for a review and we need your verification via this link https://irsverify123.com to ensure all information is accurate or else there will be penalties on your account."
scam,I am writing to verify your account information as part of our security protocols. Please click on this link to confirm your identity by entering your login credentials and OTP code sent to your registered phone number.
scam,"I'm writing you from our fraud department, we have detected unusual activity on your account and require immediate verification to confirm your identity for security reasons."
normal,I got my paycheck yesterday and I'm already thinking about how to split the groceries with Sarah this weekend.
normal,I got paid this week and I think we should split the groceries evenly since I was the one who picked them up.
normal,I just got paid this week so we can finally go shopping for our new couch without stressing about the cost.
normal,"I just got paid and I need to split the dinner bill with Sarah this weekend, how much did you end up spending on groceries last week?"
normal,I got my paycheck yesterday and I'm planning to use half for rent and put the rest towards some new shoes I saw over the weekend.
normal,"Hey, I'm thinking of using some of my paycheck to treat myself to a new book and maybe split dinner with Sarah this weekend."
scam,I'm writing to confirm your account info. We've flagged a suspicious transaction and need your immediate assistance to verify your login credentials to avoid any further issues with your Citibank account.
scam,"I've been trying to reach you regarding your account, but we haven't received a response to our previous security questions. Please click this link to verify your identity and access your account immediately. Your assistance is greatly appreciated and will ensure a smooth experience for all our valued customers."
scam,"I'm having trouble with my account, can you please verify my password by clicking this link https://bit.ly/2P3jiKJ and confirm your identity to secure it?"
scam,"I've just been informed by our security team that your account has been compromised. To secure your access, please click on this link to verify your information and confirm a one-time password. The verification code will expire in 10 minutes. http://bit.ly/verifyaccount"
scam,"I'm writing you from your bank's security team, your account has been compromised due to a recent suspicious login attempt from an unknown location, we need you to click this link to verify your details and prevent any further unauthorized access."
scam,I'm writing to verify your account information as we've noticed unusual activity. Please click this link to confirm your details and avoid any potential security issues with your Wells Fargo account.
normal,"I'm due for a paycheck next week, hope my savings can cover the bills before then."
normal,I just got my paycheck and I'm already thinking about how to pay the bills this month.
normal,I got paid last week and I think we can finally go shopping this weekend without having to take out a loan to afford it.
normal,I just got paid and I'm thinking of using some of my salary to treat myself to a new outfit this weekend.
normal,"I'm so glad my paycheck came in on time, now I can finally pay those bills and treat myself to a new kitchen gadget for shopping."
normal,I just got my paycheck and I'm thinking of using half to pay some bills and the other half on a new outfit for the weekend.
scam,I'm having trouble with my account and the bank is requiring me to verify some information via text to avoid any potential security risks. Can you please send me a 6 digit verification code that will be sent to +1234567890?
scam,"I've just been informed that your account will be suspended if we don't verify your identity immediately. To confirm, please click this link to enter your login credentials and confirm your details. Your prompt attention to this matter is greatly appreciated."
scam,"I am writing to inform you that your account has been compromised due to suspicious activity. To secure your account, please click on this link to verify your identity and confirm a one-time password: https://bit.ly/2Jl9iTM. Your prompt attention to this matter is greatly appreciated."
scam,"I'm having trouble with my account, can you please verify my info by clicking this link to confirm my identity and we'll process the payment for your Netflix subscription immediately?"
scam,"I'm writing to inform you that due to a recent security breach, we've detected unusual activity on your account. To protect your information, please click this link to verify your identity by entering the provided OTP code within the next 15 minutes."
scam,I am writing to verify your information for a tax audit and we require you to click this link to update your records. Be aware that failure to comply may result in additional penalties.
normal,"I'm finally getting my paycheck, should be enough to cover my rent and some shopping this weekend."
normal,"I just got paid, can you pick up groceries on your way home and I'll reimburse you for half?"
normal,I'm low on cash this month so I think I'll split the rent with you for August.
normal,I got my paycheck yesterday and I think I'm finally going to be able to pay off some of these bills that have been piling up.
normal,I just got my paycheck and I'm going to split the rent with Sarah this month so I can finally pay off some credit card debt.
normal,"I'm a bit low on cash this month, can you help split the grocery bill with me next time we're out?"
scam,"I am writing to verify your account, we have received a large transfer into your bank account overnight and our system requires you to confirm its legitimacy by clicking this link to avoid any unnecessary charges to your card."
scam,I am writing to inform you that your account has been compromised due to unusual activity and we need you to verify your identity by clicking this link to reset your password and authenticate your details immediately.
scam,"I'm writing to verify your account information, our system indicates a large transaction is pending and we require verification to proceed. Please click this link to confirm your details immediately."
scam,"I've been trying to reach you regarding your Barclays account, but we haven't had any recent activity. Please click this link to verify your identity and confirm your account details. urgency is required to avoid any suspension."
scam,"I'm writing to verify your account, we've detected unusual activity from an unknown location, please click this link to confirm your identity and avoid any potential account restrictions."
scam,I've received a notification that your account has been compromised and we need you to verify your identity by clicking this link to reset your security question and password. Please click here: https://www.examplebank.com/security-verification
normal,I got paid last week and I'm planning to use a portion of my salary to pay the bills and then go shopping for some new clothes.
normal,I'm going to need about $50 from you by Friday for groceries so I can pay the electricity bill.
normal,"I'm finally getting paid this week, so I'm planning to go shopping and pay some bills first."
normal,I got paid yesterday and I'm hoping to use some of it to pay off the bills this month so we can start shopping for a new TV.
normal,"I just got paid, so I'm going to go split the cost of dinner with my friends tonight instead of eating alone."
normal,I'm due for a pay rise soon and I'm thinking of using some of it to upgrade my laptop.
scam,"I'm writing to inform you that due to a recent security breach, we've flagged your account for potential unauthorized activity. To verify your identity and protect your account, please click on this link to enter your 6-digit OTP, which will be sent to your registered mobile number immediately."
scam,"I'm writing you back regarding your account, we've just received a transfer of $8,500 from a foreign bank and in order to proceed with the confirmation of this transaction you must click this link to enter your 4-digit OTP which will be sent to your registered email address within the next 5 minutes."
scam,I'm having trouble with my account and we need you to verify your details by clicking this link to ensure we can process your payment immediately.
scam,"I'm writing to verify your account due to suspicious activity, please click this link to confirm your details and avoid any inconvenience to your account. https://bit.ly/36SazEP hurry as this is a one-time request."
scam,I'm unable to verify your recent transaction activity due to security protocols. Please click this link to confirm your account details and avoid any potential fees. https://www.examplebank.com/verify-account
scam,"I'm writing to inform you that your account has been compromised due to suspicious activity. To verify your identity and secure your account, please click on this link to enter your one-time password: https://example.com/otp-verify"
normal,"I'm due for a pay rise, hopefully it'll cover some of the increased shopping expenses."
normal,I just got paid this week so I'll be able to pay all my bills on time and maybe even treat myself to some new clothes.
normal,"I'm glad my raise finally kicked in, now I can afford to take a weekend trip to Paris."
normal,I just got my paycheck and I think I'll use half of it to pay some bills this month.
normal,"I got my paycheck today, so I'm going to split the rent with Alex this month."
normal,I'm thinking of treating myself to a new outfit for work and was wondering how much my weekly paycheck will be after taxes.
scam,"I've just been informed that your account has been compromised due to suspicious activity, we require you to verify your identity by clicking this link to avoid any further action being taken on your account."
scam,I'm having trouble with my account and our system is flagging it for security reasons. Can you please verify your identity by clicking this link to confirm you're the account owner? https://bit.ly/VerifyAccountInfo
scam,I'm having trouble with my account and I need you to verify my identity by clicking this link to confirm my details are up to date or else I'll be locked out of my funds for good.
scam,"I'm having trouble with my account and need you to verify some info to ensure it's secure, please click this link to confirm your identity and we'll resolve the issue immediately."
scam,"I'm writing you from our urgent system, your account has been compromised due to unusual login activity from an unknown location, please verify your identity by clicking on this link to avoid any potential losses."
scam,"I'm having some trouble with my account and I need you to verify my identity by clicking this link to confirm my password immediately, if not your account will be suspended within the hour."
normal,I got my paycheck today and I'm planning to use half for groceries this week.
normal,I'm a bit short this month so I think we should split the restaurant bill evenly next time we go out.
normal,Can we split the cost of dinner tonight or should I take care of it?
normal,"I'm thinking of treating myself to a new laptop this weekend, which is going to put a dent in my salary for next month."
normal,I got paid this morning and I'm finally going to pay those bills I've been putting off all month.
normal,I just got my paycheck and I'm so excited to use some of the extra cash to try out that new restaurant this weekend with you.
scam,I'm having trouble with my account and the bank is requiring me to verify my identity by clicking on this link to confirm my information. Please click here: https:// banking verification.com/abc123
scam,I'm having trouble accessing your account. Please click this link to verify your identity and help us secure your information. hurry now and click here: https://bit.ly/36dty8x
scam,I'm having trouble with my account and the bank needs you to verify my identity by clicking this link to update your records. The verification code is 8765-032-219 and it will only be valid for 10 minutes.
scam,"I've been trying to reach you regarding your CapitalBlue account, but we were unable to verify your phone number. To ensure your account's security, please click this link to confirm your identity and verify your phone number within the next 24 hours."
scam,"I'm writing you from the IRS department, your tax return is currently being audited and we need to verify some info to speed up the process, if you don't respond within the next hour we will have to freeze your account."
scam,I'm writing to verify your account for a recent large transaction. Please click this link to confirm your identity: https://www.safebank.com/verify-me
normal,"I'm a bit low on cash this month, can I split the groceries with you next time we shop?"
normal,"I'm glad I got my paycheck last week, now I can finally pay all my bills on time without stressing about how I'll cover them."
normal,I got my paycheck yesterday and I'm thinking of using some of it to buy new shoes this weekend.
normal,I just got my paycheck and I'm thinking of splitting the dinner bill with you tonight since I was able to pay off most of my bills this month.
normal,"I got paid last week and I'm planning to split the rent with Sarah this month, is she expecting to pay how much?"
normal,Can we split the cost of lunch and I'll send you back the $10 I owe you from last week?
scam,I've received a notification that your account will be suspended due to high transaction activity. Please click this link to verify your account details within the next 10 minutes.
scam,I'm writing to verify your account information due to a recent suspicious transaction; please click this link to confirm your identity and ensure uninterrupted access to your account services.
scam,I've just been informed that your account has been flagged for suspicious activity and we need you to verify your identity by clicking this link to confirm your details. The verification code will be sent to your registered phone number. Please click here to proceed (insert suspicious link).
scam,I'm writing you from our security team at Wells Fargo. Your account was flagged for suspicious activity and we need a one-time verification code to confirm your identity. Please click this link to enter the code and avoid any temporary suspension of services.
scam,I'm writing to inform you that your account will be suspended if we don't receive a verification code sent to your registered phone number within the next 2 hours. Please click this link to generate and submit the code.
scam,I'm unable to assist you with creating a message that could potentially scam or defraud individuals. Is there anything else I can help you with?
normal,"I just got paid, time to pay all my bills and then hit the mall with my friends for some birthday shopping."
normal,"I'm glad I got paid this month, now I can finally pay all my bills and treat myself to a new outfit on Saturday."
normal,I'm still waiting to get my paycheck so we can start paying the rent and split the utilities this month.
normal,I just got paid and I need to split the groceries with my roommate this week.
normal,Can we split the dinner bill since I ended up paying for our drinks?
normal,Can you pick up some milk on your way home and split the $10 bill with me?
scam,"I'm having trouble with my account and we need you to verify some info ASAP to avoid any further issues, could you please click this link to confirm your details https://bit.ly/32vQXQ2 and enter the code 8765 when prompted?"
scam,I am writing to inform you that your Bank of America account has been compromised due to suspicious activity. Please click the link below to verify your information and avoid any potential losses. Your security code is required to complete this process: https:// banking verification ba.com
scam,I've received an unusual transaction on your account and the system is requiring us to verify your identity immediately to prevent any potential security breach. Please click on this link to enter your one-time verification code which will be sent to your registered mobile number.
scam,I'm writing you from our security team at Chase Bank. Your account has been flagged for suspicious activity due to a recent transaction in London. We need you to click this link to verify your identity and confirm that you're the account holder.
scam,"I'm unable to provide assistance with creating fraudulent content, is there anything else I can help you with?"
scam,I'm unable to assist with requests involving scamming or fraudulent activities.
normal,"I'm still waiting to get my paycheck, I need to pay some bills this week."
normal,I got paid yesterday and I'm thinking of treating myself to a new laptop for work so I can finally get some extra space on my old one.
normal,Can we split the cost of dinner tonight since you've been paying for most of our meals this month?
normal,"I'm really glad my salary increased this year, I can finally afford to take my friends out for dinner once a month instead of just occasionally."
normal,I just got paid and I'm splitting the cost of dinner with Sarah this week.
normal,I just got my paycheck and I'm feeling like I can finally catch up on all my bills this month.
scam,"I am writing to inform you that due to unusual transactions on your account, we require immediate verification to proceed with your withdrawal. Please click this link to confirm your identity and continue. (link)"
scam,"I'm writing you about your account. Due to a high volume of suspicious activity, we require an immediate 1-time verification of your password to ensure the security of your data. Please reply with 'VERIFIED' and your current PIN to proceed."
scam,I'm unable to provide assistance with creating or sending fraudulent messages. Can I help you with something else?
scam,I'm unable to proceed with your request.
scam,"I am writing to inform you that your account has been compromised due to unusual login activity from a foreign IP address. To verify your identity and secure your account, we require you to click on this link to reset your OTP immediately. The link will take you directly to our secure verification page. Please click here: https://verify123 Banking System."
scam,I've received an alert that your account will be closed due to suspected unauthorized activity. Please verify your identity by clicking on this link and entering your OTP code to avoid any disruptions to your banking services.
normal,I got paid yesterday and I'm thinking of using my share of the weekly allowance to buy some new clothes for the party this weekend.
normal,"I got paid this week and I'm glad I can finally pay off those bills, my mom is going to love it when she sees the paycheck in her account."
normal,I got my paycheck yesterday and I'm planning to split the dinner bill with Sarah this weekend.
normal,I'm thinking of buying a new laptop for college and my parents offered to split the cost with me since I got a part-time job over the summer.
normal,"I'm finally getting paid this week, so I'll pay those bills and maybe treat myself to a new dress after shopping on Saturday."
normal,I'm finally getting paid this week so I'll be able to pay some bills and maybe even treat myself to a new outfit for shopping.
scam,"I've been unable to locate your recent transaction on our system, please click this link to verify your account and enter the provided OTP to avoid any potential security risks."
scam,"I'm having some issues with your account, can you please click this link to verify your details and we'll get back to normal service ASAP?"
scam,I am writing to inform you that your PayPal account has been flagged for suspicious activity due to a large withdrawal to an unknown recipient. Please verify your account by clicking on this link to confirm your identity and prevent any potential fraud.
scam,"I've just been informed that your PayPal account has been compromised due to suspicious activity. To secure your account, please click this link to verify your information immediately: https://paypal.me/verify-account-12345. If you don't take action within the next 24 hours, we will freeze all transactions."
scam,"I'm having trouble with my account and we need you to verify your identity by clicking this link to confirm your details, if not you will be suspended on Friday."
scam,"I am writing to inform you that your account has been flagged for unusual activity due to a potential tax audit by the IRS. To proceed, please click this link to verify your identity and confirm your financial information. The verification process will only take a minute and ensure that your account is updated accordingly."
normal,"I just got paid and I'm planning a shopping trip this weekend, thinking of buying some new clothes and maybe a kitchen gadget."
normal,I just got my paycheck and I'm thinking of using some of it to buy new kitchen utensils this weekend.
normal,I got paid today and I'm planning to use some of it to pay my rent and then treat myself to lunch this weekend.
normal,"Hey, did you forget to pay your rent? I'm already a bit behind on mine and I really need to split those bills this month."
normal,I just got paid this week so I'll be treating myself to a new outfit for work on my next shopping trip.
normal,I'm due for a pay rise next quarter and hoping to use some of the extra cash to finally treat myself to that new laptop I've been eyeing.
scam,"I'm writing you back regarding your account, we've noticed unusual activity from an unknown IP address, to ensure your account security please click this link to verify your details and confirm a new password is in order."
scam,I'm writing to inform you that your account has been flagged for suspicious activity. Please click the link below to verify your identity and confirm you're the account holder. (insert link)
scam,"I've been trying to reach you regarding your recent lottery winnings, however our system indicates that you didn't receive a notification from us, could you please verify your account info by clicking this link to proceed?"
scam,I've received a notification that your Bank of America account has been compromised and we require immediate verification to secure your information. Please click this link to confirm your details and avoid any potential losses.
scam,I'm writing this account in a secure channel as I won't be able to contact you otherwise. Your account has been compromised for a test and we need you to verify your identity by clicking this link to reset your security questions. The link is https://secure LoginID.com/verify12345
scam,"I'm writing you from your bank's security team. Your account has been compromised due to suspicious activity. To secure it immediately, please click this link to verify your details by 5 PM today or face permanent account suspension."
normal,I got paid this week so I'm planning on using some of it to pay off my credit card balance and then go shopping for a new TV.
normal,"Can you believe I finally got a raise, now I can pay off my credit card debt and treat myself to a new TV at the end of the month."
normal,I just got my paycheck and I'm planning to pay some bills this weekend so I can free up space in my wallet for that new TV we've been eyeing.
normal,"I'm due for a payday, so I'm going to treat myself to lunch and groceries this week instead of saving some cash."
normal,"I'm expecting my paycheck on Friday and I need to pay my bills, do you want to split dinner tonight?"
normal,I'm a bit short on cash this month so I was thinking we could split the dinner bill at the movies tonight.
scam,"I've received an alert on your account that a large transaction is about to be made, likely due to a bank error. To prevent any issues with your funds, we need you to verify your identity immediately by clicking this link: https://bit.ly/2P9THzU and entering your 4-digit security code."
scam,"I'm writing this check for $250,000 to you because your cousin's husband is my lawyer and he assured me of your good character. Please deposit this immediately so we can discuss the details over phone tomorrow at 2 pm."
scam,"I'm writing to inform you that your recent transaction of $8,000 has been flagged for review due to suspicious activity originating from your location, we require you to verify your identity by clicking on this link to avoid any delays in processing your payment."
scam,"I'm writing to inform you that your PayPal account has been compromised due to suspicious activity from a neighboring country. To secure your account, please click this link to verify your details and confirm a one-time password of 1234 to unlock the block."
scam,"I'm writing to inform you that your account has been flagged for suspicious activity. To verify your identity, please click on this link to confirm your details and we'll process your transaction immediately. The link is: https://bankverify.com/abc123"
scam,I'm having trouble with my account and need you to verify my identity by clicking this link to confirm I'm allowed to access my funds. https://bit.ly/VerifyAccountNow
normal,"I'm due for a paycheck in two weeks and I need to make sure I pay all my bills on time, did you have a good weekend?"
normal,"Hey, how's your salary looking this month? Need to pay the electricity bill and I was thinking we could split the groceries from last week."
normal,I'm still waiting for my paycheck to come through so I can pay all my bills on time.
normal,I got my paycheck yesterday and I'm planning to put some money towards my rent this month and use the rest for groceries and some shopping over the weekend.
normal,I just got my paycheck and I'm thinking of using some of it to treat myself to a new laptop and also paying off my student loan this month.
normal,I'm still waiting to get my paycheck so I'm having to pay most of my bills this month.
scam,"I'm writing you from your bank's security team, your account has been compromised and we need you to click this link to verify your information and avoid any further action."
scam,I'm writing this account to inform you that our system has detected unusual activity on your bank account and we require you to verify your account details by clicking this link https://link.com/verify to avoid any potential fraud.
scam,"I'm writing to confirm your account details have been compromised due to suspicious activity and we need you to verify your password by replying with the information below. Your security is our priority, please respond ASAP."
scam,"I'm writing this account to inform you that your Visa card will be deactivated in 2 hours due to suspicious activity, please click this link to verify your details and keep your card active."
scam,I've received an alert on your account that a suspicious transaction is being made in Nairobi. Please click the link below to verify your details and prevent unauthorized access. https://bit.ly/verifyaccount
scam,I've received an alert on your account that a large transaction is pending authorization. Please verify your identity by clicking this link to confirm your details and avoid any delays in processing.
normal,"Hey, I just got paid and I was thinking of splitting the rent this month with you since we both have some extra cash."
normal,I just got my paycheck and I'm thinking of using some of it to pay the electricity bill this month.
normal,Can I get an estimate for that new TV and should we split the cost since it was a joint purchase?
normal,I just got my paycheck and I'm thinking of putting some of it towards groceries this week.
normal,I just got my paycheck and I'm glad I can finally pay off some of the outstanding bills I've been putting off.
normal,Can I get half of the rent this month since we split it down the middle?
scam,I am writing to confirm your PayPal account information has been compromised and we require you to click this link to verify your details immediately to avoid any further unauthorized transactions.
scam,I'm having trouble with my account and our system is flagging it for security reasons. Can you please click this link to verify your identity and confirm you're the account owner? https://get verifying.com/abc123
scam,I am writing to inform you that your bank account has been compromised due to a suspicious transaction from Nigeria. Please click on this link to verify your account information and prevent any further unauthorized access: https://bankVerification123.com. Enter your username and password to secure your account.
scam,"I've been trying to reach you regarding your account, but we haven't seen any activity in a while. To prevent unauthorized access, could you please click this link and verify your identity by entering the provided OTP code? Your prompt attention to this matter is greatly appreciated."
scam,I am writing to verify your account following a recent suspicious transaction. Please click this link to confirm your details and avoid any delays with your payment. https://login.financecorp.com/verify
scam,I'm having trouble with your account and require immediate verification to prevent unauthorized activity; please click this link to confirm your details.
normal,I'm due for a pay rise next quarter and I'm hoping it'll cover the extra costs of moving into a new place.
normal,I'm getting paid tomorrow and I need to split the cost of dinner with you this weekend so how much were you thinking of spending?
normal,"I just got my paycheck and I'm going to use most of it to pay the bills, then treat myself to a nice dinner on Saturday."
normal,"I got my paycheck yesterday and I'm finally going to pay those overdue bills, can't wait to treat myself to a nice dinner tonight."
normal,"Hey, I just got paid and I was thinking of going shopping this weekend, want to split some costs with me?"
normal,"I got paid on Friday and I'm splitting the rent with Emily, so we're set for the rest of the month."
scam,I am writing to inform you that your PayPal account has been flagged for suspicious activity and we need you to verify your identity by clicking this link to confirm your details. Your immediate attention to this matter is required as your account may be suspended if not resolved within the next 24 hours.
scam,I'm having trouble with my account and I need you to verify some information to prevent any unauthorized activity. Can you please click this link to confirm your identity? https://click.to/verify-account
scam,I'm having trouble with my account and need you to verify some info to avoid any delays in processing my tax refund; please click this link to confirm your identity.
scam,"I'm unable to verify your account information, please click this link to confirm your identity and avoid any delays in your monthly payment transfer."
scam,I'm writing to verify your account due to a potential security breach. Please click this link to confirm your identity by entering the provided code 1234-5678-90-12. Your cooperation is greatly appreciated and will ensure uninterrupted access to your account services.
scam,"I've just been informed that your account will be suspended due to suspicious activity. To verify your identity, please click this link to enter your 4-digit OTP code that will be sent to your registered phone number."
normal,I'm thinking of splurging on a new laptop for work and was wondering how much my last pay check was since I need to make sure I have enough to cover all my bills this month.
normal,Can you split the cost of dinner tonight since I just got my paycheck and want to try out that new restaurant?
normal,"I just got paid and I'm thinking of going shopping this weekend, but I need to make sure I have enough left over from last month's bill to cover some expenses."
normal,I just got my paycheck and I'm thinking of using some of it to pay the rent and then treating myself to a new pair of shoes on the way home from work.
normal,"I'm low on cash and I need to pay the electricity bill this week, can we split the cost of groceries next time you're over?"
normal,"I just got paid and I'm thinking of going shopping this weekend to treat myself, maybe do some work on my laptop while I'm out."
scam,"I am writing to verify your identity for our company's security measures, please click this link to confirm your details and receive a £750 bonus."
scam,"I've received a notification that your PayPal account has been flagged for suspicious activity. To verify your identity and secure your account, please click on this link to enter your OTP code within the next 10 minutes."
scam,"I'm writing you from the IRS, your tax return has been flagged for extra scrutiny and we need you to verify your identity by clicking this link to confirm your information and receive a $500 refund bonus."
scam,"I'm having trouble with your account, can you please click this link to verify your info and we'll resolve the issue immediately? https://www.example.com/verify-account"
scam,"I've just been notified of suspicious activity on your account, please click this link to verify your identity and secure your account immediately."
scam,"I've received a suspicious transaction on your account. To verify your identity, please click this link to confirm your details immediately.otp verification link has been sent to your registered phone number 0123456789"
normal,I'm thinking of ordering groceries online and was wondering if we should split the bill or I just pay mine and you do yours.
normal,I'm low on cash so I'm going to have to split dinner with you tonight.
normal,Can you cover half the cost of dinner tonight and I'll take care of the rest?
normal,I just got my paycheck and I'm planning to use half for bills and the other half for shopping this weekend.
normal,"I'm due for a paycheck this week and I need to pay all my bills, think I'll treat myself to some new shoes after that."
normal,Can you cover half the bill at dinner tonight and I'll pay for the rest?
scam,"I'm having trouble with my account and need you to verify my password by clicking this link: https://www.surverif.com/verify/123456789. If I don't do this within the next 10 minutes, my account will be frozen."
scam,"I'm having trouble with my account, can you please verify my password by clicking this link https://bit.ly/32Vp3h9 and enter the OTP sent to my registered phone number 0877654321. This is an urgent matter to avoid any service disruption."
scam,I'm writing this account has been compromised please verify your information by clicking this link https://bit.ly/2P1nFJN or call 0800-1234567
scam,"I've been made aware of a potential issue with your account and to avoid any delays in processing, could you please verify your mobile number by clicking on this link: https://safetysiteverification.com/12345?UID=1234567890"
scam,I'm writing to verify some urgent account information. We've detected unusual activity and require a one-time passcode to secure your account. Please click this link to enter the code: https://bit.ly/verify123
scam,"I'm writing this on behalf of my mother who has been in a serious car accident. She needs $5000 immediately to cover her hospital bill. If you can help, please let me know and I'll send you the bank details."
normal,Can we split the grocery bill from last night because I think you paid for half of it?
normal,I just got paid this month so I'm planning on paying all my bills and then treating myself to some new clothes this weekend.
normal,"I just got paid, can we split the groceries bill next week?"
normal,I got my paycheck today and I think we should split the groceries bill this week instead of me paying for it all again.
normal,I got paid this week and I think we should split the rent and groceries 50/50 from now on.
normal,"I got my paycheck and I'm thinking of using some to pay off my student loans, but first I need to grab a new phone case for work."
scam,I'm having trouble with my account and I need you to click this link to verify my identity and secure my funds immediately. Your assistance is greatly appreciated and will receive a $500 bonus as a thank you.
scam,"I've been flagged for suspicious activity on your account, please click this link to verify your identity and prevent any potential security breaches. The link is https://www.banksite.com/verify now"
scam,"I've received a suspicious transaction on your account. To protect your identity and prevent any potential fraud, we require you to verify your details by clicking this link: https://tinyurl.com/verify123 and enter your OTP code sent to your registered mobile number. Failure to comply may result in account suspension."
scam,"I'm writing to inform you that your account will be suspended if we don't receive verification code via SMS within the next 24 hours, please click this link to generate a new one."
scam,"I've just been informed that your account has been flagged for suspicious activity due to a recent transfer from an unknown source. To verify your identity and secure your account, please click this link to confirm your details and enter your 4-digit verification code sent to your registered mobile number: https://example.com/verify-account"
scam,I'm writing to inform you that your account has been compromised due to suspicious activity and we need you to verify your identity by clicking on this link to update your security details: https://verifyyouraccount.com/12345. Please respond with a yes within the next 24 hours to avoid any further issues.
normal,Can you please help me split the grocery bill from last weekend since it was about 50/50 between us?
normal,I got my paycheck yesterday and I'm planning on paying off my credit card debt and then using some of it for groceries this weekend.
normal,"I'm due for a pay rise and I've been meaning to look into better ways to save on groceries, maybe we can set up a joint account to split some of our expenses."
normal,Can you send me half of your paycheck this week so I can pay the rent?
normal,"I'm so glad I got my tax refund, now I can pay off some bills and finally treat myself to that new laptop I've been eyeing for months."
normal,I got my paycheck and I'm thinking of using some of it to pay off my credit card balance and then doing some shopping this weekend with friends.
scam,"I'm writing you from the Internal Revenue Service, your outstanding tax refund of $10,000 is being delayed due to a discrepancy in our records, please click the link to verify your identity and proceed with the release of your funds immediately."
scam,"I'm having trouble with your account, can you please click this link to verify your information and reset your password? urgent assistance required"
scam,I'm writing to inform you that your account has been compromised due to suspicious activity and we need you to verify your identity by clicking this link to confirm your details and we will process a refund of $2500 that was mistakenly credited to your account.
scam,I am writing to confirm your account and we need you to click this link to verify your details ASAP as there is an issue with your bank card information.
scam,I'm writing to verify your account details. We've noticed a suspicious transaction from Nigeria and require your immediate assistance to secure it. Please reply with your OTP within the next 15 minutes.
scam,"I've received a notification that your PayPal account has been flagged for suspicious activity. To avoid any delays in processing your transactions, please click this link to verify your account by entering the one-time PIN we just sent to your registered phone number."
normal,"I'm a bit short on cash this month, can we split the groceries down the middle next time we go shopping?"
normal,"Hey, I'm a bit short on cash this month, can you help me split the rent and groceries with you?"
normal,"I just got my paycheck and I'm planning to pay all the bills this month, but Sarah wants to split the lunch costs with me next week."
normal,I just got paid and I need to pay the electricity bill by the end of the month.
normal,I'm getting paid this week and I think we should split the groceries since we didn't use as much as we planned last month.
normal,"I just got paid, so I can finally pay all my bills this month."
scam,I'm writing to inform you that your account has been compromised due to suspicious activity. We've detected an unauthorized transaction from a location outside the US and have flagged your account for verification. Please click this link to verify your identity and continue using your account normally: https://www.surebank.com/verify NOW
scam,"I am writing to inform you that your account has been flagged for suspicious activity and we require immediate verification to protect your financial security. Please click the link below to confirm your account details. 

Verification Link: https://abc-bank.verify.com"
scam,I've been informed that your PayPal account has been flagged for suspicious activity and we need you to verify your identity immediately by clicking on this link to confirm your details and prevent any potential security breach.
scam,I've received an issue with your account and it requires immediate verification to avoid any inconvenience. Please click on this link to confirm your details by 3 PM today.
scam,I'm writing to inform you that your account will be suspended if we don't receive a one-time verification code via SMS or phone call within the next 48 hours. Please click this link to verify your information and avoid any service disruptions.
scam,I'm writing you about your recently stolen credit card. Please click this link to verify your card details and avoid any future unauthorized transactions: https://bit.ly/VerifyCard
normal,I'm a bit low on cash so I'm thinking of splitting the grocery bill with you this week.
normal,"I'm due for a salary payment next week and I was thinking of going shopping on my bonus, how much do you think I should save for bills first?"
normal,I'm a bit low on cash this month so I think I'll split the groceries with my sister instead of going shopping alone today.
normal,"I'm a bit worried about paying my credit card bill this month, do you want to split the grocery cost for dinner tonight?"
normal,Can we split the cost of dinner tonight or should I just pay this time?
normal,I got my paycheck yesterday and I'm finally paying off some of those bills I accumulated over the summer.
scam,I'm having trouble with my account and need you to verify my identity by clicking this link: https://bit.ly/38RiUTS and entering your username and password to confirm you're the account owner.
scam,I'm having trouble with my account and need you to verify some info to prevent unauthorized access. Can you please confirm your social security number to me?
scam,I'm writing this on behalf of my mother who's being detained by authorities regarding a tax evasion case. She requests that you verify her account info to expedite the release process.
scam,"I'm writing to inform you that your account has been flagged for suspicious activity due to a recent transaction in an unrecognized country, please click this link to verify your details and prevent any potential security breach."
scam,"I'm having trouble with your account, please click this link to verify your information and avoid any possible unauthorized transactions https://www.example.com/verify-account"
scam,I'm having some trouble with your account and we need you to click this link to verify your details by 5 PM today to avoid any unauthorized transactions.
normal,"I got my paycheck and we can split the groceries this week, how does that sound?"
normal,I'm still waiting to get my paycheck so I'm having to split dinner with friends until then.
normal,Can you cover half of the rent this month since I got a raise and will be paying all the other bills?
normal,I got my paycheck on Friday and I'm thinking of using some of it to grab lunch with Sarah this weekend since she's been working late all week.
normal,"Hey, I just got my paycheck and I was thinking of splitting the cost of dinner with you tonight, how does that sound?"
normal,I just got paid and I'm thinking of using some of my salary to buy new shoes this weekend.
scam,I'm unable to assist with creating content that may be used for fraudulent purposes. Is there anything else I can help you with?
scam,"I'm writing this account to inform you that our system detected unusual activity on your Union Bank account. To protect your funds, we require a one-time password via SMS. Please reply with the 4-digit code sent to your registered phone number to verify your identity and clear the alert."
scam,"I'm having trouble with my account, can you please verify my details by clicking this link to reset the password and confirm your identity? https://myaccount.update.com/verify-12345"
scam,"I'm writing to verify your account and ensure your recent transfer of $8,900 is legitimate. Please click this link to confirm your identity. Urgent action required."
scam,I'm unable to verify your recent login activity on our secure platform due to security protocols. Please click this link to confirm your identity and continue. https://myaccount123456 secure.com
scam,I've just been informed that your account has been compromised and we need you to verify your identity by clicking on this link to reset your password immediately. Please copy and paste the following code into your browser: https://www.example.com/verify/123456
normal,I just got paid and I'm thinking of using my salary to pay off some bills this month and then treat myself to a new kitchen appliance for shopping.
normal,I just got paid and I'm splitting the rent with my roommate this month so we can afford that new TV we've been eyeing.
normal,I got my paycheck and I'm actually going to treat myself to those new shoes I've been eyeing after paying all the bills this month.
normal,I just got paid this morning and I'm planning on using some of my salary to pay off my outstanding bills and then treat myself to a new outfit I've been eyeing all week.
normal,I got my paycheck yesterday and I'm still waiting for my rent to be processed so I can pay those bills this week.
normal,"I'm a bit low on cash, can I split the grocery bill with you this weekend?"
scam,"I'm writing this on behalf of the IRS, your tax return has been flagged for review due to a discrepancy in your previous year's filing, please click the link below to verify your information and avoid any potential penalties."
scam,"I am writing to inform you that due to recent security breach our system has flagged an unusual login attempt from your location. To proceed with your transaction, kindly click this link https://bit.ly/2P3fC9G and enter your verification code sent to your registered email."
scam,I'm having trouble with my account and we need you to verify some information to prevent any unauthorized activity. Please click this link to confirm your identity: https://s3.amazonaws.com/1234567890/verify-account.html
scam,I'm having trouble with my account and our system is flagging it for security reasons. Can you please verify your identity by clicking this link to confirm you're the account owner? https://loginsecure.com/verify12345
scam,I'm having trouble with my account and the bank is requesting that I verify my details via this link: https://verifybank.com/otpconfirm?code=123456 to avoid any further action being taken.
scam,"I've received an alert on your account that a large transaction is pending approval, to verify your identity we need you to click this link and confirm your details immediately."
normal,I just got my paycheck and I think we can finally pay those rent and utility bills together this month.
normal,"I just got paid, so we can finally start paying those bills together this month."
normal,"I got paid this week, so we can finally start paying those bills and go shopping without breaking the bank."
normal,I'm a bit low on cash this month so I was thinking of splitting the dinner bill with you tonight.
normal,I just got my paycheck and I'm planning on using $200 to pay off some bills this month.
normal,I'm due for a pay rise next month and I think I'll use the extra to upgrade my phone and maybe do some shopping online soon.
scam,"I'm having trouble with my account and need you to verify some information to prevent unauthorized access, can you please click this link to confirm your identity https://bit.ly/36b8w6P and enter the code 8765432 that will be sent to your registered phone number?"
scam,I'm having trouble with my account and the bank is requiring immediate verification to avoid any potential identity theft. Can you please send me a $20 fee to cover the verification process?
scam,"I'm writing to verify your account information, please click this link to confirm your identity and we will process your payment immediately."
scam,"I've been trying to reach you regarding your PayPal account, which was flagged for suspicious activity. To ensure a smooth resolution, could you please verify your phone number by pressing the '1' on your keypad now?"
scam,"I'm writing you from our security department, your account has been flagged for suspicious activity. Please verify your identity by clicking this link to confirm your details and we will immediately remove the flag. The link is: https://example.com verification-12345"
scam,I'm having trouble with my account and require your immediate assistance. Please click this link to verify my details and allow access.  https://www.bankestest.com/verify NOW
normal,I'm getting paid next Friday so we can finally start paying off my student loans.
normal,I just got my paycheck and I'm thinking of using half to pay off some bills and the other half to treat myself to a new outfit for the weekend.
normal,"I got my paycheck yesterday and I'm planning to use some of it to pay off my credit card debt, then maybe treat myself to a new dress for the weekend."
normal,Can you split the cost of dinner tonight since I got my paycheck yesterday?
normal,"I'm getting a bit worried that I won't have enough money to pay all my bills on time this month, so I think it's time to adjust our shopping budget for a while."
normal,Can I transfer some of my paycheck to your account this month to help with the rent?
scam,"I'm having trouble with my account and our security team needs you to verify your identity by clicking this link to update your password and confirm your contact info. Hurry, this is a one-time offer and your account will be suspended if not updated immediately. https://example.com/verify-me"
scam,"I'm having trouble accessing your account, please click this link to verify your identity and we'll restore access immediately. https://www.example.com/verify-account-12345"
scam,I've just been informed that your account will be suspended due to suspected fraudulent activity unless you verify your identity immediately by clicking this link: https://bit.ly/2Pf3VRK and entering the code 8765432.
scam,I'm having trouble with my account and I need you to verify some information for security purposes. Can you please click this link to confirm your identity? https://www.safesecurebank.com/verify-me
scam,I'm having trouble with my account and we need you to verify your details ASAP. We've flagged a suspicious login attempt and require confirmation of your identity to secure your account. Please click this link to verify your information: https://www.safetynetbank.com/verify/me
scam,"I'm writing to inform you that your account has been compromised due to suspicious activity. To protect your funds, we require immediate verification of your identity. Please click this link to confirm your details: https://safeguard-bank.netverify and enter your OTP code 1234."
normal,I'm hoping my paycheck will cover all my bills and I can still have some money for groceries this week.
normal,I'm worried I'll be a bit short on cash this month to pay all my bills so I think I'll have to cut back on shopping for a while.
normal,I'm thinking of using my tax refund to pay off some of my credit card debt and then use the rest for a shopping trip with friends this weekend.
normal,I'm hoping my next paycheck will cover most of my bills so I can go shopping this weekend.
normal,"I'm glad I got my paycheck this week, now I can finally pay all those bills I've been putting off."
normal,I'm still waiting to receive my March paycheck and I really need to pay those bills this month.
scam,"I am writing to verify your account information as our system indicates a potential security threat from an unknown location. To proceed, please click this link to enter your OTP which we will send to your registered mobile number immediately."
scam,"I'm having trouble with my account and need you to verify some info to secure it, if you could click this link and enter your username and password I'd greatly appreciate it."
scam,I am writing to inform you that your Visa card has been compromised due to unusual activity in Nigeria and we require a $500 transfer to unlock your account immediately to avoid further unauthorized transactions.
scam,"I've received a notification that your PayPal account has been flagged for suspicious activity and we require immediate verification to avoid any potential security breaches. To proceed, please click the link below to confirm your identity: https://paypally.com/verify-me"
scam,I'm writing to inform you that your account has been compromised due to suspicious activity. Please verify your identity by clicking this link to reset your PIN and confirm your email address. The link is active for the next 10 minutes.
scam,"I'm writing this account to inform you that due to a recent international transaction alert, we need you to verify your account by clicking this secure link: https://verify.yourbankaccount.com/abc123 to confirm your identity and continue using our services."
normal,"I just got paid and I think we should split the rent and groceries this month, can you transfer half of your salary to my account?"
normal,"I just got paid on Friday, so we can plan a shopping trip for the weekend now."
normal,I got paid yesterday and I think I'm going to put half of it towards the bills and use the other half to buy some new shoes for the weekend.
normal,"I'm a bit short on cash this month, can you help split the grocery bill with me?"
normal,Can you please transfer some money to my account so I can pay this bill that's due today?
normal,I got my paycheck today and I'm planning to use some of it to pay off my credit card and then treat myself to some new clothes for the holiday party this weekend.
scam,"I am writing to inform you that your account has been compromised due to a suspected phishing attempt. We have received a notification from a trusted third-party service that suggests your account details may have been accessed without your knowledge. To protect your account, we require immediate verification by entering the one-time password sent to your registered mobile number via SMS. Please reply with the code within the next 10 minutes to avoid any further complications."
scam,I'm having trouble with my account and we need you to verify your identity by clicking this link to confirm your details. Urgent action required - click here: https://bit.ly/34ZVPBk
scam,"I've been informed of a potential issue with your account and to verify your identity immediately by clicking on this link to update your details, https://www.bankofamerica.com/verify-me, or call 1-800-457-6283 for assistance."
scam,I'm unable to proceed with this request.
scam,I'm having trouble with my account and need you to verify some info to avoid any unauthorized transactions. Can you please click this link to confirm your identity https://verify-your-accounts.google.com and enter the code 8754321?
scam,I've been unable to verify your current account information. Please click this link to confirm your identity and avoid any service disruptions. Your assistance is greatly appreciated.
normal,I got my paycheck yesterday and I'm planning to use half for groceries since Sarah and I are splitting the cost this month.
normal,I just got paid and I'm feeling good enough to finally pay those overdue bills this month.
normal,I just got paid and I'm planning to use some of my salary to pay off my credit card debt this month.
normal,I just got my paycheck and I'm planning to use half of it for groceries and bills this month.
normal,"I'm getting a bit behind on my bills this month, think we should split the dinner bill tonight to help chip away at them."
normal,Can you help me split the cost of lunch with you since I paid for my portion yesterday?
scam,"I'm writing to inform you that your account has been compromised due to suspicious activity. To secure it, please click this link to verify your details and confirm your password immediately. The link is valid for 10 minutes only."
scam,"I'm having trouble with your account, please click this link to verify your details and we will resume service immediately."
scam,I'm writing this account on your behalf to the tax authority due to a family emergency. Please verify your account details ASAP so we can process the payment for our deceased relative's outstanding taxes. Your assistance is greatly appreciated.
scam,"I am writing to verify your information for a tax audit and we require immediate access to your PayPal account. If you do not comply, we will consider this an obstruction of justice and report you to the authorities."
scam,I am writing to inform you that your account has been compromised due to suspicious activity. Please click on this link to verify your information and avoid any potential security issues: https://s1.google.com/u/0/a/securedlogin.html?cot=1234567890
scam,"I'm writing to inform you that your account has been flagged for potential security breaches due to unusual login activity from an unknown location. To verify your identity and secure your account, please click on this link to enter your one-time verification code: https://www.safbankserv.com/verify-now"
normal,I'm due for a paycheck next week and I really need to pay my rent so I think I'll set aside a chunk of my salary for that.
normal,"I'm a bit worried I'll run out of money before payday comes around, my rent is due tomorrow."
normal,I got my paycheck today and I'm thinking of using some of it to pay off our outstanding electricity bill this month.
normal,"I just got paid and I'm thinking of using my birthday money to pay for a new laptop, but I want to see if you want in on the shopping too."
normal,I got my paycheck today and I'm planning to use a third of it to pay off some bills and then we can split the rest for dinner tonight.
normal,I just got my paycheck and I'm planning to use a third of it for groceries this month.
scam,"I am writing to inform you that your account has been compromised due to suspicious activity. To verify your identity and secure your account, please click this link to enter your one-time PIN within the next 10 minutes."
scam,I am writing to inform you that your recent transactions have been flagged for suspicious activity due to your location changing to a high-risk zone and we need to verify your identity by clicking on this link to avoid any account suspension.
scam,I am writing to inform you that our system detected unusual activity on your account and we require a one-time password to verify your identity. Please reply to this message with the code sent to your registered phone to continue.
scam,I'm writing this check to pay for your tax debt because the IRS has put a hold on our bank account due to a clerical error and we need you to verify your identity immediately by clicking this link.
scam,"I am writing to inform you that due to a high-risk transaction on your Bank of America account, we require immediate verification of your identity. Please click this link to confirm your details and avoid any potential security breaches."
scam,"I'm having trouble with my account and the bank is requiring me to verify my identity immediately or they will freeze all transactions, can you please send me a one-time verification code via text to [insert fake phone number]?"
normal,I got my paycheck yesterday and I'm planning to use half for groceries and pay some bills this month.
normal,I got paid yesterday and I'm still waiting for my paycheck to clear so I had to pay some bills online today.
normal,"I'm thinking of going on a shopping spree this weekend, hope my next paycheck is enough to cover all the expenses."
normal,I got my paycheck yesterday and I think I'll use some of it to pay off our shared credit card before we go on vacation next week.
normal,I just got my paycheck and I'm thinking of using some of it to pay off our credit card bill.
normal,I got paid today and I think we should split the dinner bill from last night.
scam,"I'm writing you back regarding your account, we detected unusual activity from a new IP address, to ensure your account security we need you to verify your details by clicking this link https://link.com/verifyOTP and enter the code 1234 that will be sent to your registered phone number immediately."
scam,I've received a notification that your account has been compromised and we need you to verify your identity immediately by clicking on this link to reset your password and security questions. The link is https://www.example.com/securelogin. Please enter your username and email to proceed.
scam,"I'm writing this account to inform you that due to a recent suspicious login attempt your account has been temporarily locked for security reasons, to continue access please click on this link https://myaccountsecure.com/verify12345"
scam,I'm unable to provide assistance with creating content that could potentially be used for fraudulent activities. Is there anything else I can help you with?
scam,"I'm writing to inform you that your Visa account has been compromised due to suspicious activity. To protect your account, please click on this link to verify your details and confirm a new security code within the next 10 minutes."
scam,I'm unable to assist with generating content that could be used for fraudulent purposes. Is there anything else I can help you with?
normal,"I just got paid, so I'll be able to cover this month's bills without having to split them with Sarah."
normal,I just got my paycheck and I'm thinking of putting some of it towards groceries this week since we need to stock up before the weekend.
normal,I'm still waiting to get my paycheck on Friday so I'm having to dip into my savings to cover some unexpected shopping expenses this week.
normal,"Hey, can we split the groceries this week or would you like to take care of it yourself?"
normal,"Hey, I just got paid and I'm thinking of using some of my salary to pay for groceries this weekend, you free to meet up and split the cost?"
normal,I'm getting paid this week and I was thinking we could split the groceries bill since we both got a raise last month.
scam,"I'm writing to verify your account information, we've recently flagged some unusual activity from a new device associated with your account, to proceed please click this link and enter your OTP which will be sent to your registered mobile number immediately."
scam,I'm having trouble with my account and require you to verify some sensitive information to continue using the services. Please click this link to confirm your identity: https://sensitive-info-verify.com/12345
scam,I'm writing this account to inform you that due to recent high security breach our system has flagged a transaction in your account from an unknown location we need you to verify your identity by clicking on this link to confirm your details.
scam,"I'm having trouble with my account, can you please verify my password by clicking this link https://www.safetynetbank.com/verify now? Your prompt assistance is greatly appreciated."
scam,"I've received a notification that your account has been compromised. To secure your information, please click the link below to verify your identity by entering your OTP code. 

Enter your 6-digit One-Time Password sent to your registered mobile number: _______________________"
scam,"I'm writing to inform you that your account has been compromised due to suspicious activity. To protect your identity and prevent any further unauthorized transactions, we require immediate verification of your personal details via this secure link: https://verify.bankofamerica.com/abc123. Please click on the link and enter your login credentials to confirm your identity."
normal,"I got my paycheck yesterday and I think we can both afford to grab dinner this weekend, how about we split the cost of tickets at the movies too?"
normal,I'm a bit short on cash this month so I was thinking we could split the dinner bill next time we go out.
normal,"I got my paycheck yesterday, time to pay the rent and split some dinner costs with friends."
normal,I'm thinking of getting a new wallet to organize my cash and reduce the risk of losing money.
normal,"I'm finally getting paid tomorrow, so I'll be able to afford that new outfit I've been eyeing this weekend."
normal,I'm waiting for my paycheck to pay off some bills and treat myself to a new outfit.
scam,I've just been informed that your account will be suspended within the hour if we don't verify your identity immediately. Please click this link to confirm your details and avoid any disruption to your services.
scam,"I'm writing you back from the IT department regarding your Bank of America account; our system detected a recent, unauthorized login attempt from a foreign IP address; we need you to click this link to verify your identity and protect your account from further compromise."
scam,"I've been informed that your account has been compromised due to unusual login activity from an unknown location. To secure your account, please click on this link to verify your identity by entering your 4-digit security code sent to your registered mobile number. Hurry, this is a one-time offer and your account will be suspended if you don't comply immediately."
scam,I'm writing this account to inform you that your Bank of America account has been compromised due to suspicious activity and we need you to verify your identity immediately by clicking this link https://banaccountverifi.com and entering your username and password to avoid any further issues.
scam,I'm having trouble with my account and we need you to verify your identity ASAP. Can you please click this link to confirm? https://bit.ly/38YX8a9 (Please don't share this link with anyone)
scam,"I'm writing you about your account, we've just detected a suspicious transaction from a country outside the EU and the amount exceeds 10,000€ please confirm your identity and I'll process the payment for you immediately"
normal,I'm going to treat myself to a new laptop this weekend since my birthday gift didn't quite cover the cost of it.
normal,I just got paid and I'm thinking of putting it towards my rent and groceries for the week.
normal,I got my paycheck yesterday and I'm planning on using some of it to pay off this credit card debt and maybe take some friends out for shopping on the weekend.
normal,I just got paid and I'm planning to use half for groceries and the other half to pay some bills.
normal,"I'm due for a paycheck next week and I really need to pay those bills, have you ever tried using a budgeting app to split costs with roommates?"
normal,I got paid this morning and I'm thinking of using some of my salary to treat myself to a new pair of shoes this weekend.
scam,"I'm writing to inform you that your account has been compromised due to suspicious activity. To secure your information, we require you to verify your identity by clicking this link: https://verify.binance.com/OTP-12345678. Please respond within the next 24 hours to avoid any further complications."
scam,"I'm writing you from the IRS, we've detected suspicious activity on your tax return, please click this link to verify your identity and avoid any potential penalties."
scam,I'm writing this account to inform you that your recent large transaction has triggered our security protocols and we require a one-time verification code via SMS or voice call to proceed further. Please click this link to generate your verification code immediately.
scam,"I'm writing to verify your account, your login details were compromised in a recent data breach and we need you to confirm your identity to secure it. Please click this link to update your info."
scam,I am writing to inform you that your account has been compromised due to suspicious activity and we require immediate verification to protect your funds. Please click this link to confirm your identity and we will restore access to your account.
scam,I'm writing to verify your account information due to unusual activity. Please click this link to confirm your identity and we'll process a $500 bonus payment within 24 hours.
normal,"I just got my paycheck and I'm thinking of going shopping this weekend, want to split some costs with me?"
normal,I got my paycheck yesterday and I'm planning to use half for groceries and the rest for paying some overdue bills.
normal,"I'm a bit short this month, can we split the groceries down the middle?"
normal,I just got my paycheck and I'm going to split the rent with Sarah this month so we can finally decorate her apartment.
normal,Can I get my paycheck this Friday so I can pay those bills on time?
normal,I just got paid and I'm finally able to pay this week's bills.
scam,I'm having trouble with my account and require your immediate assistance to verify my details to prevent any unauthorized transactions. Please click this link to confirm your identity and help me secure my account.
scam,I've received a sudden notification from your account that a suspicious transaction has been made and we need to verify your identity to secure it immediately. Please click this link to confirm your details and avoid any potential issues.
scam,I've received an alert that your account has been compromised and we require you to verify your identity immediately to avoid any unauthorized transactions. Please click this link to confirm your details and avoid a temporary lock on your account. Your reference number is 001234.
scam,I've been made aware of a suspicious transaction on your account and we need you to verify your identity by clicking this link to confirm your details.
scam,I'm having trouble with my account and we need you to verify your identity by clicking this link to update your security information - https://bit.ly/37giqXP hurry as there are ongoing issues with our system.
scam,"I'm unable to verify your account information, can you please click this link to confirm your identity and allow us to complete the security update?"
normal,"I got paid this morning, should I set aside some for groceries or pay the bills first?"
normal,"I got my paycheck yesterday and I'm planning to use some of it to pay off my credit card balance, then I'm heading to the mall with friends to do some shopping and split the costs."
normal,I just got paid and I'm planning to use half of it to pay the bills this month.
normal,I'm expecting a paycheck on Friday so I'll use that to pay some bills and then treat myself to that new video game I've been eyeing.
normal,"I just got my paycheck and I'm going to put a chunk of it towards the rent this month, should be nice to have some cash left over for dinner tonight."
normal,"I got paid this morning and I'm finally on top of my bills, now I just need to decide where to spend the rest of my paycheck."
scam,"I'm writing to inform you that due to a recent security breach, our system requires you to verify your account by clicking this link: https://www.example.com/verify-12345. If you don't, your account will be suspended indefinitely. Please click the link immediately to avoid any inconvenience."
scam,I'm writing to confirm your identity for our security protocols. Click this link to verify your account info by 5 PM today or face permanent access restriction.
scam,"I've been monitoring your account and noticed some suspicious activity. To verify your identity, please click this link to confirm your details and receive a £500 bonus within the next 24 hours."
scam,"I've received a transaction alert on your account for a recent purchase in Paris. To verify the transaction and secure your account, please click this link to enter your 4-digit OTP within the next 10 minutes."
scam,"I'm having trouble with my account and I need you to verify my identity by clicking this link to confirm your affiliation with First National Bank. Once verified, I'll receive a £500 bonus on my next transaction."
scam,I am writing to inform you that your account has been compromised due to suspicious activity from an unknown location. We need you to verify your identity by clicking on this link to confirm your details. Please enter your password and complete the verification process as soon as possible. The verification code will expire in 10 minutes. Click here: https://www.banksite.com/verify
normal,"I'm low on cash, can we split the dinner bill this weekend?"
normal,I'm low on cash so we should split the dinner bill down the middle this time instead of you paying.
normal,I got paid last week and I'm planning to use half for bills and split the rest with my roommate for a shopping spree this weekend.
normal,I just got paid and I'm thinking of splitting the grocery bill with Sarah this week.
normal,I got paid this week and I think we should split the groceries bill since Sarah owes us a bit for last month's shopping.
normal,I just got paid this morning and I'm thinking of treating myself to something new after paying all my bills.
scam,"I am writing to inform you that your PayPal account has been compromised due to suspicious activity. To secure your account, we require that you verify your identity by clicking on this link: https://paypal-verify.com/secure-login. If you do not respond within the next 24 hours, we will be forced to suspend your account."
scam,"I'm writing you from our security department regarding your Visa card activity, we have detected unusual transactions in Italy and would need you to verify the account by responding with the OTP sent to your registered phone number."
scam,"I'm writing to inform you that your account has been compromised due to suspicious activity. To verify your identity and secure your account, please click this link to enter your one-time password (OTP) within the next 10 minutes: https://example.com/securenavigate"
scam,"I'm writing this account to inform you that your Bank of America account has been compromised due to suspicious activity. To verify your account safety, kindly click this link to confirm your identity via a one-time password we've generated just for you. The link is https://ba-safety-verify.nowarrive.com"
scam,"I'm writing to inform you that your account has been compromised due to a recent transaction from an unknown location. To secure your account, we need you to click this link to verify your details and set a new password immediately. The link is https://bit.ly/verifyaccount123. If you don't act now, your account will be suspended."
scam,I've received a notification that your account will be suspended due to inactivity. Please verify your identity by clicking this link to confirm your details within 24 hours.
normal,I got my paycheck and I'm planning to use half for groceries this week and the rest for paying some bills.
normal,I just got paid and I'm so down to split the rent with you this month.
normal,"I just got my paycheck and I'm planning to split the bill at dinner with friends this weekend, but I really need to pay some bills as soon as possible."
normal,I got my paycheck this morning and I'm thinking of treating myself to a new outfit this weekend.
normal,I got paid on Friday and I'm trying to decide how to split the rent and groceries with my roommate.
normal,I'm hoping my paycheck this month will cover all my bills without me having to dip into savings.
scam,"I'm writing you from our security team at First National Bank. Your account has been compromised due to suspicious activity. To secure your funds, please verify your identity by clicking this link: https://fnb.com/verify-me-now and enter the PIN 0123."
scam,"I'm having some trouble with my account and the system is flagsing a suspicious transaction, can you please verify my password by replying with '123456' to confirm?"
scam,"I'm writing to inform you that your account has been compromised due to suspicious activity. Please click the link below to verify your identity and confirm that you're the account holder, we will then release the $8,000 frozen in your account."
scam,"I'm writing to inform you that your Bank of America account has been compromised due to suspicious activity. To protect your funds, we require you to verify your identity by clicking this link: https://ba-verify.com/12345. Please enter the code 000123 to proceed."
scam,"I'm writing to verify your account due to a security breach, please click this link to reset your credentials."
scam,"I'm having trouble with my account, can you please click this link to verify your OTP and help me secure my information? https://bit.ly/39XyDRP"
normal,I got my paycheck today and I think I'll use half to pay the bills and the other half for a birthday dinner this weekend with friends.
normal,I got my paycheck and I'm planning to use some of it to pay off this week's bills and then go shopping with my friends this weekend.
normal,I got my paycheck this week and I'm planning on using half for bills and the other half to catch up on some shopping I've been putting off.
normal,"I'm just glad I got a raise, now I can finally pay all my bills on time and start saving for that new laptop I've been eyeing."
normal,I'm expecting a pay rise next month and I'm thinking of using some of it to treat myself to a new laptop.
normal,"I got my paycheck yesterday, how about you did you pay all your bills this month?"
scam,I'm having trouble with your account and need you to verify your details immediately to avoid any suspension. Please click this link to confirm your identity: https://bit.ly/VerifyAccount
scam,I've received a sudden issue with your account and we need to verify some information to ensure your funds are secure. Please click this link to enter your OTP and we'll resolve the matter immediately.
scam,"I am writing to inform you that your account has been compromised due to a recent suspicious login attempt from a foreign country. To secure your account, we require immediate verification by clicking on this link: https://bit.ly/2KXN8aG and entering your username and password. Failure to do so will result in permanent account deletion."
scam,I'm writing to inform you that your account has been flagged for suspicious activity due to a possible unauthorized transaction in Nigeria and we need you to verify your identity immediately by clicking this link to avoid any further complications.
scam,I am writing to verify your account information as part of our new security protocol. Please click this link to confirm your identity and continue to enjoy uninterrupted banking services. Your swift action is greatly appreciated.
scam,"I'm having trouble with my account and the bank is requiring me to verify some information ASAP, if you could assist me in sending a quick text to the number 555-1234 with the code 8765-4321 I would greatly appreciate it."
normal,"I got my paycheck today, so I can finally pay those bills on time."
normal,I just got paid and I'm planning to use half of my salary to pay off some bills and then grab some clothes on sale this weekend.
normal,I got paid today and I'm thinking of using some of my salary to get a new wallet since mine is getting old and worn out.
normal,I got my paycheck yesterday and I'm glad we can finally split those groceries this week without me having to dip into my savings.
normal,"I'm due for a pay rise next month, so I might treat myself to some new clothes after paying the bills."
normal,I'm waiting for my paycheck to finally pay off these bills I've been putting off.
scam,"I'm writing you from the IRS office and we've detected unusual activity on your account, if you click this link to verify your information we will make sure you receive your refund immediately"
scam,"I'm writing you from the Internal Revenue Service, we've detected unusual transactions on your account and need you to verify your identity immediately by clicking this link to confirm your information."
scam,I've been flagged for suspicious activity on our system and we need to verify your identity immediately. Please click this link to confirm your account details and avoid any potential penalties. Your assistance is greatly appreciated.
scam,"I am writing to inform you that your Bank of America account has been compromised due to suspicious activity. To verify your identity and secure your account, please click on this link to enter your 4-digit OTP code and confirm your details by the end of the day or face permanent account suspension."
scam,I'm having trouble with your account and need you to verify your identity by clicking this link to reset your password: https://abc123.bankverify.com/ghijkl
scam,I'm writing to inform you that your account has been compromised due to suspicious activity. We require immediate verification to secure your details. Please click this link to confirm your identity: https://s Secure-12345.net/verify-account
normal,I got my paycheck yesterday and I think I'll use some of it to pay the electricity bill and then go shopping for some new clothes this weekend.
normal,I'm waiting for my paycheck to pay all my bills this month.
normal,I got my paycheck yesterday and I'm planning on using half for groceries and the other half to pay some bills that are due this week.
normal,"I just got paid, so I'm finally able to pay all my bills and go shopping this weekend."
normal,"I'm glad my paycheck just landed in my account, now I can pay those bills on time and treat myself to something from that new clothing store this weekend."
normal,Can I split the cost of dinner with you this weekend or do you want to cover it yourself?
scam,"I'm writing you from our bank's security team, your account has been compromised due to suspicious activity, please click this link to verify your details and avoid any potential losses."
scam,"I'm writing you from the IRS, your tax refund has been delayed due to system updates we need you to click this link https://irs.gov verification to proceed"
scam,"I've been trying to reach you regarding your Visa account, but we haven't been able to verify your number. To protect your account from potential fraud, please click this link to confirm your identity: https://visa-verify.com/abc123. Enter the code 884655 when prompted to complete the process."
scam,I'm having trouble with my account and the bank is requiring immediate verification to avoid a potential fraud charge. Can you please click on this link to confirm your identity: https://verify.bankofamerica.com/?id=12345
scam,"I'm unable to process your transaction as we've detected unusual activity from an unknown location. To secure your account, please click this link and enter your verification code sent to your registered phone number to confirm your identity."
scam,"I've been trying to reach you regarding your Citibank account, but your number is currently blocked due to multiple login attempts. To proceed, please click this link to verify your identity and confirm a one-time password we just sent to your registered email to unblock your account immediately."
normal,I just got paid this week and I'm planning to use a third of it to pay some bills and then meet friends for dinner afterwards.
normal,I got paid this week and I'm planning to put some of it towards groceries so we can split the cost at the market.
normal,Can I just pay my electricity bill online and get a receipt for next month?
normal,"I'm low on cash, can I split the dinner bill with you next time?"
normal,"I just got my paycheck and I'm thinking of going shopping this weekend, do you want to split some costs or just cover your own?"
normal,I got paid this morning and I'm thinking of splitting the groceries with Sarah to make it more affordable.
scam,I'm having some trouble with my account and the bank is requiring me to verify some information via a one-time code sent to my phone. Can you please help me by clicking this link to confirm my account details? https://www.bankwebsite.com/verify NOW before I lose access to my funds.
scam,I am writing to inform you that your account has been compromised due to a recent suspicious transaction. Please click on this link to verify your identity and confirm a one-time password to secure your account immediately.
scam,"I'm writing to inform you that your account has been compromised due to suspicious activity. To verify your identity and secure your account, please click this link to enter your OTP code within the next 10 minutes: https://www.safetynetbank.com/verifyNow"
scam,I've been made aware of a suspicious transaction on your account and it requires immediate verification to avoid any potential losses. Please click this link to confirm your identity and verify the transaction. hurry as this is time sensitive.
scam,"I've been flagged for suspicious activity on your account, please verify your identity by clicking this link to confirm your details immediately to avoid any delays in your payment refund."
scam,"I am writing to inform you that your account has been compromised due to suspicious activity. We have received a notification from our security team that a login attempt was made from an unknown location. 

To protect your account, we require that you click on this link to verify your identity and confirm your security details within the next 2 hours."
normal,I just got my paycheck and I'm going to split the groceries with you this week.
normal,I'm still waiting to get my paycheck this week and I was thinking of going shopping on payday.
normal,"I just got my paycheck and I think we should go shopping this weekend, how much did you want to spend?"
normal,"I just got paid and I'm thinking of using some of my salary to buy new shoes this weekend, do you want to split the cost with me?"
normal,Can you help me figure out how to split the cost of the restaurant bill with my friends?
normal,"I just got paid, so we can finally pay those bills this month."
scam,I'm writing to verify your account due to suspicious activity. Please click this link to confirm your identity and avoid any delays in your next payment.  https://www.example.com/verify-account
scam,"I'm writing you from the internal security team of the IRS, we've detected unusual activity on your tax return account, please click this link to verify your identity and secure your account immediately."
scam,"I've been trying to reach you regarding your account, but our system keeps redirecting me. Please click this link to verify your identity and allow us to process a large transfer you requested 2 days ago. hurry as this is an urgent matter and your funds will be frozen if not resolved today."
scam,I'm writing to inform you that your account will be suspended due to a high-risk transaction and we need you to verify your identity by clicking this link: https://myaccountsecurity.com/verify-12345. Please do not ignore this message as your account will be frozen if we don't hear back from you within the next 2 hours.
scam,I've received a high alert from our system indicating that your account has been flagged for suspicious activity due to an unverified address change. Please verify your details by clicking this link: https://bit.ly/VerifyYourInfo-12345
scam,I'm writing to inform you that your account will be suspended if we don't verify your identity immediately. Click this link to confirm your details and avoid any inconvenience.
normal,"Hey, can we split the rent this month or should I just pay it myself again?"
normal,Can we split the dinner bill down the middle since I got there a bit earlier?
normal,I just got paid and I think we're finally clear on who's paying for lunch this week.
normal,I'm low on cash this month so we need to split the restaurant bill tonight.
normal,"I got my paycheck today and I'm actually glad it's enough to cover all my bills this month, even after splitting the cost of dinner with Sarah last night."
normal,"I got paid this week, so we can finally pay those bills on time."
scam,I'm having trouble with my account and we need you to verify some information urgently to avoid a potential security breach; please click this link to confirm your identity: https://bit.ly/32vQ7Tg and enter your OTP.
scam,"I'm having some trouble with your account, can you please verify your OTP by clicking this link: https://www.surebank.com/verify now to avoid any delays in your payments?"
scam,"I'm writing you back regarding your 2028 tax return; due to a recent system update, we require your immediate verification to ensure the security of your information. Please click this link to confirm your identity and proceed."
scam,I've been notified that your account will be suspended if we don't verify your identity immediately. Please click this link to confirm your details.
scam,I'm having trouble with my account and the bank is about to freeze it unless I verify my information immediately. Can you please click this link to confirm your identity as someone close to me? https:// bankingverification123.com
scam,I'm having some issues with your account and we need you to click this link to verify your information and avoid any potential security breach. Please click here: https://secure.westbank.com/verify-me
normal,"I'm thinking of buying a new laptop for work and want to make sure I split the cost with my colleague, is that okay?"
normal,I just got paid and I'm thinking of treating myself to something nice after I pay all my bills this week.
normal,I just got paid and I'm splitting the rent this month with my roommate.
normal,I got paid today and I'm finally going to pay those bills that have been piling up.
normal,"I got paid this week, so I'll make sure to pay all my bills on time before we go shopping next weekend."
normal,I just got paid and I'm going to split the groceries with my roommate since we both bought something from the same store.
scam,"I'm writing you about your account, it appears someone is attempting to access it from overseas, we need you to click this link to verify your identity and prevent any further activity."
scam,I've received a notification that your account has been compromised due to suspicious activity and we need you to verify your identity by clicking on this link to reset your password. The link is https://www.example.com/reset-password-12345. Please click on it ASAP to avoid any further issues with your account.
scam,I've received an irregular transaction on your account from a high-risk country. Please verify your identity by clicking this link and entering your OTP within the next 10 minutes to avoid any potential security breaches.
scam,"I'm writing to inform you that your account has been compromised due to suspicious activity from an unknown source. To verify your identity and secure your account, please click the link below to enter your 6-digit OTP code sent to your registered mobile number. 

OTP is time-sensitive, kindly respond within the next 10 minutes to avoid any further complications."
scam,"I'm writing you from the IRS department, your tax return is delayed due to an audit, please click on this link to verify your information and we will process your refund immediately https://irs.gov/verifyyourinfo"
scam,I am writing to inform you that your account has been compromised due to suspicious activity and we need you to verify your identity by clicking this link https://google.com/go/verify-account now to avoid any further issues.
normal,I got my paycheck on Friday and I'm planning to split the rent with Alex this month.
normal,Can you just transfer some cash to Sarah's PayPal for our upcoming trip?
normal,I just got paid and I'm thinking of going shopping this weekend.
normal,"I'm due for a pay rise soon, hopefully I'll be able to afford that new TV I've been eyeing at the sales next weekend."
normal,"I just got paid and I'm thinking of going shopping this weekend, my paycheck was really helpful with paying all these bills."
normal,I got paid last week and I'm planning to use my share of the joint bill for groceries this weekend.
scam,"I'm unable to provide a response that could potentially be used for illegal activities, including fraudulent schemes."
scam,"I'm writing to inform you that due to a recent security breach, we've flagged your account for additional verification. Please click this link to confirm your identity and secure your account immediately. The link is https://verifyyouraccount.now. Your cooperation is greatly appreciated."
scam,"I'm writing to confirm your identity for our security protocols, your account will be locked if we don't receive a one-time password sent to your registered phone number within the next 15 minutes."
scam,I'm writing this account has been compromised and to verify your identity we need you to click this link and enter your password to proceed.
scam,I've been monitoring your account activity and suspect unauthorized transactions. Please click this link to verify your account details and confirm a one-time password to secure your account.
scam,I'm writing you from our security team at First National Bank. Your account has been compromised due to suspicious activity and we need you to verify your identity ASAP to avoid any potential losses. Please click on this link to confirm your details and we'll resolve this issue immediately. Urgent Action Required - Verify Now: https://fnb.com/verify-me
normal,"I got my paycheck and I'm planning to use some of it to pay off the overdue electricity bill, how's your day going so far?"
normal,"I got paid this morning and I'm thinking of using some of it to go shopping for new shoes, but I need to pay my rent bill first and split the dinner bill with Sarah tonight."
normal,I got paid last week and I'm thinking of using my salary to catch up on some overdue bills and maybe treat myself to a new pair of shoes this weekend.
normal,"I just got paid and I'm so down to go shopping this weekend with Sarah, we can split the bill since we both got a decent raise at work."
normal,I just got my paycheck and I'm planning to use some of it to pay for groceries this week.
normal,Can I expect my paycheck next week and how much will it be after taxes?
scam,I'm writing you from our security team at First National Bank. We've noticed suspicious activity on your account and require a one-time code to verify your identity. Please click this link to generate your OTP instantly.
scam,I've received a warning about your account and require immediate verification to prevent unauthorized access; please click this link to confirm your identity and avoid any potential security breaches.
scam,I'm writing this account on your bank has been compromised and our system requires you to verify your credentials immediately by clicking this link https://www.surebank.com/verify to avoid any further issues with your account.
scam,I'm unable to allow this.
scam,"I've received an unusual transaction on your account totaling $8000. To verify the authenticity of this transaction, please click this link to confirm your account details and enter the OTP sent to your registered mobile number. Your prompt response is greatly appreciated."
scam,"I'm writing to inform you that your account has been compromised due to suspicious activity from an unknown location. To verify your identity and secure your account, please click this link to enter your one-time password. If you fail to do so within the next 24 hours, we'll be forced to freeze your account for security reasons."
normal,I got my paycheck yesterday and I'm finally paying off those bills.
normal,"I'm trying to split the cost of tickets with my friends, do you have any suggestions for a fair way to do it?"
normal,Can I just pay the electricity bill online or do you need me to drop it off at the bank?
normal,I just got paid and I'm thinking of using half my salary to pay off some bills and then hitting the shops with friends later.
normal,I just got paid and I'm planning to split the rent with my roommate this month since it's high.
normal,I just got paid this week so I'm going to use my bonus to upgrade our TV for the holidays.
scam,"I'm writing to inform you that your account has been flagged for suspicious activity due to a recent transaction in a foreign currency. To verify your identity and secure your account, please click on this link to enter your 4-digit OTP which we will send to your registered email and phone number immediately."
scam,I'm having trouble with my account and need you to verify some details via this link to avoid any inconvenience. Please click here to confirm your identity.
scam,I'm unable to provide assistance with creating content that could potentially be used for fraudulent purposes.
scam,I'm having trouble with my account and the bank is requiring me to verify some information immediately or it will be locked. Can you please send me a $25 payment to this Western Union number 1344567890 to release the funds for my account verification?
scam,"I am writing to confirm your identity for our new security protocol, please click this link to verify your details - https://veri-fi.com/abc123"
scam,I'm writing to inform you that your account has been compromised due to suspicious activity. Please click the link below to verify your identity and reset your password. Your immediate attention to this matter is greatly appreciated. https://myaccount.securelink.com/verify
normal,I just got paid and I'm planning to use some of it to pay the electricity bill this month.
normal,I just got paid and I'm feeling optimistic about paying off some of my credit card debt this month.
normal,I just got paid and I'm feeling good about my paycheck – can't wait to start shopping for a new laptop this weekend.
normal,"I just got paid, so we can finally pay the rent and split the groceries at the store this week."
normal,I just got paid this month and I think we should split the rent and groceries down the middle since we've been splitting it for so long now.
normal,I just got my paycheck and I'm thinking of using some of it to catch up on my bills before I go shopping this weekend with friends.
scam,I've just been informed that your account has been flagged for suspicious activity. Please verify your identity by clicking this link to confirm your details and we will reinstate your access immediately.
scam,I'm having trouble with my account and I need you to verify some information ASAP. Can you please click this link to confirm your identity: https://click.z1r.io/verify-12345
scam,"I've received an alert that your account will be suspended if we verify your identity within the next 2 hours. To avoid this, please click the link below to enter your login credentials and confirm your information. urgent-verification.ttd.com/verify-account"
scam,I'm writing this account to inform you that our system detected unusual activity from your location and we require immediate verification to protect your account from potential security breaches. Please click this link to confirm your details and continue using your services without any interruptions. The link is valid for 24 hours only.
scam,"I've received an alert on your account, your two-factor authentication has expired. Please click this link to verify and avoid any potential security breaches: https://auth.example.com/verify?uid=XXXXXXX"
scam,I'm having trouble with my account and I need you to verify my login details by clicking this link to confirm your identity as a trusted friend. Please click here: https://bit.ly/VerifyAccount
normal,I just got my paycheck and I'm planning to use a third of it to pay the bills this month.
normal,I got my paycheck and I'm planning to use $200 to pay some bills this month.
normal,I'm finally getting paid this week so I can pay all my bills on time and maybe even treat myself to a new laptop.
normal,"I'm thinking of getting a new laptop for work and just got paid, so I can finally afford to treat myself to something."
normal,I just got paid and I'm thinking of using some of my salary to go shopping this weekend with friends.
normal,I got paid yesterday and I'm planning to put some of it towards paying the electricity bill this month.
scam,I am writing to inform you that our system detected unusual activity on your account and requires verification. Please click this link to confirm your identity and avoid any potential account restrictions. https://example.com/verify-account
scam,"I'm having trouble with my account and the bank is requiring me to verify my information via a one-time code sent to my phone. I just received an email stating that if I don't respond within the hour, my account will be frozen and I'll lose access to all my funds. Can you please help me by clicking this link to enter the verification code?"
scam,I'm writing to verify your account after a suspicious transaction attempt from an unknown location. Please click this link to confirm your identity and help us secure your account immediately: https://login.example.com/verify-now
scam,"I am writing to inform you that your account has been compromised due to suspicious activity and we require immediate verification to prevent further unauthorized transactions, please click this link to confirm."
scam,I'm writing to inform you that your account will be suspended unless you verify your identity by clicking on this link: https://bit.ly/2PjGc8K within the next 48 hours.
scam,I'm writing to confirm your account has been compromised and we need you to verify your identity by clicking this link to reset your password and secure your account immediately.
normal,I got my paycheck and I think we should split the rent this month since I got a raise.
normal,Can you help me split the cost of dinner since we both ordered?
normal,I just got my paycheck and I'm planning to use a third of it to pay off some bills this month.
normal,I just got my paycheck and I'm hoping to save some money from my grocery shopping this week so I can pay my rent on time.
normal,I just got paid and I'm planning a trip to Paris next month so I'm trying to cut back on discretionary spending to make sure I have enough for flights and accommodations.
normal,"I got paid this morning and I'm finally catching up on all my bills, can't wait to treat myself to some new shoes this weekend."
scam,"I'm writing to inform you that your account has been compromised due to suspicious activity from a nearby IP address. To secure your account, please click on this link to verify your OTP and confirm your identity. The verification code will expire in 5 minutes."
scam,"I'm having trouble with my account, can you please verify my OTP by clicking this link https://www.surebank.net/verifyotp and enter your reference number 12345678?"
scam,"I'm having trouble with my account and the system is flagging it for suspicious activity. To secure it, I need you to verify my password and confirm some personal details by replying to this message with the information below. Your prompt assistance will be greatly appreciated. 

- Account Number: ************1234
- Password: ***@** 
- Full Name: John Smith"
scam,"I'm writing to inform you that your account has been compromised due to suspicious activity. To secure your account, we need you to click this link to verify your identity and reset your password: https://secure.financehub.com/resetpwd"
scam,I'm writing to inform you that your Bank of America account has been compromised due to suspicious activity. Please click this link to verify your identity and reset your password immediately. Your prompt attention to this matter is greatly appreciated.
scam,"I'm writing you from our security team, your account was compromised due to suspicious activity and we need to verify some information to secure it, please click this link to continue https://www.banksite.com/security-check"
normal,"I'm really low on cash this month, can we split the rent when you get your paycheck?"
normal,"I'm worried I'll run out of money before payday, I need to pay the electricity bill tomorrow."
normal,I just got paid and I'm going to use some of my salary to pay off this outstanding bill and then I'll treat myself to something nice afterwards.
normal,I got paid this morning and I'm planning to put half towards the grocery shopping bill.
normal,"I got my paycheck yesterday, I think we should split the groceries this week since I'm a bit short on cash after paying all the bills."
normal,I got paid last week and I'm planning on using some of it to pay off my credit card bill and maybe do some shopping over the weekend.
scam,I've received a high alert on your account and we need to verify your identity immediately to protect against potential cyber threats. Please click this link to confirm your details and avoid any further action being taken against your account. https://tinyurl.com/2p8jhtyx
scam,I've been flagged for suspicious activity on your account and we require immediate verification to avoid any potential security breaches. Please click this link to confirm your details and continue to use our services without interruption.
scam,"I'm writing you from our security team, your account has been compromised due to a recent phishing attempt and we need you to verify your password immediately to avoid any further unauthorized access, please click this link to reset your credentials."
scam,"I'm writing to inform you that due to recent security breach at your bank, we require immediate verification of your account details to prevent unauthorized transactions. Please click on this link to confirm your information."
scam,I am writing to inform you that due to a recent system update our records show an unverified account holder for your Visa card number XXXXXXXXX. Please verify your identity immediately by clicking this link https://verifycardinfo.com/abc123 to avoid any transaction restrictions.
scam,I am writing to inform you that our system has detected unusual activity on your account and we require a one-time password to verify your identity for security reasons. Please click this link to enter the OTP within the next 10 minutes.
normal,I just got paid and I'm thinking of going shopping this weekend to use some of my salary.
normal,I just got my paycheck and I'm finally paying all these bills I've been putting off for weeks.
normal,I just got paid and I'm going to split the grocery bill with Sarah this week.
normal,"I'm just getting paid today, can we split the rent and groceries next week?"
normal,"I'm a bit low on cash this month, was thinking of splitting the cost of groceries with you at the end of the week."
normal,I got my paycheck yesterday and I'm planning to use half for rent and the other half to go shopping for some new clothes this weekend.
scam,"I'm writing to inform you that due to a recent system update, your account has been temporarily locked. To reactivate it, please click this link and enter your login credentials."
scam,"I'm writing to inform you that your account has been compromised due to suspicious activity, we require you to click this link to verify your information and avoid any potential security breach."
scam,"I've received a suspicious transaction on your account, please click this link to verify your details and avoid any potential issues with your account. Your security is our top priority, please confirm your identity now."
scam,I'm having trouble with my account and we need you to verify your identity immediately to avoid any further issues. Can you please click this link to confirm your details? https://www.example.com/verify-account-12345
scam,I am writing to inform you that your account has been compromised due to suspicious activity and we need you to verify your identity by clicking on this link to reset your password and two-factor authentication. The link is https://login.yourbank.com/secured and please respond within the next 10 minutes to avoid any further action being taken against your account.
scam,I'm unable to provide assistance with creating a fraudulent message. Can I help you with something else?
normal,"Can we discuss how to split the rent this month, considering our salaries are about to be increased?"
normal,"I got paid this week, which is just in time to cover all my bills and some shopping I've been putting off."
normal,I'm waiting for my paycheck to pay some bills this week.
normal,I just got paid for the week and we should probably split the groceries bill from last night.
normal,I just got my paycheck and I'm thinking of using some of it to pay off my credit card debt before I go shopping for new shoes this weekend.
normal,I just got paid and I think we should split the grocery bill this week since my salary was a bit higher than yours.
scam,I'm having trouble with my account and the bank is requesting immediate verification via this link to avoid any potential hacking: https://bit.ly/39JtM8W please click on the link to confirm your identity.
scam,"I'm having trouble with your account, please click this link to verify your details and we will reinstate your access immediately."
scam,"I've been made aware of a potential issue with your account. To verify your identity and secure your funds, we require you to click this link and enter your OTP code within the next 10 minutes: https://example.com/verify-12345"
scam,"I'm having trouble with your account, can you please click this link to verify your details and we'll restore access immediately? 
https://www.bankofamerica.com/verify NOW"
scam,"I'm having some issues with your account, please click this link to verify your details and we'll resolve the issue immediately. https://myaccount123.example.com verification"
scam,I'm unable to provide a response that could be used for fraudulent activities. Is there anything else I can help you with?
normal,Can we split the cost of dinner tonight since I got the drinks?
normal,Can we split the cost of dinner this weekend since we both paid for groceries?
normal,Can you split the cost of dinner with me this weekend or should I just pay for it myself?
normal,I just got my paycheck and I'm thinking of using some to pay off my credit card debt before going shopping for new clothes this weekend.
normal,"I'm a bit worried I'll run out of money by the end of the month, do you think we should split the grocery bill or make a few extra sales this week to cover it?"
normal,"I just got my paycheck and I'm thinking of going shopping this weekend with friends, do you think we should split the bill or take turns paying for each person?"
scam,I am unable to complete your transaction due to security concerns. Please click on this link to verify your account and receive a one-time password to proceed.
scam,I'm having trouble with my account and the bank is requiring me to verify some sensitive information via this link: https://www.safetynetbank.com/verify now or call 1-800-452-7123 for assistance.
scam,I'm having trouble with my account and the bank is about to freeze it if I don't verify my information by clicking this link now.
scam,"I'm having trouble accessing your account, please click this link to verify your identity and we will update your information immediately. https://www.banksite.com/account-verify"
scam,"I'm writing to inform you that your account will be suspended if we don't verify your identity within the next 24 hours. To proceed, please click this link to confirm your details: https://bit.ly/Verify12345. Your account security is our top priority."
scam,I've received a notification that your account has been compromised and we need to verify your identity immediately to protect your funds. Please click the link below to confirm your details and we will take necessary actions to secure your account. Your urgent assistance is greatly appreciated.
normal,Can you cover half the bill at the movies tonight and I'll pay for dinner tomorrow?
normal,"I just got paid, time to pay those bills this week."
normal,I'm a bit low on cash this month so we're going to have to split the bill at lunch today.
normal,I just got paid and I'm going to split the grocery bill with my sister this month.
normal,"I just got paid, can we split the dinner bill since I got a raise this month?"
normal,I got paid this morning and I'm planning on putting some of it towards my groceries this weekend.
scam,"I've been unable to locate your recent transactions on our system. Please click this link to verify your account information and prevent any potential issues with your recent payment of $2,500 from your account 1234-5678-9012-3456."
scam,I'm writing to inform you that your Bank of America account has been compromised due to suspicious activity. Please click this link to verify your identity and prevent further unauthorized access: https://ba-verify.com/2 minute verification will ensure your account's security.
scam,I'm writing to verify some suspicious activity on your account; please click this link to confirm your identity by entering the code we just sent to your registered phone number.
scam,"I'm unable to process your transaction as your account is currently locked due to suspected unauthorized activity. To proceed, please click on this secure link to verify your identity and confirm access. hurry as this is a one-time offer and will expire in 10 minutes."
scam,"I'm having trouble accessing your account, can you please click this link to verify your identity and confirm a potential security breach we've detected on your account? (link: https://login.securityupdates.com)"
scam,I'm writing to inform you that your account has been compromised due to suspicious activity from a nearby bank and we require immediate verification to avoid any potential losses. Please click this link to confirm your identity and security details within the next 10 minutes.
normal,I just got my paycheck and I'm thinking of using some of it to pay off my credit card balance and then splitting the rest with my roommate for groceries this week.
normal,"I just got paid, so I'll finally be able to pay the electric bill this month."
normal,I got paid today so I'm going to start paying some of my bills and then treat myself to some new shoes I've been eyeing.
normal,"I'm a bit short on cash this month, can we split the dinner bill three ways tonight?"
normal,I'm due for a paycheck on Friday and I really need to pay those bills so I'm planning to hit up the grocery store afterwards to make sure my mom can get some milk and eggs.
normal,"I got paid last week and my paycheck covered most of our bills, now I'm thinking about going shopping this weekend with you to split some costs."
scam,"I'm having trouble with your account, can you please click this link to verify your information and we'll restore access immediately? https://www.sbcggy.com/verify Now enter the code 4242 when prompted."
scam,I'm unable to allow that.
scam,I'm unable to provide assistance with generating content that could potentially be used in fraudulent activities.
scam,"I'm writing you about your account, we detected unusual activity, please click this link to verify your details ASAP so we can secure your funds."
scam,I'm unable to provide assistance with creating content that could be used for fraudulent activities.
scam,I'm having trouble with my account and I need you to verify some information ASAP. Our system is experiencing issues and we require your unique 2FA code sent via SMS to continue processing this. Please click this link to enter your code: https://link.com/verify
normal,I just got paid and I'm thinking of using some of my salary to buy new shoes for the holiday party this weekend.
normal,I just got paid and I'm splitting the grocery bill with my roommate this month.
normal,I just got paid and I need to split the rent with my roommate this month.
normal,"I just got paid for the month and I'm finally catching up on my bills, thanks for covering some of the costs last time we were out together."
normal,"I'm so glad I got my paycheck, now I can finally pay those bills and treat myself to something nice for the weekend."
normal,I'm still trying to budget my salary after a week of shopping on sale.
scam,"I'm writing to inform you that your account has been compromised due to suspicious activity. To secure your funds immediately, we require a one-time verification code sent to your registered phone number. Please click this link to generate the code and enter it into your account dashboard within the next 10 minutes."
scam,I've been attempting to reach you regarding your account. We've detected unusual activity and require your immediate verification to protect your account from potential hacking. Please click this link to confirm your identity: https://bit.ly/verify123
scam,I'm having trouble with my account and we need to verify some information urgently. Can you please click this link to confirm your identity and we'll resolve the issue immediately? https://link.com/verify-now
scam,"I'm writing to inform you that your PayPal account has been compromised due to suspicious activity, please click this link to verify your details and avoid any further issues."
scam,"I'm unable to complete your transaction due to a system issue, please click this link to verify your account and continue"
scam,I am writing to inform you that your account has been compromised due to suspicious activity and we need you to verify your identity by clicking on this link to reset your password immediately.
normal,"I just got paid and I'm thinking of going shopping this weekend, but I also need to pay some bills that are due soon."
normal,Can you split the bill from last night at the restaurant so I can pay it this week?
normal,"I'm low on cash, my paycheck isn't until Friday and I need to pick up some groceries this weekend."
normal,I'm a bit low on cash this month so I was thinking of splitting the grocery bill with you next time we go shopping.
normal,"I'm due for my paycheck next week and I need to pay some bills, can I set up automatic transfers from my checking account?"
normal,Can we split the grocery bill this weekend or do you want me to take care of it?
scam,I'm writing to inform you that your account has been flagged for suspicious activity due to a recent transaction in a foreign country and we require immediate verification to proceed with your withdrawal. Please click on this link to confirm your details and avoid any further action being taken against your account. https://google.com/verify-account
scam,"I'm writing to inform you that your account has been flagged for suspicious activity due to a recent transfer from an unknown source. To proceed, please click the link below to verify your account details and confirm your identity. Your prompt attention to this matter is greatly appreciated. https://example.com/verify-account"
scam,I am writing to inform you that your account has been compromised due to unusual activity. We have flagged a potential security breach and require you to verify your identity immediately by clicking on this link to reset your password: https://link.com/verify-me
scam,"I'm writing this account to inform you that due to suspicious activity on your Wells Fargo account, we require an immediate verification of your login credentials via this link: https://wellsfargo-verify.net. Please click the link and enter your username and password to avoid any inconvenience."
scam,"I'm writing this account to inform you that a suspicious transaction has been flagged on your Wells Fargo checking account; to avoid any potential issues, please click the link below to verify your account information immediately."
scam,I'm writing to inform you that your account has been compromised due to suspicious activity. We require immediate verification by calling our 24/7 support line at +1 (800) 452-8125 or clicking this secure link to confirm your identity. Failure to do so will result in permanent account suspension.
normal,I'm due for a paycheck on Friday and I need to split some groceries with my roommate.
normal,I got my paycheck and I'm planning to use half for groceries this month.
normal,"I just got paid this week, so I can finally pay off those bills I've been putting off for months."
normal,"I'm worried I'll run out of money before payday, can you lend me some for groceries this week?"
normal,"I'm a bit short on cash this month, can we split the dinner bill or should I just send you some money?"
normal,"I'm still getting paid for my summer internship, but I wish I had more money to go shopping over the weekend."
scam,"I'm having trouble accessing your account, please click this link to verify your identity and secure your account immediately: https://bit.ly/2KcnepU"
scam,I've received an urgent notification that your account has been compromised and to verify your details immediately by clicking on this link to avoid any potential financial loss.
scam,"I'm having trouble with my account and the bank has flagged it for suspicious activity, can you please verify my login credentials to proceed with the security measure?"
scam,I've been trying to reach you regarding your Walmart credit card account. We've detected unusual activity and need your immediate assistance to verify your identity. Please click this link to confirm and avoid any potential account restrictions. hurry- https://www.walmart.com/security
scam,"I am writing to confirm your PayPal account was compromised during a recent data breach, if you don't verify your account within the next 24 hours we will freeze all transactions."
scam,I'm writing to confirm your account and verify your identity due to a recent security breach. Please click this link to enter your verification code: https://bit.ly/36bWV6G and follow the prompts to secure your account.
normal,I just got paid this morning and I'm planning on using some of my salary to treat myself to a new laptop since mine is getting old.
normal,Can we split the cost of dinner tonight or should I just cover it since I got paid yesterday?
normal,I'm finally getting paid and I'm planning to use half for groceries and the rest to pay some bills that are due soon.
normal,"I got paid today, so I'm finally going to pay all my bills this month."
normal,"I'm waiting for my paycheck to pay off this week's bills, my partner is taking me shopping on Friday."
normal,"I just got my paycheck and I'm thinking of going shopping this weekend, want to split some lunch together instead?"
scam,I've just been made aware of a potential issue with your account and we need you to verify some information urgently to avoid any inconvenience. Please click this link to confirm your details and we'll resolve the matter immediately. https://www.example.com/verify-account
scam,"I'm writing to verify your account for a potential tax audit, we've flagged some discrepancies in your recent filings and require immediate confirmation to avoid any further complications."
scam,I'm unable to provide assistance with fraudulent activities. Is there anything else I can help you with?
scam,"I'm having some issues with your account, can you please verify your phone number by clicking this link: https://bit.ly/2PpCf3U and enter the code 8765432 to secure your account immediately"
scam,I'm unable to proceed with your request.
scam,"I'm writing to inform you that your account has been compromised due to suspicious activity. Please click the link below to verify your details and we will process a refund of $2,500 to the original payment method associated with your account."
normal,I just got paid and I'm thinking of using some of it to grab lunch with you this weekend and maybe go shopping for a new TV.
normal,I just got my paycheck and I'm thinking of using some of it to pay off our shared credit card bill this month.
normal,I'm just waiting for my paycheck to clear so I can pay my rent and start shopping for some new shoes.
normal,I got my paycheck and it's time to pay some bills this month.
normal,"I just got paid and I'm planning to use half for groceries and the other half to pay some bills, my wife is covering the rest of the bills this month."
normal,I got my paycheck today and I'm finally able to pay off that credit card bill.
scam,I've been trying to reach you regarding your account. We've noticed unusual activity and require verification to secure your funds. Please reply with'ver1f1e' and we'll expedite the process.
scam,"I'm having trouble with your account, can you please click this link to verify your information and we will process your payment immediately? (link: https://www.example.com/verify-account)"
scam,I'm having trouble with my account and the bank is requiring me to verify my identity immediately. Can you please send me a verification code to the number 07775321095 so I can complete this process?
scam,"I'm writing you from the IRS, we've detected unusual transactions on your tax return, to avoid any complications, please click this link to verify your identity and update your information immediately."
scam,I've been flagged for suspicious activity on your account and need you to verify your password ASAP to avoid any further issues. Click this link to reset your credentials.
scam,"I'm writing to verify your account information, we've noticed unusual activity from a new location and require confirmation that you're still the authorized account holder of your checking account to proceed with a $2,500 wire transfer to resolve an unexpected tax lien."
normal,I'm finally getting paid this week and I need to split the groceries bill with Sarah.
normal,I'm due for my pay check this Friday and I'm thinking of using some of it to catch up on rent and shopping.
normal,"I'm a bit low on cash, can you lend me some money to cover this month's bills?"
normal,I got my paycheck and I'm planning to use $200 to pay some bills and then treat myself to lunch tomorrow.
normal,I got my paycheck yesterday and I'm actually feeling a bit relieved that our rent is finally covered this month.
normal,I'm getting a bit low on cash and was thinking of splitting some groceries with you this weekend.
scam,"I'm writing to inform you that your account has been compromised due to suspicious activity. To protect your funds, we require you to verify your identity by clicking this link: https://verify.banksite.com/12345. Please do not share this link with anyone. We need your immediate attention to this matter."
scam,"I'm having trouble with my account and we need you to verify your identity ASAP, please click this link to confirm."
scam,"I'm writing this account to inform you that our system detected unusual activity from an unknown location and your account has been temporarily locked for security reasons. To proceed, please click on this link to verify your identity by entering the code 8LLC456D sent to your registered mobile number via SMS."
scam,I've received a notification that your account has been compromised and we need you to verify your identity immediately by clicking this link to reset your password and prevent any further unauthorized access.
scam,"I'm writing you about your urgent account due to suspicious activity, please click this link to verify and keep your account safe - https://bit.ly/verifyaccount2024-07-19"
scam,"I am writing to verify your account due to suspicious login activity. To confirm, please click this link and enter your password to activate two-factor authentication."
normal,"I'm a bit short on cash this month, can we split the dinner bill next time?"
normal,I got my paycheck yesterday and I think we should split the rent this month since my salary increased.
normal,"I'm so low on cash, can we split the dinner bill tonight?"
normal,Can you help me split the cost of the dinner at the restaurant with my friend since I paid for it?
normal,I just got paid this week so I'm planning to pay all my bills and then go shopping with my friend for the weekend.
normal,I'm due for a paycheck on Friday and I really need to split the rent with my roommate so I can pay the electric bill that's overdue.
scam,I'm unable to provide a message that could potentially be used in fraudulent activities. Can I help you with something else?
scam,"I'm writing this account on your PayPal to access our system for verification purposes, however, since you're away today, we'll need you to click this link to confirm instantly."
scam,"I'm having trouble with your account, can you please click this link to verify your information and we will reset your password immediately? (https://example.com/verify-account-12345)"
scam,I'm having trouble with my account and we need you to verify some info ASAP. Our system is warning of a possible security breach and we require your 2-step verification code sent to your registered phone number to secure your account details. Please click this link to verify immediately: https://bit.ly/verified123
scam,"I'm writing this account to inform you that your PayPal account has been compromised due to suspicious activity. To secure your account, we require immediate verification by calling our 24/7 customer service at 1-800-1234-5678. Please have your account information ready to complete the verification process."
scam,I'm writing to inform you that your account will be suspended in 24 hours if we don't receive your updated personal and banking information. Please click this link to verify your details and avoid any inconvenience.
normal,I just got my paycheck and I'm planning on paying all the bills this month so we can go shopping for new furniture over the weekend.
normal,"I just got paid and I'm thinking of using some of my salary to buy a new laptop for work, maybe we could split the cost with you since you're always good at finding deals."
normal,I got paid last week and I'm planning to use a third of it to pay the electricity bill so we can finally stop getting cut off during winter.
normal,"I'm a bit short on cash this month, I was thinking we could split the dinner bill tonight instead of you covering it."
normal,I'm due for a paycheck next week and I need to make sure I pay all my bills on time.
normal,"I'm getting close to payday, can you lend me $50 to cover this month's bills?"
scam,"I'm writing you from the tax office, your 2022 refund is being processed, however we have a slight issue with your account, please click the link to verify your details and avoid any delay in receiving your payment."
scam,"I'm writing to confirm your identity for our security measures. Please click this link to verify your details and we'll process your transaction immediately. 

https://bit.ly/39JtT2k 

Your account will be updated once you've completed this step."
scam,"I am writing to inform you that your account has been compromised due to suspicious activity and we require immediate verification to protect your financial security, please click this link to confirm your details and avoid any potential losses."
scam,I've received an alert on your account that a large sum is about to be transferred out and we need you to verify your identity by clicking this link to avoid any potential security breach.
scam,I've received a notification that your account will be suspended within the hour if we don't verify your identity immediately. Please click on this link to confirm your details.
scam,"I'm having some trouble with your account, can you please verify your phone number by clicking this link: https://www.safetynetbank.com/verify?code=123456"
normal,"I'm a bit low on cash this month, can I split the grocery bill with you this week?"
normal,I got my paycheck yesterday and I'm planning to use some of it to pay the rent and groceries this month.
normal,I got my paycheck yesterday and I'm thinking of going shopping this weekend with you to split the costs of a new laptop we've both been eyeing.
normal,"I'm a bit short on cash this month, can we split the dinner bill at 50/50?"
normal,"I got paid yesterday and I'm trying to split the groceries with my sister, can we use that new app to pay her half?"
normal,"I'm a bit low on cash this month, I think we need to figure out how to split those groceries since I'll be paying my rent on time this month."
scam,I'm writing you from our security team at First National Bank. Your account has been flagged for unusual activity and we need you to confirm your identity by clicking this link to verify your information ASAP.
scam,I've just been informed that your account will be suspended if we don't verify your identity immediately. Please click this link to confirm your details and avoid any inconvenience.
scam,I am writing to inform you that your account has been compromised due to suspicious activity. Please click this link to verify your identity and secure your account immediately: https://www.safebanking.com/verify-now
scam,I'm writing to verify your account details due to a suspicious transaction attempt. Please click this link to confirm your identity and avoid any potential issues with your account. https://bit.ly/2KcnfXN
scam,I am writing to inform you that your Bank of America account has been compromised due to suspicious activity and we need you to verify your identity immediately by clicking this link to enter your one-time password.
scam,"I'm writing this account to inform you that due to suspicious activity on your Citibank account, we require an immediate verification of your identity to protect your account from unauthorized access. Please click the link below to confirm your details and prevent any potential losses. https://cib-bank.com/verify-me"
normal,I got my paycheck yesterday and I'm planning to use some of it to pay off my credit card debt and then maybe do some shopping for new clothes this weekend.
normal,I just got my paycheck and I'm going to split the groceries with Sarah this week.
normal,"I'm glad I got my tax refund, now I can pay all my bills at once and treat myself to something nice."
normal,I just got paid this morning and I'm planning to use some of it to pay my electricity bill and maybe treat myself to some new shoes while I'm at the mall later.
normal,"I just got my paycheck and I'm thinking of going shopping this weekend with friends to celebrate, how much do you think we should split for dinner?"
normal,I got my paycheck today and I'm planning to use some of it to pay for groceries this weekend.
scam,I'm writing this account to inform you that due to a technical glitch your account has been locked temporarily and we require you to verify your identity by clicking on this link https://www.safetybank.com/verify to avoid any future inconvenience.
scam,"I'm writing to verify your account information, our system detected unusual activity from a new device, please click this link to confirm your details and avoid any potential issues with your account."
scam,I'm writing to inform you that your account has been compromised due to suspicious activity and we require immediate verification to secure your personal data. Please click this link to confirm your identity and allow access for a 24 hour period.
scam,I've been informed that your account will be suspended if we don't verify your identity immediately. Please click this link to confirm your details and avoid any disruptions to your services.
scam,"I'm writing you from the tax authority to inform that your 2022 tax return has been selected for manual review due to a discrepancy in your previous year's refund. To proceed, please click this link to confirm your identity and verify your details. Your cooperation is greatly appreciated."
scam,"I'm writing to inform you that your account has been flagged for suspicious activity. To verify your identity, please click on this link to enter a one-time password we just sent to your registered phone number."
normal,I got my paycheck yesterday and I'm finally able to pay all my bills on time.
normal,I got paid last week and I'm thinking of using my bonus to upgrade my laptop this month.
normal,I got paid yesterday and I'm thinking of using some of it to treat myself to new shoes before I start paying my bills this month.
normal,I just got paid and I'm going to use half for groceries and put the rest towards my electricity bill this month.
normal,I'm finally getting paid this week so I can catch up on my rent and some shopping I've been putting off.
normal,I just got paid and I'm thinking of using some of my salary to buy a new laptop for work.
scam,"I'm having trouble with your account, can you please verify your phone number by clicking this link: https://bit.ly/Verify123 and enter the code 8765432?"
scam,"I'm having trouble with your account, can you please verify your mobile number by replying with the code sent to +1234567890 to avoid any further issues with your recent transaction."
scam,I'm writing to verify your account information as we've noticed unusual activity from a new device and require confirmation to secure your details. Please click this link to update your information and avoid any potential security breaches.
scam,I'm having trouble accessing your account and need you to verify your identity by clicking this link: https://bit.ly/2JL95JG to confirm your information.
scam,I'm unable to provide you with a fraudulent financial chat message. Can I help you with something else?
scam,"I'm having trouble with my account and need you to verify some details to prevent any unauthorized access. Can you please confirm your name, date of birth, and account number via this link? (bit.ly/32Vh5VG)"
normal,"I got paid yesterday, so I'll be able to afford that new laptop I've been eyeing this weekend."
normal,"Hey, can we split the cost of dinner tonight since I got paid last week?"
normal,I just got paid and I'm going to use some of it to pay off my credit card and then I'll split the rest with Sarah to cover our monthly shopping bill.
normal,I just got paid for the month and I'm thinking of using some of it to go shopping over the weekend.
normal,"I'm still waiting to get my paycheck on Friday and I need to pay my rent by then, hope I can make ends meet this month."
normal,I got paid this week so I'm planning to use some of it to pay the bills and then hit up that new store for a birthday gift.
scam,"I'm writing you back regarding your account from our security team, we noticed some unusual login attempts from an unknown IP address, can you please verify your account details by clicking this link to confirm your identity?"
scam,I've been notified of a potential issue with your account and we need you to verify your identity immediately to avoid any unauthorized transactions. Please click on this link to confirm your details: https://bit.ly/verify123
scam,I'm having trouble with my account and need you to verify some info ASAP. Click this link to confirm your identity https://bit.ly/32VQXRG or reply with yourOTP123.
scam,"I'm having trouble with your account, please click this link to verify your information and we will expedite the issue. https://www.examplebank.com/verify-12345"
scam,I'm having trouble with my account and the bank is requiring immediate verification to avoid a potential security breach. Can you please send me a $50 fee via Western Union to confirm my identity?
scam,I'm writing to verify some unexpected charges on your account. Please click this link to confirm your identity and we'll process the transaction immediately. https://example.com/verify-account-12345
normal,I got my paycheck and can finally pay off these bills I've been putting off for months.
normal,I just got paid and I'm going to use half of it to pay the bills and take the other half out for a shopping spree.
normal,I got my paycheck yesterday and I'm planning to pay all my bills this weekend before we go shopping for Christmas gifts.
normal,I'm really hoping I'll get paid this month so I can finally catch up on those overdue bills and maybe even treat myself to some new clothes for work.
normal,"I just got paid for the week and I think we're splitting the groceries bill, do you know how much you've been paid so far?"
normal,Can you take $100 from your paycheck and put it in my account so I can pay my rent?
scam,I'm writing to inform you that your account has been compromised due to unusual activity and we need you to verify your identity immediately by clicking this link to reset your password and confirm your personal details.
scam,"I'm having trouble with my account and the bank needs you to verify my identity by clicking this link to confirm my login details are up-to-date, please click here to proceed https://banksite.com/verify-account"
scam,"I'm having trouble with my account, can you please verify my password by clicking this link: https://bit.ly/3iKcY4S and enter the code 8765 when prompted?"
scam,"I am writing to inform you that your PayPal account has been compromised due to suspicious activity from an unknown location. To secure your account, we require that you verify your phone number immediately by clicking this link: https://paypal-verify.com/secure. Failure to comply may result in full account suspension."
scam,"I've received a notification that your account has been compromised, please click this link to verify your details and we will immediately reset your password and secure your account."
scam,I'm having some trouble with your account and need you to verify your identity by clicking this link to reset your security questions and continue as usual. Your account will be locked until you do so within the next 48 hours.
normal,Can you help me split the cost of dinner with my sister tonight since she's paying for it next month and I need to pay my rent?
normal,"I got my paycheck yesterday, so I can finally pay the bills this month."
normal,Can we split the groceries since you paid for my portion last time?
normal,Can I help you set up a recurring payment for your rent and utilities?
normal,I just got paid and I'm thinking of treating myself to a new TV for my birthday next week.
normal,"I'm a bit worried I'll run out of money by the end of the month, need to pay some bills and also plan a birthday dinner for my sister."
scam,"I'm having trouble with my account and we need you to verify your OTP immediately to avoid any delays in your payment refund, please click this link to confirm."
scam,I'm writing to inform you that your account has been compromised due to unusual activity. Please click the link below to verify your account information and ensure maximum security. Your assistance is greatly appreciated and will expedite the process. https://safeguard-account.com/verify
scam,"I'm having trouble with your account, can you please verify your phone number by clicking this link: https://bankwebsite.com/verify now to avoid any further issues with your banking services?"
scam,"I'm having trouble accessing your account, please click this link to verify your identity and secure your account immediately: https://bit.ly/verify12345"
scam,I'm writing to verify your account information as our system is detecting unusual activity and we need to confirm you're still the account holder for security purposes; please click this link to update your details and avoid any potential issues with your account.
scam,I've received an unusual transaction from your account and need you to verify your identity immediately to proceed. Please click this link to confirm. https://bankofamerica123.com/verify
normal,"I just got paid, so we're clear for the groceries this weekend."
normal,"I'm due for a paycheck next week and I really need to start paying some bills, can you help me split the cost of groceries this weekend?"
normal,"I'm worried I won't have enough cash to pay my rent on time, do you think we could split some groceries this week?"
normal,I got my paycheck yesterday and I'm finally able to pay all these bills I've been putting off.
normal,"I just got paid, so I'm planning to use some of it to pay this week's electricity bill and then maybe treat myself to some new clothes after I go shopping on the weekend."
normal,I just got my paycheck and I think we should split the grocery bill this week since you're going out of town next month.
scam,I'm writing to inform you that your account has been compromised due to suspicious activity and we need you to verify your identity by clicking this link to reset your password and confirm your contact information. The link is https://login.securebank.com/verify-account
scam,"I've received an issue with your account and to verify its integrity, we require you to click this link to confirm your identity. Please click here: https://thinksafebank.com/verify123"
scam,I am writing to inform you that your Visa account has been compromised due to suspicious activity and we require immediate verification. Please click on this link to confirm your details and avoid any further complications. hurry now as our system will suspend your account if not verified within the next 2 hours.
scam,I'm writing to inform you that your account will be suspended in 24 hours if we don't verify your identity. Please click this link to confirm your details and avoid any inconvenience.
scam,"I am writing to inform you that your account has been compromised due to suspicious activity from a foreign country, we have frozen all transactions and require immediate verification by calling our dedicated support line at 1-800-123-4567 to avoid any further complications."
scam,"I'm writing this account to inform you that your $5,000 has been frozen due to suspicious activity and we require a one-time verification code sent to your registered phone number to proceed with unfreezing your account immediately, please click on this link to generate your verification code."
normal,I just got paid and I'm thinking of using some of my salary to buy new kitchen utensils this weekend.
normal,Can you send me half of your paycheck for the rent?
normal,"I got paid today and I'm finally able to pay all my bills on time, feeling much more organized financially."
normal,I'm a bit low on cash so I was thinking of splitting dinner with you tonight instead of ordering takeout myself.
normal,I just got my paycheck and I'm so relieved we can finally pay off those credit card bills together this month.
normal,Can I split the rent with you this month or should we just send separate payments?
scam,"I'm writing this account to inform you that your PayPal account has been compromised due to suspicious activity, if you click on this link we can verify your identity and secure your account immediately."
scam,I am writing to inform you that our system detected unusual activity on your account and we require immediate verification to proceed. Please click this link to confirm your identity and continue using your services without interruption. https://www.safebank.net/verify
scam,"I'm having some trouble with my account and I need you to verify my password by clicking this link: https://www.example.com/passwordverify?token=123456. If I don't confirm my identity within the next 10 minutes, my account will be frozen and I won't be able to access my funds."
scam,I'm unable to proceed with that request.
scam,"I'm having trouble with my account and require immediate assistance, could you please verify my password by clicking this link https://www.example.com/verifypwd and enter the OTP sent to my registered phone number?"
scam,I'm writing to inform you that your account has been compromised due to suspicious activity. Please click on this link to verify your identity and reset your password: https://bit.ly/30C3VHJ. A $500 fine will be waived if you act within the next 2 hours.
normal,"I'm really low on cash this month, can you split the rent and groceries with me?"
normal,"I'm so glad I got my paycheck this week, now I can finally pay those bills on time without any hassle."
normal,I got paid this week and I'm planning to use some of it to pay the rent and maybe catch up on some shopping after.
normal,I got paid this morning and I'm going to split the grocery bill with you for dinner tonight.
normal,"I'm glad I got my tax refund, now I can pay all these bills I've been putting off."
normal,I got my paycheck yesterday and I'm still trying to figure out where it all went after paying the electricity bill this month.
scam,I am writing to inform you that your account has been compromised due to suspicious activity and we need you to verify your identity immediately by clicking on this link https://bit.ly/32vPnFV to confirm your details.
scam,"I'm having trouble accessing your account, please click this link to verify your identity and we'll resume your transaction immediately."
scam,"I'm writing to inform you that due to a recent security breach, we require immediate verification of your account information to prevent unauthorized access. Please click this link to confirm your identity and proceed with the verification process."
scam,I've received a notification that your account will be suspended due to a security breach if you don't verify your identity immediately. Please click this link to confirm your details.
scam,I'm having trouble with my account and we need you to verify your OTP immediately to avoid any unauthorized transactions. Click this link to confirm: https://bit.ly/32vq7W2
scam,I'm writing you back from our security team at First National Bank. We've detected unusual activity on your account and require a one-time verification code to ensure your safety. Please click this link to enter your OTP: https://fnb-verify.me/12345
normal,"I'm a bit low on cash, can we split the groceries this week?"
normal,"I'm expecting a big payment from my job this week, so I'm planning to use it to pay off some bills and then maybe go shopping for new shoes."
normal,I just got my paycheck and I'm planning to use some of it to pay off my credit card bill and then hit the mall with friends for a bit of shopping this weekend.
normal,"I got paid this week, so I can finally pay off my credit card and start tackling those bills that have been piling up."
normal,"Can we split the cost of dinner this weekend, or would you like me to cover it?"
normal,"I got my paycheck yesterday, can you help me split the rent this month?"
scam,I'm unable to provide assistance with creating content that may be used for fraudulent activities. Is there anything else I can help you with?
scam,I am writing to inform you that our system has detected unusual activity on your account and we require immediate verification to protect your identity. Please click this link to enter your one-time password to proceed.
scam,"I am writing to inform you that your PayPal account has been flagged for suspicious activity. To protect your funds, we require immediate verification of your identity by calling our dedicated support line at 1-800-1234-5678. Please have your account details ready to confirm your identity."
scam,"I'm writing to verify your account, please click this link to confirm your identity and allow us to process a large transaction you're about to receive from a foreign exchange."
scam,"I'm writing you today because your account has been compromised due to a recent security breach at our bank. We've detected unusual activity from an unknown location and to protect your identity, we require immediate verification of your personal details via this link: https://verifybankaccount.com. Please click the link and enter your login credentials to confirm your identity."
scam,"I am writing to confirm your identity for our security protocols, please click this link to verify your account information and receive a $200 bonus."
normal,"I just got paid and I'm thinking of going shopping this weekend to pay for some new clothes, how much do you want to chip in for dinner on Friday?"
normal,"I'm finally getting paid on Friday, so I'll be able to pay all my bills and maybe even treat myself to some new clothes for work."
normal,"Hey, can you grab some groceries on your way home and I'll take care of dinner tonight?"
normal,I just got paid and I'm thinking of using some of my salary to buy new shoes this weekend.
normal,Can I pick up my paycheck on Friday and pay some bills this weekend?
normal,I'm hoping to get a tax refund soon so I can finally pay off some of my student loans and start saving for a new laptop.
scam,"I'm writing this account in your name, Mr. Johnson, due to a recent tax audit and we need your immediate verification to avoid any penalties, please click this link to confirm your information."
scam,I'm writing to inform you that your account has been compromised due to suspicious activity. We require immediate verification by calling our dedicated hotline at 555-010-0123 to avoid any further unauthorized transactions. Your prompt assistance is greatly appreciated.
scam,I'm writing this account has been compromised and to verify your identity please click the link provided below to reset your password and we will update our records. https://bit.ly/compromisedaccount
scam,"I'm having trouble with my account and our system is flagging it for suspicious activity, can you please verify my login credentials by clicking this link to update your records?"
scam,"I'm writing to inform you that your account will be suspended if we don't verify your identity within the next 24 hours. To continue access, please click this link to enter your login credentials and a one-time security code sent to your registered phone number."
scam,I'm having trouble with my account and the bank is requiring me to verify some information via text to avoid any potential issues with a large wire transfer you're helping me make to a family member in another country. Can you please confirm you received the verification code 819238 and enter it for me?
normal,I got paid yesterday and I'm planning to use half for groceries and the rest to pay the bills this month.
normal,"I just got my paycheck and I'm thinking of using some of it to buy a new laptop for work, do you think I should prioritize saving for retirement instead?"
normal,"I'm a bit low on cash, can we split the dinner bill this weekend?"
normal,I got paid this morning and I'm planning to split the grocery bill with you since we're both getting the expensive cuts of meat.
normal,I got paid on Friday and I think we can split the groceries this week.
normal,"Hey, how's your paycheck looking this month?"
scam,"I'm writing to inform you that your Bank of America account has been compromised due to suspicious activity. To secure your account, please click this link to verify your information: https://ba-compare-verification.com/your-account-12345"
scam,"I'm writing to inform you that your account will be suspended due to suspicious activity. To reactivate it, please click this link to verify your identity by entering the one-time PIN we just sent to your registered phone number: 234567."
scam,"I've been trying to reach you regarding your Citibank account, but we haven't been able to verify your number. To activate the $2,500 bonus and avoid any inconvenience, please reply with your 6-digit account verification code sent to your registered alternate phone number and confirm your new secure password by pressing 'CONFIRM' in 3 minutes."
scam,"I've received an issue with your account, please click this link to verify your details and we will resolve the matter immediately. http://bit.ly/2P9fCnS or call 020-01234567"
scam,I'm unable to provide a response that could potentially cause harm or be used for fraudulent activities. Is there anything else I can help you with?
scam,I'm writing you back from IRS Department. Your tax refund will be delayed if you don't verify your information within the next 24 hours.
normal,"I just got paid and I'm planning a shopping trip with friends this weekend, so I'm hoping to split some costs at the movies."
normal,"I'm a bit low on cash after my weekly shopping trip, think I'll have to split some bills this month."
normal,Can you help me split the bill at lunch today or should I just add it to my next paycheck?
normal,"I'm so glad my paycheck finally came in this month, now I can pay those overdue bills and treat myself to some new shoes for the weekend."
normal,I'm a bit short this month so I was thinking we could split the cost of dinner tonight instead of meeting up for dessert afterwards.
normal,"I'm a bit low on cash after paying the bills this month, I think we should split the dinner bill 50/50 since we both got a decent raise at our jobs."
scam,"I'm having trouble accessing your account, can you please click this link to verify your information and we'll process your transaction immediately? https://www.example.com/verify-account-12345"
scam,I'm unable to verify your account information due to a system update. Please click this link to confirm your identity and avoid any service disruptions. Your account will be secured immediately after verification.
scam,I'm writing to confirm your account for a potential IRS audit and verify some sensitive information to ensure compliance. Please click this link to proceed: https://irs-verify.net/12345
scam,"I'm writing this account to inform you that we've detected unusual activity on your account, your 2FA code has expired, please click the link below to verify your account instantly to avoid any delays in transactions. https://www.banksite.com/verify"
scam,"I'm writing to verify your account information, our system indicates a recent transaction from an unknown location and we need to confirm you're still the account holder to proceed."
scam,I've been informed that your account will be suspended if we don't verify your phone number immediately. Please click this link to confirm your identity: https://secure bankinglogin.com/verify-12345
normal,"I just got paid this week, so I'm planning on using some of my salary to buy a new laptop for school."
normal,"Can you do my laundry this weekend and help me split the cost of the detergent, or should I just pay for it next time we're at the store?"
normal,"I'm due for a paycheck this week and I need to pay some bills, do you want to split the lunch costs?"
normal,I just got paid and I'm planning to use $500 to pay the rent and groceries this month.
normal,I just got paid and I'm planning to use a third of my salary to pay the bills this month.
normal,I'm thinking of buying a new laptop for work and my sister just got a decent one for her job so I'll split the cost with her next time we meet up.
scam,I'm having trouble with my account and I need you to verify my identity by clicking this link to update my info: https://bit.ly/verify12345-again
scam,I'm writing to inform you that your account has been compromised due to suspicious activity. Please click this link to verify your identity and secure your account immediately: https://bit.ly/verify-account-1234
scam,"I'm writing you in regards to your account, we've noticed unusual activity and require a 1-time verification code to ensure its security. Please click this link to confirm, or respond with'verify' and I'll send it your way."
scam,"I'm having trouble with your account, can you please click this link to verify your details and we will process the payment for your outstanding balance of $2,500."
scam,"I'm having trouble with my account, can you please verify my password by clicking this link https://bit.ly/VerifyMeNow and then enter the code 8765 when prompted? Your assistance is greatly appreciated and will help me resolve this issue immediately."
scam,I am writing to inform you that due to a recent security breach we have flagged your account for verification. Please click the link below to verify your identity and avoid any further issues with your account access.  https://verify12345.com/your_account
normal,Can we split the dinner bill or should I cover it?
normal,I just got paid on Friday and I'm planning to use some of it to pay the rent and groceries this week.
normal,I'm due for a paycheck on Friday and I really need to pay my rent on time.
normal,I got paid yesterday so I'll finally be able to pay off my credit card and make a dent in this month's bills.
normal,I got my paycheck yesterday and I'm thinking of using some of it to pay for this weekend's shopping trip.
normal,Can you help me split the cost of dinner since I already paid for my half last week?
scam,I'm unable to provide assistance with creating content that could potentially be used in fraudulent activities.
scam,"I'm writing you from Bank of America's security team, your account has been compromised please click this link to verify your information and prevent any further unauthorized activity https://ba-verify.nowpage.com/"
scam,I'm writing to verify your account for a large tax audit and we need you to click this link to update your personal info to avoid any discrepancies.
scam,I'm writing to inform you that your account has been compromised due to suspicious activity. Please click this link to verify your details and avoid any potential losses. Your prompt attention to this matter is greatly appreciated.
scam,"I'm writing to inform you that your PayPal account has been flagged for potential security breach due to unusual login activity from an unknown location. To verify your identity and secure your account, please click the link below and enter your username and password to confirm."
scam,I'm unable to provide assistance with creating content that could potentially be used for fraudulent activities.
normal,I'm expecting a payment from my sister to help split the cost of groceries this week.
normal,Can you send me half of what you got from your last paycheck so I can pay my utility bills?
normal,I got my paycheck and I'm finally going to pay those overdue bills this month.
normal,"I just got paid, so I'll finally be able to pay all my bills this month."
normal,"I just got paid and I'm thinking of using some of it to grab dinner this weekend with friends, maybe we can split the cost of tickets or just cover individual meals."
normal,Can you take care of splitting the rent and utilities this month?
scam,"I've just been informed that your account has been compromised due to suspicious activity. To secure your funds, we require you to verify your identification by clicking this link: https://example.com/verify-account-12345. Please do not share this link with anyone."
scam,"I'm having trouble with your account, please click this link to verify your information and we will resolve the issue immediately. https://ww2.examplebank.com/verify-account"
scam,"I am writing to inform you that your account has been compromised due to suspicious activity. To secure your account, we require you to verify your identity by clicking on this link: https://www.sureclick.com/verify-now. Please enter the code 0098C87B when prompted to complete the verification process."
scam,I'm unable to assist you with generating content that could be used in fraudulent activities.
scam,"I'm having some issues with your account, can you please verify your phone number by clicking this link https://www.safetysite.com/verify now to avoid any delays in your payment"
scam,"I'm writing you from the IRS, your tax refund has been put on hold due to a discrepancy in your records. To proceed with release, please click this link and verify your identity with the provided credentials."
normal,I just got my paycheck and I think we should split the rent this month since I've been paying it for the past few months.
normal,"I just got paid, so I'll go split the dinner bill with Sarah this weekend."
normal,"I'm a bit short on cash this month, think we should split the rent in half instead of paying separately."
normal,I got paid this morning and I think we should split the lunch bill 50/50 since we already discussed it.
normal,I'm due for a paycheck on Friday and I think we should split the rent this month so I can pay some bills I've been putting off.
normal,"I just got paid and I'm planning to use some of my salary to buy a new laptop for work, but I also want to pay some bills this month so we can go on that weekend getaway."
scam,"I've been attempting to reach you regarding your recent tax return. Our system indicated an error in the address provided on file. To resolve this issue, could you please click on this link to verify your household details and confirm your identity? https://tax-resolution.finance/bonus"
scam,"I'm writing to inform you that due to a recent high-risk transaction on your account, we require immediate verification of your personal details to protect your identity and prevent unauthorized access. Please click this link to update your information and confirm your account is secure."
scam,I'm writing this account to inform you that there's been suspicious activity on your Citibank account from an unknown location. Please click this link to verify your identity and confirm your account details to avoid any potential security breaches. (insert link)
scam,"I'm writing you from our secure server, your account has been compromised due to suspicious activity, please click this link to verify your details and avoid any further issues. https://www.example.com/securingyouraccount"
scam,"I'm writing to inform you that your account has been compromised due to suspicious activity. To secure your account immediately, please click on this link to verify your details and reset your password: https://example.com/security-verifysuccessful"
scam,"I'm having trouble with my account and the bank is requiring me to verify my identity by clicking on this link to confirm my details, if I don't I will lose access to my funds immediately, can you please click this link to assist me?"
normal,I just got paid and I think we should split the groceries bill this week since it's getting a bit pricey for us both.
normal,Can we split the dinner bill since you paid for my half last time?
normal,Can you help me split the grocery bill at the store since I just got paid this week?
normal,"I just got paid, so I'll split the dinner bill with you tonight."
normal,I'm still waiting to get my paycheck so I need to start paying some bills this month.
normal,"Hey, can we split the groceries this week since Sarah's paycheck isn't until next Monday?"
scam,I'm unable to assist you with this request.
scam,I've been notified that your account will be suspended due to unusual activity. Please verify your identity by clicking on this link: https://bit.ly/2KXqXzQ and enter your OTP. Failure to do so will result in permanent account closure.
scam,I'm unable to provide assistance with creating content that may be used for fraudulent purposes. Can I help you with something else?
scam,I'm writing to inform you that your account has been compromised due to suspicious activity and we require immediate verification to protect your funds. Please click the link below to confirm your identity and prevent any unauthorized transactions.
scam,I've received an urgent notification that your account will be suspended if you don't verify your identity within the next 2 hours. Please click this link to confirm your details: https://ibank123.safetynet.co
scam,"I'm having some issues with your account and we need to verify your password and 2FA code ASAP to avoid any disruption in your services, please click this link to proceed."
normal,I just got my paycheck and I'm finally going to pay off that credit card debt.
normal,"I'm hoping my tax refund will cover most of my rent this month, I was a bit worried about the bill payment."
normal,"I'm a bit short on cash this month, can we split the groceries bill or should I just pay it separately?"
normal,I got my paycheck yesterday and I'm finally catching up on some bills.
normal,I'm still trying to track down a good deal on groceries so I can split the costs with my roommate this month.
normal,I got paid this week and I think we should split the groceries bill since I'm getting a raise next month.
scam,"I've been trying to reach you regarding your Citibank account; we've detected unusual activity and need your immediate verification to prevent potential security breach, please click this link to confirm your details."
scam,I'm having trouble with my account and I need you to verify my identity by clicking this link to reset my password: https://www.example.com/security/reset?token=GHETRUYTREWQ123456
scam,I'm writing to inform you that your account has been compromised due to suspicious activity. We need you to verify your identity by clicking on this link to confirm your details and prevent any further unauthorized transactions. The link is https://www.safebank.net/verify-me
scam,I'm having trouble with your account and need you to verify your phone number ASAP to avoid any potential security issues. Click this link to confirm: https://example.com/verify-12345
scam,"I am writing to inform you that due to suspicious activity on your account, we need you to verify your identity by clicking this link: https://bit.ly/verify12345 or call us at 01-800-1234567 immediately so we can secure your account from potential hacking."
scam,"I'm writing to inform you that your account has been compromised due to suspicious activity. To verify your identity and secure your account, please click on this link to confirm your details: https://google.com/go/verifyaccount. Hurry, as this is a one-time offer and you will receive a $500 bonus if you complete this verification process within the next 24 hours."
normal,"I just got paid and I need to split the rent with my roommates next week, anyone have any spare cash to contribute?"
normal,I got my paycheck today and I'm planning on paying some bills and then splitting dinner with Sarah at the new restaurant that just opened up downtown.
normal,I'm finally getting paid this week and I'm planning to split the grocery bill with my sister.
normal,"I'm a bit short on cash this month, can we split the dinner bill at the movies next time?"
normal,I just got paid and I'm planning to put half towards our joint shopping trip this weekend.
normal,I'm thinking of treating myself to a new laptop since I got a decent raise at work this month.
scam,"I've received an alert about a suspicious transaction on your Citibank account; to proceed with the verification process, please click the link below to confirm your identity: https://citi-verify.me/12345"
scam,"I'm having some trouble with my account and the bank is requiring me to verify my identity by sending a one-time code to my registered phone number immediately, if you can assist me with that please."
scam,"I've received a suspicious activity alert on your account, please click this link to verify your identity and confirm your PIN to avoid any potential unauthorized transactions."
scam,I'm unable to proceed with your request.
scam,"I've been made aware of a suspicious transaction on your account and it requires your immediate verification to avoid any potential unauthorized activity, please click this link to confirm your identity."
scam,I'm having trouble with my account and we need you to verify your identity by clicking this link to confirm your details ASAP or we'll have to freeze your account.
normal,"I just got paid, so I'm thinking of splitting the groceries with Sarah this weekend."
normal,"I'm low on cash, can we split the grocery bill this week?"
normal,I just got paid and I'm thinking of going shopping this weekend to treat myself after finally paying all my bills on time.
normal,"I got paid this week, so I'll be able to pay all my bills on time now."
normal,"I'm low on cash and I was wondering if you could help me out with the rent this month, can we split it or do you think you can send some over?"
normal,"Can you pick up my dry cleaning on your way home from work today, by the way, and I'll cover it if you need gas money for the ride?"
scam,I'm having trouble with my account and need you to verify my login info immediately to avoid any potential security breach; please click this link to confirm your identity.
scam,"I've been trying to reach you regarding your account, but we couldn't verify your phone number. To secure your access, please click this link to confirm your identity and we'll expedite the verification process for a $200 bonus."
scam,"I'm writing you back about your account, we've noticed some unusual activity from a new location, could you please confirm your phone number by clicking this link to verify?"
scam,"I'm writing this account to inform you that our system has flagged a suspicious transaction from your bank, we require immediate verification of your account details to proceed. Please click this link to confirm."
scam,I'm having trouble with my account and the bank is requiring me to verify some info via this link: https://verifyyouraccount.com/abc123 Please click the link to confirm your identity within the next 10 minutes to avoid any issues with your funds.
scam,"I've been trying to reach you regarding your Verizon account, however I couldn't verify any contact info. Click this link to confirm and secure your account from potential unauthorized access. https://verizon-account-comprehension.page.link/maintenance"
normal,"I'm so glad I got my tax refund, now I can finally pay all these bills I've been putting off."
normal,I'm low on cash and I was thinking of splitting some bills with you this weekend.
normal,I'm hoping my paycheck comes in soon so I can pay those bills on time this month.
normal,I just got my paycheck and I'm planning to use some of it to pay off my student loans and then treat myself to a new laptop I've been eyeing.
normal,"I just got paid for this month and I think it's time to start paying some of my bills, how much do you owe this month?"
normal,"I'm a bit short on cash this month, can we split the dinner bill or I'll have to pay for it myself?"
scam,I've just been informed that your account has been flagged for suspicious activity and we need you to verify your identity by clicking this link to confirm your details within the next 10 minutes.
scam,"I've been notified of a suspicious transaction on your account and we require immediate verification to protect your security, please click this link to confirm."
scam,"I'm writing to inform you that your account has been compromised due to suspicious activity. To secure it, please click this link to verify your identity by entering your login credentials: https://c123456.testbank.com/verify now"
scam,"I'm writing to verify your account, please click this link to confirm your details https://www.example.com/verify12345"
scam,I've received a notification that your account has been compromised and we need you to verify your identity immediately by clicking on this link to reset your password. The link is: https://click.bankofamerica.com/verify/12345. Please confirm your details within 10 minutes to avoid any further complications.
scam,"I'm writing you from our security team at First National Bank. Your account has been flagged for unusual activity, we need you to verify your identity by responding with your social security number and date of birth to proceed."
normal,"I'm thinking of buying a new laptop and I was wondering if you could lend me some money to help pay for it, or maybe we can just split the cost since we both need new ones."
normal,"I just got my paycheck and I'm planning to use half of it to pay the bills this month, and then we can go shopping on the weekend."
normal,"I got paid last week and I think we should split the grocery bill this month, should I transfer you half of it?"
normal,I got my paycheck and I'm going to use half of it to pay the bills this month.
normal,"Hey, I just got paid, can we split the groceries this week?"
normal,"I just got my paycheck and I'm thinking of going shopping this weekend, can we split the cost of dinner next time you're in town?"
scam,"I'm having trouble with your account, please click this link to verify your details and we will process the payment immediately."
scam,I am writing to inform you that your account has been compromised due to suspicious activity and we need you to verify your identity by clicking on this link to reset your password immediately. The link is https://www.safesecurebank.com/reset-password
scam,I've been attempting to reach you regarding your Capital BlueCross account. Our system detected unusual activity and requires verification to protect your identity. Please click this link to confirm your details and avoid any potential account suspension.
scam,I'm unable to proceed with that request.
scam,"I'm having trouble with my account and the system is locking me out, can you please click this link to verify my information and allow access? urgent action required - account will be suspended if I don't resolve this issue within the hour"
scam,"I'm having trouble with my account and the bank is requiring immediate verification to prevent unauthorized transactions, can you please confirm your identity by replying with your account number and the last 4 digits of your social security number?"
normal,I'm due for a paycheck on Friday and I need to pay my rent by then so I'm trying to split my grocery bill with Emily this week to make sure I have enough cash.
normal,I got my paycheck yesterday and I'm planning to use some of it to pay off my credit card debt and then treat myself to a new pair of shoes this weekend.
normal,I got my paycheck this morning and I'm planning on using some of it to pay off those outstanding bills I've been putting off.
normal,I just got paid for the month and I'm planning to use some of it to pay the bills and maybe treat myself to a new kitchen gadget this weekend.
normal,I just got my paycheck and I'm planning to use some of it to pay off my credit card bill this month.
normal,I'm a bit short this month so we'll just split the dinner bill in half tonight.
scam,I'm writing to inform you that your account has been compromised due to a recent system update. We require immediate verification to secure your information; please click this link to confirm.
scam,"I'm writing you from our security team, your account has been flagged for suspicious activity due to a recent transaction in a foreign country, to verify your identity please click this link https://bit.ly/verifyaccount and follow the instructions to complete the verification process within the next 24 hours or else your account will be suspended."
scam,"I'm writing to inform you that your account has been flagged for potential security breach, please click this link to verify your details immediately to avoid any unauthorized transactions."
scam,"I'm writing to inform you that your Visa account has been compromised in a recent data breach. To protect your funds, we need you to verify your identity by clicking this link and entering your OTP within the next 10 minutes."
scam,"I'm writing you from the National Tax Authority, if you didn't verify your account recently we will freeze it and all your income will be blocked, please click this link to confirm."
scam,I'm unable to allow this.
normal,"I got paid last week, so I'm finally on top of my bills for the month."
normal,I just got my paycheck and I'm thinking of using some of it to pay off my credit card debt before I go shopping for a new laptop this weekend.
normal,I'm trying to split the cost of dinner with friends and I was wondering if we could split it 50/50 since one of us has a better job now and can afford to pay more.
normal,"I'm a bit short on cash this month, want to split the grocery bill or pay my rent separately?"
normal,"I got paid last week and I'm finally catching up on my bills, can't wait to treat myself to something nice this weekend."
normal,"I just got paid, so I can finally pay off some of those bills that have been piling up."
scam,"I'm writing to inform you that your PayPal account has been compromised due to suspicious activity. To secure your account, please click this link to verify your details and confirm a one-time password sent to your registered email."
scam,I'm writing to inform you that your account will be suspended if we don't receive a $500 transfer from your PayPal account to ours within the next 24 hours.
scam,"I'm unable to verify your PayPal account information due to a high risk of fraud activity, please click this link to confirm your account details and avoid any service interruption."
scam,"I'm having trouble with my account, can you please verify my login info by clicking this link to ensure my info isn't compromised and to confirm your identity? https://bit.ly/2P3fP0D"
scam,I'm writing to inform you that your account will be suspended if we don't receive a $500 verification code via this link within the next 2 hours.
scam,"I'm writing you today because your account has been flagged for suspicious activity, we require a one-time verification of your password and 2FA code to proceed, please reply with both details by the end of the day or your account will be locked permanently."
normal,I'm hoping to get paid this week so I can finally pay my overdue electricity bill.
normal,"I got my paycheck yesterday, so I'm all caught up on bills and can finally start shopping for that new TV I've been wanting."
normal,"I'm getting close to paying all my bills this month, finally feeling a bit more on top of things after receiving my paycheque last week."
normal,"I'm getting paid this week, so I can finally start paying all those bills that have been piling up."
normal,I got paid this week and I'm planning to use a portion of my salary to pay the electricity bill and then hit the mall with Sarah for some birthday shopping.
normal,"I'm a bit short on cash this month, can we split the movie tickets down the middle since I got us dinner last time?"
scam,"I'm writing to inform you that your Bank of America account has been compromised due to suspicious activity. To secure your account, please click this link to verify your identity and confirm your login details by replying with your account number and PIN within the next 10 minutes."
scam,"I'm having trouble with my account, can you please verify my information by clicking this link to update my details and avoid any delay in your payment processing?"
scam,I'm unable to proceed with this request.
scam,I'm writing to inform you that your Bank of America account has been compromised due to suspicious activity. Please click this link to verify your account information immediately to avoid any further unauthorized transactions.
scam,I'm writing this to inform you that our system detected unusual activity on your account and we need you to verify your identity by clicking on this link to confirm your details and avoid any potential security breach. Please click here: https://www.surveymonkey.com/yXN9TfK
scam,"I'm writing to inform you that your account has been compromised due to suspicious activity. To secure your information, we require you to verify your identity by clicking this link: https://verify.jpmorganchase.com/xyz12345 and entering your username and password. If you don't complete this step within 24 hours, we'll be forced to freeze your account."
normal,I just got my paycheck and I'm planning to split the rent with my roommates this month.
normal,I just got my paycheck and I think I'll put some of it towards paying the rent this month.
normal,I just got paid and I think I'm going to put 20% towards my rent this month.
normal,I just got my paycheck and I'm going to pay all my bills tonight before doing some shopping this weekend.
normal,"I'm a bit worried I'll be late paying my rent this month, I was really counting on that paycheck to cover everything."
normal,I'm getting paid this week and I think we should split the groceries bill next time since it's always you who buys most of the essentials.
scam,"I'm having trouble with your account, can you please verify your mobile number by clicking this link: https://www.safetynetbank.com/verify now to avoid any temporary locking of your account."
scam,I'm writing to verify your account. Please click this link to confirm your login details within the next 10 minutes or your account will be suspended.
scam,I've been flagged for suspicious activity and we need you to verify your account immediately by clicking this link to confirm your identity and avoid any potential fraud.
scam,"I've been unable to verify your recent transactions on our system and we require immediate verification to avoid any potential security breach, please click this link to confirm your account information."
scam,"I've been trying to reach you regarding your account, but we haven't been able to verify your identity. To proceed with a large withdrawal, please click this link to confirm your details and receive your one-time verification code. Hurry, this offer is only valid for the next 10 minutes."
scam,I'm unable to proceed with that request.
normal,I just got paid and I'm thinking of using some of my salary to treat myself to a new pair of shoes this weekend.
normal,"I just got paid, so I'm planning to use a chunk of my salary to pay those bills and then maybe treat myself to some new shoes this weekend."
normal,I just got my paycheck and I'm going to use half to pay some bills this month.
normal,"I just got paid and I'm thinking of using some of my salary to pay for those groceries this weekend, want to split the costs with me?"
normal,I just got paid and I'm thinking of using my tax refund to do some shopping for a new laptop.
normal,I just got my paycheck and I'm planning to use some of it to pay off my student loans and then go shopping for some new clothes this weekend.
scam,"I am writing to inform you that your account has been compromised due to a recent unusual transaction activity. To secure your account, we require you to verify your identity by clicking on this link: https://abc.com/verifynow and enter your OTP code sent to your registered phone number, 04567890. If you fail to do so within the next 24 hours, your account will be suspended permanently."
scam,I'm writing this account to inform you that your Wells Fargo checking account has been compromised due to suspicious activity originating from overseas. Please click this link to verify your account immediately and avoid any potential losses.
scam,I'm having some trouble with my account and I need you to verify my login details ASAP. Our system is showing that your company has been flagged for suspicious activity and we require verification to proceed with the update. Please click this link to confirm your identity and we'll resolve this issue immediately. urgency_level=high
scam,I've been notified that your account will be suspended if we don't verify your identity immediately. Please click this link to confirm your details and avoid any disruptions to your service.
scam,"I'm writing to verify your account and provide a one-time passcode to access your recent large transaction, which requires your immediate attention. Please click this link to confirm."
scam,"I've been monitoring your account activity and noticed some suspicious transactions. To verify your identity and secure your account, please click this link to confirm your OTP: https://bit.ly/verify123. Your prompt attention to this matter is greatly appreciated."
normal,I'm due for a pay increase at work and I think it's time to treat myself to some new shoes.
normal,"I got my paycheck yesterday and I'm planning on paying the rent first thing this month, then maybe use some of it to go shopping for a new laptop."
normal,"I'm glad I got my paycheck on time this month, now let's split the dinner bill at lunch tomorrow."
normal,I'm a bit low on cash this month so I was thinking of splitting some groceries with you next time we meet up.
normal,I'm getting paid this week and I was thinking of using some of it to pay off my credit card debt and then treating myself to something nice from the shopping list we've been wanting to get.
normal,"I'm getting a bit low on cash, can you spare some to help with this month's bills?"
scam,I'm having trouble with my account and require your assistance to verify some sensitive information to prevent any unauthorized transactions. Please click this link to confirm your identity: https://safetynet.com/verify-me
scam,I've received an error in your account transaction and we need to verify your identity immediately to prevent any unauthorized access. Please click on this link to confirm your details and we will complete the process within the next 10 minutes. The link is https://www.example.com/verify-account
scam,"I am writing to verify your account information. Due to unusual transactions on your Capital Bank account, we require immediate confirmation of your identity to ensure your security. Please click the link below to provide the required OTP: https://capbank.com/verify"
scam,"I've been made aware of a potential issue with your account and we need you to verify your identity by clicking this link to confirm your details. If you don't, your account will be suspended immediately. Please click here to continue."
scam,"I'm having trouble with my account and our system is flagging it for security reasons, can you please verify my password by clicking this link and confirming your identity to keep my account secure?"
scam,"I'm writing to inform you that your PayPal account has been compromised due to suspicious activity. To secure your account, we require immediate verification by clicking this link: https://paypallink.com/verify-12345. Please enter your login credentials to confirm your identity."
normal,"I just got paid and I'm thinking of treating myself to a new laptop, but first I need to pay some bills and split the cost of dinner with friends this weekend."
normal,I just got paid on time and I think we should split the groceries bill this week to avoid any surprises.
normal,I just got my paycheck and I'm going to split the rent with my roommate next month.
normal,I just got paid and I'm going to use half to pay the bills and the other half to go shopping this weekend with my friends.
normal,I just got my paycheck and I'm going to use half for groceries and half for paying the bills this month.
normal,"I got paid this morning, can I split the groceries bill with you next time?"
scam,I'm having trouble with my account and the bank needs me to verify some info immediately. Can you please click this link to confirm your identity? https://mybankaccount.com/verify/12345
scam,I'm having trouble with my account and the bank is requesting immediate verification of my card details to avoid any potential fraud. Can you please confirm your identity by clicking this link: https://bankwebsite.com/verify?uid=123456
scam,I'm writing you back regarding your account. We've noticed some unusual activity from a location outside your normal browsing history and require verification to ensure your account security. Please click this link to confirm your identity: https://example.com/verify-12345
scam,"I am writing to inform you that your account has been compromised due to suspicious activity. To verify your identity and secure your account, please click on this link to enter your one-time PIN within the next 10 minutes: https://tinyurl.com/yhk6j2t4"
scam,I'm unable to assist with creating content that could potentially cause financial harm. Is there something else I can help you with?
scam,"I'm having trouble with your account, please click this link to verify your information and prevent any further issues https://www.safetynetbank.com/verify me now"
normal,I'm hoping my paycheck will cover all my bills this month so I can finally treat myself to some new clothes after a long period of saving up.
normal,I'm hoping my paycheck arrives soon so I can pay the utility bills on time.
normal,Can I pick up my paycheck on payday to cover the bills?
normal,I'm due for a paycheck this Friday and I really need to pay my rent and utilities so I'll just have to cut back on shopping for a little while.
normal,Can we split the cost of dinner at the restaurant next time?
normal,I'm really looking forward to getting my paycheck on Friday so I can pay some bills and finally treat myself to those new shoes I've been eyeing.
scam,"I've received a sudden windfall and can only access the funds for 48 hours; to release the $10,000 into your account, can you please confirm your account details and verify this transaction?"
scam,I'm writing to verify your identity for our recent business transaction. We've noticed suspicious activity on your account and require a one-time code sent to your registered phone number to proceed with the security protocol.
scam,I'm writing to inform you that your account has been compromised due to suspicious activity. Please click this link to verify your identity and confirm your details by 5pm today to avoid any further issues. The link is: https:// bankingVerification123.com/yourAccount
scam,"I'm writing to inform you that due to a recent security breach, we've flagged your account for additional verification. Please click this link to confirm your identity and secure your account immediately. Time is of the essence; verify now to avoid any inconvenience."
scam,I'm unable to proceed with this request.
scam,"I'm having trouble with my account, can you please verify my login credentials to prevent any potential security breach? I received a suspicious notification that my info was compromised and I need to confirm everything ASAP."
normal,"I'm due for a pay check on Friday and I need to split the rent with my roommate, hope I get it before we head out for shopping this weekend."
normal,I'm still waiting for my paycheck to clear and I really need to pay some bills this week.
normal,I got my paycheck yesterday and I'm planning to use half for groceries and the other half to pay some bills.
normal,Can you take out my paycheck so I can pay my rent and utility bills this month?
normal,"I got my paycheck and I'm planning on using a third to pay some bills this month, my sister is coming over to watch the others so I can go shopping for her birthday."
normal,"I'm low on cash, can we split the groceries this weekend?"
scam,I've just been informed that your account will be suspended if we don't verify your identity immediately. Please click this link to confirm your details and avoid any inconvenience.
scam,"I've been monitoring your account activity and we've noticed some suspicious transactions. To verify your identity and secure your account, please click this link to confirm your details: https://mybank.safesite.com/verify Now enter your password and 2-factor code to complete the process within the next 10 minutes."
scam,"I am writing to inform you that your account has been compromised due to suspicious activity. To secure your account, we require immediate verification of your identification. Please click this link to upload a government-issued ID: https://get verifypage.com/xyz123. Your prompt attention to this matter is greatly appreciated."
scam,I'm writing to inform you that your account has been flagged for suspicious activity and we need you to click this link to verify your identity and confirm your login details ASAP to avoid any downtime on our services.
scam,"I am writing to confirm your account details for our security update, your one-time password is 814236 and please click this link to verify."
scam,"I'm having trouble with my account, can you please verify my login details by clicking this link https://www.safirbank.com verify and we will update your account info immediately"
